[DEBUG]: connect_tcp.started host='huggingface.co' port=443 local_address=None timeout=10 socket_options=None
[DEBUG]: connect_tcp.complete return_value=<httpcore._backends.sync.SyncStream object at 0x7f918668f210>
[DEBUG]: start_tls.started ssl_context=<ssl.SSLContext object at 0x7f9185dcd130> server_hostname='huggingface.co' timeout=10
[DEBUG]: start_tls.complete return_value=<httpcore._backends.sync.SyncStream object at 0x7f9187eadd90>
[DEBUG]: send_request_headers.started request=<Request [b'HEAD']>
[DEBUG]: send_request_headers.complete
[DEBUG]: send_request_body.started request=<Request [b'HEAD']>
[DEBUG]: send_request_body.complete
[DEBUG]: receive_response_headers.started request=<Request [b'HEAD']>
[DEBUG]: receive_response_headers.complete return_value=(b'HTTP/1.1', 307, b'Temporary Redirect', [(b'Content-Type', b'text/plain; charset=utf-8'), (b'Content-Length', b'234'), (b'Connection', b'keep-alive'), (b'Date', b'Sun, 26 Apr 2026 09:18:36 GMT'), (b'Location', b'/api/resolve-cache/models/Qwen/Qwen3-1.7B/70d244cc86ccca08cf5af4e1e306ecf908b1ad5e/config.json?%2FQwen%2FQwen3-1.7B%2Fresolve%2Fmain%2Fconfig.json=&etag=%22044a86ecf7cb32238f3fae4184e55d354787edec%22'), (b'X-Powered-By', b'huggingface-moon'), (b'X-Request-Id', b'Root=1-69edd86c-322651de48fab9412c336bab;c7b14bdb-8d30-4b4b-bbb0-de0510a2bac6'), (b'RateLimit', b'"resolvers";r=4999;t=268'), (b'RateLimit-Policy', b'"fixed window";"resolvers";q=5000;w=300'), (b'cross-origin-opener-policy', b'same-origin'), (b'Referrer-Policy', b'strict-origin-when-cross-origin'), (b'Access-Control-Max-Age', b'86400'), (b'Access-Control-Allow-Origin', b'https://huggingface.co'), (b'Vary', b'Origin, Accept'), (b'Access-Control-Expose-Headers', b'X-Repo-Commit,X-Request-Id,X-Error-Code,X-Error-Message,X-Total-Count,ETag,Link,Accept-Ranges,Content-Range,X-Linked-Size,X-Linked-ETag,X-Xet-Hash'), (b'X-Repo-Commit', b'70d244cc86ccca08cf5af4e1e306ecf908b1ad5e'), (b'Accept-Ranges', b'bytes'), (b'X-Hub-Cache', b'HIT'), (b'Content-Disposition', b'inline; filename*=UTF-8\'\'config.json; filename="config.json";'), (b'Content-Security-Policy', b"default-src 'none'; sandbox"), (b'X-Linked-ETag', b'"044a86ecf7cb32238f3fae4184e55d354787edec"'), (b'X-Cache', b'Miss from cloudfront'), (b'Via', b'1.1 a9827211f5accfa203d9dee17dcafb30.cloudfront.net (CloudFront)'), (b'X-Amz-Cf-Pop', b'HEL51-P2'), (b'X-Amz-Cf-Id', b'VscD9d0WMkTxTSlPVSZ-HXIcqoiPcTBXM9aNGOfsLUhl-Tq1VhpZ4g==')])
[INFO]: HTTP Request: HEAD https://huggingface.co/Qwen/Qwen3-1.7B/resolve/main/config.json "HTTP/1.1 307 Temporary Redirect"
[DEBUG]: receive_response_body.started request=<Request [b'HEAD']>
[DEBUG]: receive_response_body.complete
[DEBUG]: response_closed.started
[DEBUG]: response_closed.complete
[DEBUG]: send_request_headers.started request=<Request [b'HEAD']>
[DEBUG]: send_request_headers.complete
[DEBUG]: send_request_body.started request=<Request [b'HEAD']>
[DEBUG]: send_request_body.complete
[DEBUG]: receive_response_headers.started request=<Request [b'HEAD']>
[DEBUG]: receive_response_headers.complete return_value=(b'HTTP/1.1', 200, b'OK', [(b'Content-Type', b'text/plain; charset=utf-8'), (b'Content-Length', b'726'), (b'Connection', b'keep-alive'), (b'Date', b'Mon, 13 Apr 2026 14:24:32 GMT'), (b'ETag', b'"044a86ecf7cb32238f3fae4184e55d354787edec"'), (b'X-Powered-By', b'huggingface-moon'), (b'X-Request-Id', b'Root=1-69dcfca0-555de37d3367b4e17a873a3d;8e7c7784-ca3b-4da2-a191-36855ec7a058'), (b'RateLimit', b'"resolvers";r=4995;t=212'), (b'RateLimit-Policy', b'"fixed window";"resolvers";q=5000;w=300'), (b'cross-origin-opener-policy', b'same-origin'), (b'Referrer-Policy', b'strict-origin-when-cross-origin'), (b'Access-Control-Max-Age', b'86400'), (b'Access-Control-Allow-Origin', b'https://huggingface.co'), (b'Access-Control-Expose-Headers', b'X-Repo-Commit,X-Request-Id,X-Error-Code,X-Error-Message,X-Total-Count,ETag,Link,Accept-Ranges,Content-Range,X-Linked-Size,X-Linked-ETag,X-Xet-Hash'), (b'X-Repo-Commit', b'70d244cc86ccca08cf5af4e1e306ecf908b1ad5e'), (b'Accept-Ranges', b'bytes'), (b'X-Hub-Cache', b'MISS'), (b'Content-Disposition', b'inline; filename*=UTF-8\'\'config.json; filename="config.json";'), (b'Content-Security-Policy', b"default-src 'none'; sandbox"), (b'Vary', b'Origin'), (b'X-Cache', b'Hit from cloudfront'), (b'Via', b'1.1 a9827211f5accfa203d9dee17dcafb30.cloudfront.net (CloudFront)'), (b'X-Amz-Cf-Pop', b'HEL51-P2'), (b'X-Amz-Cf-Id', b'kfka12NNybYox4rJJx-m1gsJIZU9LBvqMYJFExtN5D4ordD2VYvYIw=='), (b'Age', b'1104844')])
[INFO]: HTTP Request: HEAD https://huggingface.co/api/resolve-cache/models/Qwen/Qwen3-1.7B/70d244cc86ccca08cf5af4e1e306ecf908b1ad5e/config.json "HTTP/1.1 200 OK"
[DEBUG]: receive_response_body.started request=<Request [b'HEAD']>
[DEBUG]: receive_response_body.complete
[DEBUG]: response_closed.started
[DEBUG]: response_closed.complete
[DEBUG]: send_request_headers.started request=<Request [b'HEAD']>
[DEBUG]: send_request_headers.complete
[DEBUG]: send_request_body.started request=<Request [b'HEAD']>
[DEBUG]: send_request_body.complete
[DEBUG]: receive_response_headers.started request=<Request [b'HEAD']>
[DEBUG]: receive_response_headers.complete return_value=(b'HTTP/1.1', 307, b'Temporary Redirect', [(b'Content-Type', b'text/plain; charset=utf-8'), (b'Content-Length', b'254'), (b'Connection', b'keep-alive'), (b'Date', b'Sun, 26 Apr 2026 09:18:36 GMT'), (b'Location', b'/api/resolve-cache/models/Qwen/Qwen3-1.7B/70d244cc86ccca08cf5af4e1e306ecf908b1ad5e/tokenizer_config.json?%2FQwen%2FQwen3-1.7B%2Fresolve%2Fmain%2Ftokenizer_config.json=&etag=%22417d038a63fa3de29cfde265caedae14d1a58d92%22'), (b'X-Powered-By', b'huggingface-moon'), (b'X-Request-Id', b'Root=1-69edd86c-69d35cfe2cccb9df24589cab;4c4b242e-b19c-43dd-967e-cf68e2b74f79'), (b'RateLimit', b'"resolvers";r=4998;t=268'), (b'RateLimit-Policy', b'"fixed window";"resolvers";q=5000;w=300'), (b'cross-origin-opener-policy', b'same-origin'), (b'Referrer-Policy', b'strict-origin-when-cross-origin'), (b'Access-Control-Max-Age', b'86400'), (b'Access-Control-Allow-Origin', b'https://huggingface.co'), (b'Vary', b'Origin, Accept'), (b'Access-Control-Expose-Headers', b'X-Repo-Commit,X-Request-Id,X-Error-Code,X-Error-Message,X-Total-Count,ETag,Link,Accept-Ranges,Content-Range,X-Linked-Size,X-Linked-ETag,X-Xet-Hash'), (b'X-Repo-Commit', b'70d244cc86ccca08cf5af4e1e306ecf908b1ad5e'), (b'Accept-Ranges', b'bytes'), (b'X-Hub-Cache', b'HIT'), (b'Content-Disposition', b'inline; filename*=UTF-8\'\'tokenizer_config.json; filename="tokenizer_config.json";'), (b'Content-Security-Policy', b"default-src 'none'; sandbox"), (b'X-Linked-ETag', b'"417d038a63fa3de29cfde265caedae14d1a58d92"'), (b'X-Cache', b'Miss from cloudfront'), (b'Via', b'1.1 a9827211f5accfa203d9dee17dcafb30.cloudfront.net (CloudFront)'), (b'X-Amz-Cf-Pop', b'HEL51-P2'), (b'X-Amz-Cf-Id', b'q5ntgbV3iwVwJbWy6ajhGIjl1sQkqxSVAqrg4thicxLxHX8Mdwl7jQ==')])
[INFO]: HTTP Request: HEAD https://huggingface.co/Qwen/Qwen3-1.7B/resolve/main/tokenizer_config.json "HTTP/1.1 307 Temporary Redirect"
[DEBUG]: receive_response_body.started request=<Request [b'HEAD']>
[DEBUG]: receive_response_body.complete
[DEBUG]: response_closed.started
[DEBUG]: response_closed.complete
[DEBUG]: send_request_headers.started request=<Request [b'HEAD']>
[DEBUG]: send_request_headers.complete
[DEBUG]: send_request_body.started request=<Request [b'HEAD']>
[DEBUG]: send_request_body.complete
[DEBUG]: receive_response_headers.started request=<Request [b'HEAD']>
[DEBUG]: receive_response_headers.complete return_value=(b'HTTP/1.1', 200, b'OK', [(b'Content-Type', b'text/plain; charset=utf-8'), (b'Content-Length', b'9732'), (b'Connection', b'keep-alive'), (b'Date', b'Mon, 13 Apr 2026 14:24:33 GMT'), (b'ETag', b'"417d038a63fa3de29cfde265caedae14d1a58d92"'), (b'X-Powered-By', b'huggingface-moon'), (b'X-Request-Id', b'Root=1-69dcfca1-6b5305186ff066c53fda611f;cf1078a4-71ce-4380-b71c-7b4818273fcc'), (b'RateLimit', b'"resolvers";r=4993;t=211'), (b'RateLimit-Policy', b'"fixed window";"resolvers";q=5000;w=300'), (b'cross-origin-opener-policy', b'same-origin'), (b'Referrer-Policy', b'strict-origin-when-cross-origin'), (b'Access-Control-Max-Age', b'86400'), (b'Access-Control-Allow-Origin', b'https://huggingface.co'), (b'Access-Control-Expose-Headers', b'X-Repo-Commit,X-Request-Id,X-Error-Code,X-Error-Message,X-Total-Count,ETag,Link,Accept-Ranges,Content-Range,X-Linked-Size,X-Linked-ETag,X-Xet-Hash'), (b'X-Repo-Commit', b'70d244cc86ccca08cf5af4e1e306ecf908b1ad5e'), (b'Accept-Ranges', b'bytes'), (b'X-Hub-Cache', b'HIT'), (b'Content-Disposition', b'inline; filename*=UTF-8\'\'tokenizer_config.json; filename="tokenizer_config.json";'), (b'Content-Security-Policy', b"default-src 'none'; sandbox"), (b'Vary', b'Origin'), (b'X-Cache', b'Hit from cloudfront'), (b'Via', b'1.1 a9827211f5accfa203d9dee17dcafb30.cloudfront.net (CloudFront)'), (b'X-Amz-Cf-Pop', b'HEL51-P2'), (b'X-Amz-Cf-Id', b'QT3QqoEwNaSF612ILkexfn5qtogrPlKTbVLKNQoCUFdr-wSfRnviFA=='), (b'Age', b'1104843')])
[INFO]: HTTP Request: HEAD https://huggingface.co/api/resolve-cache/models/Qwen/Qwen3-1.7B/70d244cc86ccca08cf5af4e1e306ecf908b1ad5e/tokenizer_config.json "HTTP/1.1 200 OK"
[DEBUG]: receive_response_body.started request=<Request [b'HEAD']>
[DEBUG]: receive_response_body.complete
[DEBUG]: response_closed.started
[DEBUG]: response_closed.complete
[DEBUG]: send_request_headers.started request=<Request [b'GET']>
[DEBUG]: send_request_headers.complete
[DEBUG]: send_request_body.started request=<Request [b'GET']>
[DEBUG]: send_request_body.complete
[DEBUG]: receive_response_headers.started request=<Request [b'GET']>
[DEBUG]: receive_response_headers.complete return_value=(b'HTTP/1.1', 404, b'Not Found', [(b'Content-Type', b'application/json; charset=utf-8'), (b'Content-Length', b'64'), (b'Connection', b'keep-alive'), (b'Date', b'Sun, 26 Apr 2026 09:18:36 GMT'), (b'ETag', b'W/"40-09f9IAqP13xarAhQxFS2W8rvRkM"'), (b'X-Powered-By', b'huggingface-moon'), (b'X-Request-Id', b'Root=1-69edd86c-05b4ee3376f5189d348b1b62;30136693-2b3e-49e1-ada2-bfe4af5e041d'), (b'RateLimit', b'"api";r=999;t=268'), (b'RateLimit-Policy', b'"fixed window";"api";q=1000;w=300'), (b'cross-origin-opener-policy', b'same-origin'), (b'Referrer-Policy', b'strict-origin-when-cross-origin'), (b'Access-Control-Max-Age', b'86400'), (b'Access-Control-Allow-Origin', b'https://huggingface.co'), (b'Vary', b'Origin'), (b'Access-Control-Expose-Headers', b'X-Repo-Commit,X-Request-Id,X-Error-Code,X-Error-Message,X-Total-Count,ETag,Link,Accept-Ranges,Content-Range,X-Linked-Size,X-Linked-ETag,X-Xet-Hash'), (b'X-Error-Code', b'EntryNotFound'), (b'X-Error-Message', b'additional_chat_templates does not exist on "main"'), (b'X-Cache', b'Error from cloudfront'), (b'Via', b'1.1 a9827211f5accfa203d9dee17dcafb30.cloudfront.net (CloudFront)'), (b'X-Amz-Cf-Pop', b'HEL51-P2'), (b'X-Amz-Cf-Id', b'31i0sg5ZwnF3i2KmoebUrxx1NIxFaxugi4vWb5W8oOeMSmTVfelZ3Q==')])
[INFO]: HTTP Request: GET https://huggingface.co/api/models/Qwen/Qwen3-1.7B/tree/main/additional_chat_templates?recursive=false&expand=false "HTTP/1.1 404 Not Found"
[DEBUG]: receive_response_body.started request=<Request [b'GET']>
[DEBUG]: receive_response_body.complete
[DEBUG]: response_closed.started
[DEBUG]: response_closed.complete
[DEBUG]: send_request_headers.started request=<Request [b'GET']>
[DEBUG]: send_request_headers.complete
[DEBUG]: send_request_body.started request=<Request [b'GET']>
[DEBUG]: send_request_body.complete
[DEBUG]: receive_response_headers.started request=<Request [b'GET']>
[DEBUG]: receive_response_headers.complete return_value=(b'HTTP/1.1', 200, b'OK', [(b'Content-Type', b'application/json; charset=utf-8'), (b'Transfer-Encoding', b'chunked'), (b'Connection', b'keep-alive'), (b'Date', b'Sun, 26 Apr 2026 09:18:37 GMT'), (b'content-encoding', b'gzip'), (b'ETag', b'W/"740-8hHksm514sYdvtahQYcEwQNthEM"'), (b'X-Powered-By', b'huggingface-moon'), (b'X-Request-Id', b'Root=1-69edd86d-6f359d954da7c3ff37097225;386b6f10-eb02-4d8c-b7c1-95c190a361f0'), (b'RateLimit', b'"api";r=998;t=267'), (b'RateLimit-Policy', b'"fixed window";"api";q=1000;w=300'), (b'cross-origin-opener-policy', b'same-origin'), (b'Referrer-Policy', b'strict-origin-when-cross-origin'), (b'Access-Control-Max-Age', b'86400'), (b'Access-Control-Allow-Origin', b'https://huggingface.co'), (b'Vary', b'Origin'), (b'vary', b'Accept-Encoding'), (b'Access-Control-Expose-Headers', b'X-Repo-Commit,X-Request-Id,X-Error-Code,X-Error-Message,X-Total-Count,ETag,Link,Accept-Ranges,Content-Range,X-Linked-Size,X-Linked-ETag,X-Xet-Hash'), (b'X-Cache', b'Miss from cloudfront'), (b'Via', b'1.1 a9827211f5accfa203d9dee17dcafb30.cloudfront.net (CloudFront)'), (b'X-Amz-Cf-Pop', b'HEL51-P2'), (b'X-Amz-Cf-Id', b'B77-NUeTpHFSA1NyYDSRAi1qsPlhHvBB9Q5D2ewS9C4tKBTCpOdDEQ==')])
[INFO]: HTTP Request: GET https://huggingface.co/api/models/Qwen/Qwen3-1.7B/tree/main?recursive=true&expand=false "HTTP/1.1 200 OK"
[DEBUG]: receive_response_body.started request=<Request [b'GET']>
[DEBUG]: receive_response_body.complete
[DEBUG]: response_closed.started
[DEBUG]: response_closed.complete
[DEBUG]: send_request_headers.started request=<Request [b'GET']>
[DEBUG]: send_request_headers.complete
[DEBUG]: send_request_body.started request=<Request [b'GET']>
[DEBUG]: send_request_body.complete
[DEBUG]: receive_response_headers.started request=<Request [b'GET']>
[DEBUG]: receive_response_headers.complete return_value=(b'HTTP/1.1', 200, b'OK', [(b'Content-Type', b'application/json; charset=utf-8'), (b'Transfer-Encoding', b'chunked'), (b'Connection', b'keep-alive'), (b'Date', b'Sun, 26 Apr 2026 09:18:38 GMT'), (b'content-encoding', b'gzip'), (b'ETag', b'W/"22fb-HI11CGpz9WGnbz1giW5jkOVZ4e4"'), (b'X-Powered-By', b'huggingface-moon'), (b'X-Request-Id', b'Root=1-69edd86e-16acfab402cc841b20778c8a;79393d5d-6f06-4035-a004-967cdaf904f1'), (b'RateLimit', b'"api";r=997;t=266'), (b'RateLimit-Policy', b'"fixed window";"api";q=1000;w=300'), (b'cross-origin-opener-policy', b'same-origin'), (b'Referrer-Policy', b'strict-origin-when-cross-origin'), (b'Access-Control-Max-Age', b'86400'), (b'Access-Control-Allow-Origin', b'https://huggingface.co'), (b'Vary', b'Origin'), (b'vary', b'Accept-Encoding'), (b'Access-Control-Expose-Headers', b'X-Repo-Commit,X-Request-Id,X-Error-Code,X-Error-Message,X-Total-Count,ETag,Link,Accept-Ranges,Content-Range,X-Linked-Size,X-Linked-ETag,X-Xet-Hash'), (b'X-Cache', b'Miss from cloudfront'), (b'Via', b'1.1 a9827211f5accfa203d9dee17dcafb30.cloudfront.net (CloudFront)'), (b'X-Amz-Cf-Pop', b'HEL51-P2'), (b'X-Amz-Cf-Id', b'TH1ILOIy5fDLJ5J3edz1LtOl_f6DzqdbzA9OOu_NIflPRds1xc120w==')])
[INFO]: HTTP Request: GET https://huggingface.co/api/models/Qwen/Qwen3-1.7B "HTTP/1.1 200 OK"
[DEBUG]: receive_response_body.started request=<Request [b'GET']>
[DEBUG]: receive_response_body.complete
[DEBUG]: response_closed.started
[DEBUG]: response_closed.complete
[DEBUG]: send_request_headers.started request=<Request [b'HEAD']>
[DEBUG]: send_request_headers.complete
[DEBUG]: send_request_body.started request=<Request [b'HEAD']>
[DEBUG]: send_request_body.complete
[DEBUG]: receive_response_headers.started request=<Request [b'HEAD']>
[DEBUG]: receive_response_headers.complete return_value=(b'HTTP/1.1', 307, b'Temporary Redirect', [(b'Content-Type', b'text/plain; charset=utf-8'), (b'Content-Length', b'234'), (b'Connection', b'keep-alive'), (b'Date', b'Sun, 26 Apr 2026 09:18:38 GMT'), (b'Location', b'/api/resolve-cache/models/Qwen/Qwen3-1.7B/70d244cc86ccca08cf5af4e1e306ecf908b1ad5e/config.json?%2FQwen%2FQwen3-1.7B%2Fresolve%2Fmain%2Fconfig.json=&etag=%22044a86ecf7cb32238f3fae4184e55d354787edec%22'), (b'X-Powered-By', b'huggingface-moon'), (b'X-Request-Id', b'Root=1-69edd86e-5542db945be2491824339d11;0be18af8-3def-4e9a-9fc3-d92c5cd6d357'), (b'RateLimit', b'"resolvers";r=4997;t=266'), (b'RateLimit-Policy', b'"fixed window";"resolvers";q=5000;w=300'), (b'cross-origin-opener-policy', b'same-origin'), (b'Referrer-Policy', b'strict-origin-when-cross-origin'), (b'Access-Control-Max-Age', b'86400'), (b'Access-Control-Allow-Origin', b'https://huggingface.co'), (b'Vary', b'Origin, Accept'), (b'Access-Control-Expose-Headers', b'X-Repo-Commit,X-Request-Id,X-Error-Code,X-Error-Message,X-Total-Count,ETag,Link,Accept-Ranges,Content-Range,X-Linked-Size,X-Linked-ETag,X-Xet-Hash'), (b'X-Repo-Commit', b'70d244cc86ccca08cf5af4e1e306ecf908b1ad5e'), (b'Accept-Ranges', b'bytes'), (b'X-Hub-Cache', b'HIT'), (b'Content-Disposition', b'inline; filename*=UTF-8\'\'config.json; filename="config.json";'), (b'Content-Security-Policy', b"default-src 'none'; sandbox"), (b'X-Linked-ETag', b'"044a86ecf7cb32238f3fae4184e55d354787edec"'), (b'X-Cache', b'Miss from cloudfront'), (b'Via', b'1.1 a9827211f5accfa203d9dee17dcafb30.cloudfront.net (CloudFront)'), (b'X-Amz-Cf-Pop', b'HEL51-P2'), (b'X-Amz-Cf-Id', b'd7umGQ4aPTVY6EYllKnu_a-r94XFLZF5AePFjuVlfTZ-0BGEVxQPZQ==')])
[INFO]: HTTP Request: HEAD https://huggingface.co/Qwen/Qwen3-1.7B/resolve/main/config.json "HTTP/1.1 307 Temporary Redirect"
[DEBUG]: receive_response_body.started request=<Request [b'HEAD']>
[DEBUG]: receive_response_body.complete
[DEBUG]: response_closed.started
[DEBUG]: response_closed.complete
[DEBUG]: send_request_headers.started request=<Request [b'HEAD']>
[DEBUG]: send_request_headers.complete
[DEBUG]: send_request_body.started request=<Request [b'HEAD']>
[DEBUG]: send_request_body.complete
[DEBUG]: receive_response_headers.started request=<Request [b'HEAD']>
[DEBUG]: receive_response_headers.complete return_value=(b'HTTP/1.1', 200, b'OK', [(b'Content-Type', b'text/plain; charset=utf-8'), (b'Content-Length', b'726'), (b'Connection', b'keep-alive'), (b'Date', b'Mon, 13 Apr 2026 14:24:32 GMT'), (b'ETag', b'"044a86ecf7cb32238f3fae4184e55d354787edec"'), (b'X-Powered-By', b'huggingface-moon'), (b'X-Request-Id', b'Root=1-69dcfca0-555de37d3367b4e17a873a3d;8e7c7784-ca3b-4da2-a191-36855ec7a058'), (b'RateLimit', b'"resolvers";r=4995;t=212'), (b'RateLimit-Policy', b'"fixed window";"resolvers";q=5000;w=300'), (b'cross-origin-opener-policy', b'same-origin'), (b'Referrer-Policy', b'strict-origin-when-cross-origin'), (b'Access-Control-Max-Age', b'86400'), (b'Access-Control-Allow-Origin', b'https://huggingface.co'), (b'Access-Control-Expose-Headers', b'X-Repo-Commit,X-Request-Id,X-Error-Code,X-Error-Message,X-Total-Count,ETag,Link,Accept-Ranges,Content-Range,X-Linked-Size,X-Linked-ETag,X-Xet-Hash'), (b'X-Repo-Commit', b'70d244cc86ccca08cf5af4e1e306ecf908b1ad5e'), (b'Accept-Ranges', b'bytes'), (b'X-Hub-Cache', b'MISS'), (b'Content-Disposition', b'inline; filename*=UTF-8\'\'config.json; filename="config.json";'), (b'Content-Security-Policy', b"default-src 'none'; sandbox"), (b'Vary', b'Origin'), (b'X-Cache', b'Hit from cloudfront'), (b'Via', b'1.1 a9827211f5accfa203d9dee17dcafb30.cloudfront.net (CloudFront)'), (b'X-Amz-Cf-Pop', b'HEL51-P2'), (b'X-Amz-Cf-Id', b'QgsFomjPFVViMH0H4Ku_8uGPzVcVHTyTuFTiPJyJqJBcsNEkYkwMFQ=='), (b'Age', b'1104846')])
[INFO]: HTTP Request: HEAD https://huggingface.co/api/resolve-cache/models/Qwen/Qwen3-1.7B/70d244cc86ccca08cf5af4e1e306ecf908b1ad5e/config.json "HTTP/1.1 200 OK"
[DEBUG]: receive_response_body.started request=<Request [b'HEAD']>
[DEBUG]: receive_response_body.complete
[DEBUG]: response_closed.started
[DEBUG]: response_closed.complete
Loading weights:   0%|          | 0/311 [00:00<?, ?it/s]Loading weights: 100%|██████████| 311/311 [00:00<00:00, 8103.40it/s]
The tied weights mapping and config for this model specifies to tie model.embed_tokens.weight to lm_head.weight, but both are present in the checkpoints, so we will NOT tie them. You should update the config with `tie_word_embeddings=False` to silence this warning
[DEBUG]: send_request_headers.started request=<Request [b'HEAD']>
[DEBUG]: send_request_headers.complete
[DEBUG]: send_request_body.started request=<Request [b'HEAD']>
[DEBUG]: send_request_body.complete
[DEBUG]: receive_response_headers.started request=<Request [b'HEAD']>
[DEBUG]: receive_response_headers.complete return_value=(b'HTTP/1.1', 307, b'Temporary Redirect', [(b'Content-Type', b'text/plain; charset=utf-8'), (b'Content-Length', b'256'), (b'Connection', b'keep-alive'), (b'Date', b'Sun, 26 Apr 2026 09:18:38 GMT'), (b'Location', b'/api/resolve-cache/models/Qwen/Qwen3-1.7B/70d244cc86ccca08cf5af4e1e306ecf908b1ad5e/generation_config.json?%2FQwen%2FQwen3-1.7B%2Fresolve%2Fmain%2Fgeneration_config.json=&etag=%2220a8a9156fc8c3f25295ca067f61fdf120d517c5%22'), (b'X-Powered-By', b'huggingface-moon'), (b'X-Request-Id', b'Root=1-69edd86e-7ced13193c2636ba1e5dc4d1;3c907d99-5249-4c76-842e-8b2131781fa0'), (b'RateLimit', b'"resolvers";r=4996;t=266'), (b'RateLimit-Policy', b'"fixed window";"resolvers";q=5000;w=300'), (b'cross-origin-opener-policy', b'same-origin'), (b'Referrer-Policy', b'strict-origin-when-cross-origin'), (b'Access-Control-Max-Age', b'86400'), (b'Access-Control-Allow-Origin', b'https://huggingface.co'), (b'Vary', b'Origin, Accept'), (b'Access-Control-Expose-Headers', b'X-Repo-Commit,X-Request-Id,X-Error-Code,X-Error-Message,X-Total-Count,ETag,Link,Accept-Ranges,Content-Range,X-Linked-Size,X-Linked-ETag,X-Xet-Hash'), (b'X-Repo-Commit', b'70d244cc86ccca08cf5af4e1e306ecf908b1ad5e'), (b'Accept-Ranges', b'bytes'), (b'X-Hub-Cache', b'HIT'), (b'Content-Disposition', b'inline; filename*=UTF-8\'\'generation_config.json; filename="generation_config.json";'), (b'Content-Security-Policy', b"default-src 'none'; sandbox"), (b'X-Linked-ETag', b'"20a8a9156fc8c3f25295ca067f61fdf120d517c5"'), (b'X-Cache', b'Miss from cloudfront'), (b'Via', b'1.1 a9827211f5accfa203d9dee17dcafb30.cloudfront.net (CloudFront)'), (b'X-Amz-Cf-Pop', b'HEL51-P2'), (b'X-Amz-Cf-Id', b'0uFgcLD7l6R8oczK_RHs56L2YiSPeOEfP8rgvsdZO6ayAGP8CGT9zA==')])
[INFO]: HTTP Request: HEAD https://huggingface.co/Qwen/Qwen3-1.7B/resolve/main/generation_config.json "HTTP/1.1 307 Temporary Redirect"
[DEBUG]: receive_response_body.started request=<Request [b'HEAD']>
[DEBUG]: receive_response_body.complete
[DEBUG]: response_closed.started
[DEBUG]: response_closed.complete
[DEBUG]: send_request_headers.started request=<Request [b'HEAD']>
[DEBUG]: send_request_headers.complete
[DEBUG]: send_request_body.started request=<Request [b'HEAD']>
[DEBUG]: send_request_body.complete
[DEBUG]: receive_response_headers.started request=<Request [b'HEAD']>
[DEBUG]: receive_response_headers.complete return_value=(b'HTTP/1.1', 200, b'OK', [(b'Content-Type', b'text/plain; charset=utf-8'), (b'Content-Length', b'239'), (b'Connection', b'keep-alive'), (b'Date', b'Tue, 14 Apr 2026 08:07:40 GMT'), (b'ETag', b'"20a8a9156fc8c3f25295ca067f61fdf120d517c5"'), (b'X-Powered-By', b'huggingface-moon'), (b'X-Request-Id', b'Root=1-69ddf5cc-3d0ed87b632f5b6642028d53;ea64f08d-9f15-4ebe-aaa7-3e582d7eee16'), (b'RateLimit', b'"resolvers";r=4995;t=24'), (b'RateLimit-Policy', b'"fixed window";"resolvers";q=5000;w=300'), (b'cross-origin-opener-policy', b'same-origin'), (b'Referrer-Policy', b'strict-origin-when-cross-origin'), (b'Access-Control-Max-Age', b'86400'), (b'Access-Control-Allow-Origin', b'https://huggingface.co'), (b'Access-Control-Expose-Headers', b'X-Repo-Commit,X-Request-Id,X-Error-Code,X-Error-Message,X-Total-Count,ETag,Link,Accept-Ranges,Content-Range,X-Linked-Size,X-Linked-ETag,X-Xet-Hash'), (b'X-Repo-Commit', b'70d244cc86ccca08cf5af4e1e306ecf908b1ad5e'), (b'Accept-Ranges', b'bytes'), (b'X-Hub-Cache', b'MISS'), (b'Content-Disposition', b'inline; filename*=UTF-8\'\'generation_config.json; filename="generation_config.json";'), (b'Content-Security-Policy', b"default-src 'none'; sandbox"), (b'Vary', b'Origin'), (b'X-Cache', b'Hit from cloudfront'), (b'Via', b'1.1 a9827211f5accfa203d9dee17dcafb30.cloudfront.net (CloudFront)'), (b'X-Amz-Cf-Pop', b'HEL51-P2'), (b'X-Amz-Cf-Id', b'vCozN2Is2agIP4fh3fQLbxWltI1wezzkDlFrJgknbF160FVDjwNu6A=='), (b'Age', b'1041057')])
[INFO]: HTTP Request: HEAD https://huggingface.co/api/resolve-cache/models/Qwen/Qwen3-1.7B/70d244cc86ccca08cf5af4e1e306ecf908b1ad5e/generation_config.json "HTTP/1.1 200 OK"
[DEBUG]: receive_response_body.started request=<Request [b'HEAD']>
[DEBUG]: receive_response_body.complete
[DEBUG]: response_closed.started
[DEBUG]: response_closed.complete
[INFO]: start training
[INFO]: TRAIN epoch: 0 loss: 2.2624, grad_norm: 7.194964408874512, lr: 0.001000, time: 0.71s
[INFO]: TRAIN epoch: 0 loss: 1.9546, grad_norm: 2.5229272842407227, lr: 0.001000, time: 0.12s
[INFO]: TRAIN epoch: 0 loss: 1.8290, grad_norm: 1.524917721748352, lr: 0.001000, time: 0.11s
[INFO]: TRAIN epoch: 0 loss: 2.3435, grad_norm: 2.1104519367218018, lr: 0.001000, time: 0.10s
[INFO]: TRAIN epoch: 0 loss: 1.6729, grad_norm: 1.2312774658203125, lr: 0.001000, time: 0.10s
[INFO]: TRAIN epoch: 0 loss: 1.8826, grad_norm: 1.151389241218567, lr: 0.001000, time: 0.10s
[INFO]: TRAIN epoch: 0 loss: 1.8461, grad_norm: 0.8704379796981812, lr: 0.001000, time: 0.10s
[INFO]: TRAIN epoch: 0 loss: 1.5067, grad_norm: 0.8695696592330933, lr: 0.001000, time: 0.10s
[INFO]: TRAIN epoch: 0 loss: 1.6949, grad_norm: 1.2226777076721191, lr: 0.001000, time: 0.10s
[INFO]: TRAIN epoch: 0 loss: 1.6896, grad_norm: 0.8733922839164734, lr: 0.001000, time: 0.10s
[INFO]: TRAIN epoch: 0 loss: 1.5097, grad_norm: 1.1127445697784424, lr: 0.001000, time: 0.10s
[INFO]: TRAIN epoch: 0 loss: 1.6549, grad_norm: 1.1403661966323853, lr: 0.001000, time: 0.10s
[INFO]: TRAIN epoch: 0 loss: 1.6602, grad_norm: 0.8497431874275208, lr: 0.001000, time: 0.10s
[INFO]: TRAIN epoch: 0 loss: 1.5604, grad_norm: 1.1692335605621338, lr: 0.001000, time: 0.10s
[INFO]: TRAIN epoch: 0 loss: 1.5483, grad_norm: 1.5745036602020264, lr: 0.001000, time: 0.10s
[INFO]: TRAIN epoch: 0 loss: 1.6354, grad_norm: 0.8056147694587708, lr: 0.001000, time: 0.10s
[INFO]: TRAIN epoch: 0 loss: 1.5143, grad_norm: 1.2551767826080322, lr: 0.001000, time: 0.10s
[INFO]: TRAIN epoch: 0 loss: 2.0930, grad_norm: 1.217012643814087, lr: 0.001000, time: 0.10s
[INFO]: TRAIN epoch: 0 loss: 1.3171, grad_norm: 0.6277099847793579, lr: 0.001000, time: 0.10s
[INFO]: TRAIN epoch: 0 loss: 1.5194, grad_norm: 0.8643205761909485, lr: 0.001000, time: 0.10s
[INFO]: TRAIN epoch: 0 loss: 1.7269, grad_norm: 0.7852727174758911, lr: 0.001000, time: 0.11s
[INFO]: TRAIN epoch: 0 loss: 1.5800, grad_norm: 0.7336686849594116, lr: 0.001000, time: 0.10s
[INFO]: TRAIN epoch: 0 loss: 1.3627, grad_norm: 0.8308719992637634, lr: 0.001000, time: 0.10s
[INFO]: TRAIN epoch: 0 loss: 1.5635, grad_norm: 1.0348867177963257, lr: 0.001000, time: 0.10s
[INFO]: TRAIN epoch: 0 loss: 1.4559, grad_norm: 0.8917115330696106, lr: 0.001000, time: 0.10s
[INFO]: TRAIN epoch: 0 loss: 1.5306, grad_norm: 1.0189934968948364, lr: 0.001000, time: 0.10s
[INFO]: TRAIN epoch: 0 loss: 1.6641, grad_norm: 1.5554406642913818, lr: 0.001000, time: 0.10s
[INFO]: TRAIN epoch: 0 loss: 1.4700, grad_norm: 1.145988941192627, lr: 0.001000, time: 0.10s
[INFO]: TRAIN epoch: 0 loss: 1.3899, grad_norm: 1.2112432718276978, lr: 0.001000, time: 0.11s
[INFO]: TRAIN epoch: 0 loss: 1.6152, grad_norm: 0.907555341720581, lr: 0.001000, time: 0.10s
[INFO]: TRAIN epoch: 0 loss: 1.2476, grad_norm: 0.7238729000091553, lr: 0.001000, time: 0.10s
[INFO]: TRAIN epoch: 0 loss: 1.5753, grad_norm: 2.1090781688690186, lr: 0.001000, time: 0.10s
[INFO]: TRAIN epoch: 0 loss: 1.2108, grad_norm: 0.8563010096549988, lr: 0.001000, time: 0.10s
[INFO]: TRAIN epoch: 0 loss: 1.2579, grad_norm: 1.0080095529556274, lr: 0.001000, time: 0.10s
[INFO]: TRAIN epoch: 0 loss: 1.3334, grad_norm: 1.6744410991668701, lr: 0.001000, time: 0.10s
[INFO]: TRAIN epoch: 0 loss: 1.2844, grad_norm: 2.0213141441345215, lr: 0.001000, time: 0.10s
[INFO]: TRAIN epoch: 0 loss: 1.3005, grad_norm: 0.9574439525604248, lr: 0.001000, time: 0.11s
[INFO]: TRAIN epoch: 0 loss: 1.6723, grad_norm: 2.1108431816101074, lr: 0.001000, time: 0.11s
[INFO]: TRAIN epoch: 0 loss: 1.2680, grad_norm: 0.8840970993041992, lr: 0.001000, time: 0.11s
[INFO]: TRAIN epoch: 0 loss: 1.2858, grad_norm: 1.05635666847229, lr: 0.001000, time: 0.10s
[INFO]: TRAIN epoch: 0 loss: 1.2817, grad_norm: 1.3743369579315186, lr: 0.001000, time: 0.11s
[INFO]: TRAIN epoch: 0 loss: 1.3095, grad_norm: 1.2492189407348633, lr: 0.001000, time: 0.10s
[INFO]: TRAIN epoch: 0 loss: 1.2692, grad_norm: 1.1007493734359741, lr: 0.001000, time: 0.11s
[INFO]: TRAIN epoch: 0 loss: 1.1848, grad_norm: 0.674781322479248, lr: 0.001000, time: 0.10s
[INFO]: TRAIN epoch: 0 loss: 1.0447, grad_norm: 0.9080171585083008, lr: 0.001000, time: 0.10s
[INFO]: TRAIN epoch: 0 loss: 1.1366, grad_norm: 0.9341879487037659, lr: 0.001000, time: 0.10s
[INFO]: TRAIN epoch: 0 loss: 1.1050, grad_norm: 1.1917848587036133, lr: 0.001000, time: 0.11s
[INFO]: TRAIN epoch: 0 loss: 1.1292, grad_norm: 0.7370414733886719, lr: 0.001000, time: 0.10s
[INFO]: TRAIN epoch: 0 loss: 1.0956, grad_norm: 0.7092480063438416, lr: 0.001000, time: 0.11s
[INFO]: TRAIN epoch: 0 loss: 1.2236, grad_norm: 2.6371562480926514, lr: 0.001000, time: 0.10s
[INFO]: TRAIN epoch: 0 loss: 1.0099, grad_norm: 0.8288409113883972, lr: 0.001000, time: 0.11s
[INFO]: TRAIN epoch: 0 loss: 1.1585, grad_norm: 0.9178863763809204, lr: 0.001000, time: 0.10s
[INFO]: TRAIN epoch: 0 loss: 1.0322, grad_norm: 1.115256667137146, lr: 0.001000, time: 0.10s
[INFO]: TRAIN epoch: 0 loss: 1.3217, grad_norm: 1.1848835945129395, lr: 0.001000, time: 0.10s
[INFO]: TRAIN epoch: 0 loss: 1.2191, grad_norm: 2.912180185317993, lr: 0.001000, time: 0.10s
[INFO]: TRAIN epoch: 0 loss: 1.3280, grad_norm: 1.1314619779586792, lr: 0.001000, time: 0.10s
[INFO]: TRAIN epoch: 0 loss: 1.6327, grad_norm: 1.1264173984527588, lr: 0.001000, time: 0.11s
[INFO]: TRAIN epoch: 0 loss: 1.2544, grad_norm: 0.8682944178581238, lr: 0.001000, time: 0.10s
[INFO]: TRAIN epoch: 0 loss: 1.5351, grad_norm: 1.2328896522521973, lr: 0.001000, time: 0.10s
[INFO]: TRAIN epoch: 0 loss: 1.2519, grad_norm: 1.0662508010864258, lr: 0.001000, time: 0.10s
[INFO]: TRAIN epoch: 0 loss: 1.3723, grad_norm: 0.6303259134292603, lr: 0.001000, time: 0.10s
[INFO]: TRAIN epoch: 0 loss: 1.1860, grad_norm: 0.7251264452934265, lr: 0.001000, time: 0.11s
[INFO]: TRAIN epoch: 0 loss: 1.1503, grad_norm: 0.6725398302078247, lr: 0.001000, time: 0.10s
[INFO]: TRAIN epoch: 0 loss: 1.0754, grad_norm: 0.8228618502616882, lr: 0.001000, time: 0.10s
[INFO]: TRAIN epoch: 0 loss: 1.2805, grad_norm: 2.1673743724823, lr: 0.001000, time: 0.11s
[INFO]: TRAIN epoch: 0 loss: 1.2015, grad_norm: 0.9658668637275696, lr: 0.001000, time: 0.10s
[INFO]: TRAIN epoch: 0 loss: 1.0418, grad_norm: 0.7166333198547363, lr: 0.001000, time: 0.10s
[INFO]: TRAIN epoch: 0 loss: 1.0874, grad_norm: 0.771052896976471, lr: 0.001000, time: 0.11s
[INFO]: TRAIN epoch: 0 loss: 1.1059, grad_norm: 1.0692499876022339, lr: 0.001000, time: 0.10s
[INFO]: TRAIN epoch: 0 loss: 1.1792, grad_norm: 0.7536894679069519, lr: 0.001000, time: 0.10s
[INFO]: TRAIN epoch: 0 loss: 1.0013, grad_norm: 0.5704090595245361, lr: 0.001000, time: 0.10s
[INFO]: TRAIN epoch: 0 loss: 1.1032, grad_norm: 0.6827387809753418, lr: 0.001000, time: 0.10s
[INFO]: TRAIN epoch: 0 loss: 0.9987, grad_norm: 0.5177914500236511, lr: 0.001000, time: 0.10s
[INFO]: TRAIN epoch: 0 loss: 1.1136, grad_norm: 0.6100651621818542, lr: 0.001000, time: 0.10s
[INFO]: TRAIN epoch: 0 loss: 1.0663, grad_norm: 0.6284868717193604, lr: 0.001000, time: 0.10s
[INFO]: TRAIN epoch: 0 loss: 1.1049, grad_norm: 1.1451891660690308, lr: 0.001000, time: 0.10s
[INFO]: TRAIN epoch: 0 loss: 1.0483, grad_norm: 1.0892525911331177, lr: 0.001000, time: 0.10s
[INFO]: TRAIN epoch: 0 loss: 0.9428, grad_norm: 0.5830777883529663, lr: 0.001000, time: 0.10s
[INFO]: TRAIN epoch: 0 loss: 1.4831, grad_norm: 1.2312968969345093, lr: 0.001000, time: 0.10s
[INFO]: TRAIN epoch: 0 loss: 1.1145, grad_norm: 0.9835832715034485, lr: 0.001000, time: 0.11s
[INFO]: TRAIN epoch: 0 loss: 0.9869, grad_norm: 0.5015867948532104, lr: 0.001000, time: 0.11s
[INFO]: TRAIN epoch: 0 loss: 1.0388, grad_norm: 0.5592848658561707, lr: 0.001000, time: 0.10s
[INFO]: TRAIN epoch: 0 loss: 0.9783, grad_norm: 0.6684747934341431, lr: 0.001000, time: 0.10s
[INFO]: TRAIN epoch: 0 loss: 0.9812, grad_norm: 0.7763802409172058, lr: 0.001000, time: 0.10s
[INFO]: TRAIN epoch: 0 loss: 1.3151, grad_norm: 1.9487359523773193, lr: 0.001000, time: 0.10s
[INFO]: TRAIN epoch: 0 loss: 1.2724, grad_norm: 0.7674337029457092, lr: 0.001000, time: 0.11s
[INFO]: TRAIN epoch: 0 loss: 0.9481, grad_norm: 0.6975258588790894, lr: 0.001000, time: 0.10s
[INFO]: TRAIN epoch: 0 loss: 1.0803, grad_norm: 0.8548081517219543, lr: 0.001000, time: 0.10s
[INFO]: TRAIN epoch: 0 loss: 0.9964, grad_norm: 0.6621367931365967, lr: 0.001000, time: 0.11s
[INFO]: TRAIN epoch: 0 loss: 1.0087, grad_norm: 0.6060887575149536, lr: 0.001000, time: 0.10s
[INFO]: TRAIN epoch: 0 loss: 1.0033, grad_norm: 0.7089919447898865, lr: 0.001000, time: 0.10s
[INFO]: TRAIN epoch: 0 loss: 1.1944, grad_norm: 0.5556021332740784, lr: 0.001000, time: 0.11s
[INFO]: TRAIN epoch: 0 loss: 1.4730, grad_norm: 0.9166736006736755, lr: 0.001000, time: 0.10s
[INFO]: TRAIN epoch: 0 loss: 1.0962, grad_norm: 0.8966577649116516, lr: 0.001000, time: 0.11s
[INFO]: TRAIN epoch: 0 loss: 1.0975, grad_norm: 0.5910773873329163, lr: 0.001000, time: 0.11s
[INFO]: TRAIN epoch: 0 loss: 0.8839, grad_norm: 0.7853493690490723, lr: 0.001000, time: 0.10s
[INFO]: TRAIN epoch: 0 loss: 0.9474, grad_norm: 0.7597219347953796, lr: 0.001000, time: 0.11s
[INFO]: TRAIN epoch: 0 loss: 0.7976, grad_norm: 0.7504076361656189, lr: 0.001000, time: 0.11s
[INFO]: TRAIN epoch: 0 loss: 0.9099, grad_norm: 0.791043758392334, lr: 0.001000, time: 0.11s
[INFO]: TRAIN epoch: 0 loss: 1.0644, grad_norm: 0.8340844511985779, lr: 0.001000, time: 0.11s
[INFO]: TRAIN epoch: 0 loss: 0.9344, grad_norm: 0.7361510396003723, lr: 0.001000, time: 0.11s
[INFO]: TRAIN epoch: 0 loss: 0.8076, grad_norm: 0.6032572984695435, lr: 0.001000, time: 0.11s
[INFO]: TRAIN epoch: 0 loss: 0.8206, grad_norm: 0.6955676078796387, lr: 0.001000, time: 0.10s
[INFO]: TRAIN epoch: 0 loss: 0.8956, grad_norm: 0.8080227971076965, lr: 0.001000, time: 0.10s
[INFO]: TRAIN epoch: 0 loss: 1.2577, grad_norm: 1.9245679378509521, lr: 0.001000, time: 0.11s
[INFO]: TRAIN epoch: 0 loss: 0.8802, grad_norm: 0.8420562148094177, lr: 0.001000, time: 0.10s
[INFO]: TRAIN epoch: 0 loss: 1.1667, grad_norm: 0.7815830111503601, lr: 0.001000, time: 0.11s
[INFO]: TRAIN epoch: 0 loss: 0.7458, grad_norm: 0.664692759513855, lr: 0.001000, time: 0.10s
[INFO]: TRAIN epoch: 0 loss: 1.1089, grad_norm: 0.76017826795578, lr: 0.001000, time: 0.10s
[INFO]: TRAIN epoch: 0 loss: 0.9727, grad_norm: 0.5594480037689209, lr: 0.001000, time: 0.10s
[INFO]: TRAIN epoch: 0 loss: 0.8394, grad_norm: 0.7344542741775513, lr: 0.001000, time: 0.11s
[INFO]: TRAIN epoch: 0 loss: 0.9896, grad_norm: 0.5244525671005249, lr: 0.001000, time: 0.10s
[INFO]: TRAIN epoch: 0 loss: 0.9843, grad_norm: 0.5542346835136414, lr: 0.001000, time: 0.11s
[INFO]: TRAIN epoch: 0 loss: 0.8201, grad_norm: 0.9088199138641357, lr: 0.001000, time: 0.10s
[INFO]: TRAIN epoch: 0 loss: 0.7083, grad_norm: 0.643203616142273, lr: 0.001000, time: 0.10s
[INFO]: TRAIN epoch: 0 loss: 0.9169, grad_norm: 1.5654540061950684, lr: 0.001000, time: 0.10s
[INFO]: TRAIN epoch: 0 loss: 0.7923, grad_norm: 0.8991851806640625, lr: 0.001000, time: 0.10s
[INFO]: TRAIN epoch: 0 loss: 0.9511, grad_norm: 0.9869288802146912, lr: 0.001000, time: 0.10s
[INFO]: TRAIN epoch: 0 loss: 0.8680, grad_norm: 0.8676027059555054, lr: 0.001000, time: 0.10s
[INFO]: TRAIN epoch: 0 loss: 1.1139, grad_norm: 0.6862912774085999, lr: 0.001000, time: 0.10s
[INFO]: TRAIN epoch: 0 loss: 1.1452, grad_norm: 0.7617154717445374, lr: 0.001000, time: 0.10s
[INFO]: TRAIN epoch: 0 loss: 1.0753, grad_norm: 0.7818281054496765, lr: 0.001000, time: 0.10s
[INFO]: TRAIN epoch: 0 loss: 0.8882, grad_norm: 0.7311563491821289, lr: 0.001000, time: 0.10s
[INFO]: TRAIN epoch: 0 loss: 0.7889, grad_norm: 0.7045662999153137, lr: 0.001000, time: 0.10s
[INFO]: TRAIN epoch: 0 loss: 0.8240, grad_norm: 0.7201219797134399, lr: 0.001000, time: 0.10s
[INFO]: TRAIN epoch: 0 loss: 1.0338, grad_norm: 0.6937438249588013, lr: 0.001000, time: 0.10s
[INFO]: TRAIN epoch: 0 loss: 0.8258, grad_norm: 0.8728679418563843, lr: 0.001000, time: 0.10s
[INFO]: TRAIN epoch: 0 loss: 1.0197, grad_norm: 1.271528959274292, lr: 0.001000, time: 0.11s
[INFO]: TRAIN epoch: 0 loss: 1.1091, grad_norm: 1.0519613027572632, lr: 0.001000, time: 0.10s
[INFO]: TRAIN epoch: 0 loss: 1.0606, grad_norm: 1.2272502183914185, lr: 0.001000, time: 0.11s
[INFO]: TRAIN epoch: 0 loss: 1.2415, grad_norm: 1.0543186664581299, lr: 0.001000, time: 0.11s
[INFO]: TRAIN epoch: 0 loss: 0.8619, grad_norm: 0.5886721014976501, lr: 0.001000, time: 0.10s
[INFO]: TRAIN epoch: 0 loss: 0.9644, grad_norm: 0.7588948011398315, lr: 0.001000, time: 0.10s
[INFO]: TRAIN epoch: 0 loss: 1.0579, grad_norm: 1.3055757284164429, lr: 0.001000, time: 0.11s
[INFO]: TRAIN epoch: 0 loss: 0.9042, grad_norm: 0.8250374794006348, lr: 0.001000, time: 0.10s
[INFO]: TRAIN epoch: 0 loss: 1.3337, grad_norm: 0.9020135402679443, lr: 0.001000, time: 0.10s
[INFO]: TRAIN epoch: 0 loss: 0.8259, grad_norm: 0.8253885507583618, lr: 0.001000, time: 0.10s
[INFO]: TRAIN epoch: 0 loss: 0.8336, grad_norm: 0.693854570388794, lr: 0.001000, time: 0.10s
[INFO]: TRAIN epoch: 0 loss: 0.9343, grad_norm: 0.7016865015029907, lr: 0.001000, time: 0.10s
[INFO]: TRAIN epoch: 0 loss: 0.8853, grad_norm: 0.5673758387565613, lr: 0.001000, time: 0.10s
[INFO]: TRAIN epoch: 0 loss: 1.4510, grad_norm: 0.6111148595809937, lr: 0.001000, time: 0.10s
[INFO]: TRAIN epoch: 0 loss: 0.8545, grad_norm: 0.8657639026641846, lr: 0.001000, time: 0.10s
[INFO]: TRAIN epoch: 0 loss: 0.8071, grad_norm: 0.5547218322753906, lr: 0.001000, time: 0.11s
[INFO]: TRAIN epoch: 0 loss: 0.9672, grad_norm: 0.8987158536911011, lr: 0.001000, time: 0.10s
[INFO]: TRAIN epoch: 0 loss: 1.0051, grad_norm: 1.0491291284561157, lr: 0.001000, time: 0.10s
[INFO]: TRAIN epoch: 0 loss: 0.7299, grad_norm: 0.5307019948959351, lr: 0.001000, time: 0.10s
[INFO]: TRAIN epoch: 0 loss: 1.1169, grad_norm: 0.9779233932495117, lr: 0.001000, time: 0.10s
[INFO]: TRAIN epoch: 0 loss: 0.8956, grad_norm: 0.704841673374176, lr: 0.001000, time: 0.10s
[INFO]: TRAIN epoch: 0 loss: 1.2487, grad_norm: 1.7823153734207153, lr: 0.001000, time: 0.10s
[INFO]: TRAIN epoch: 0 loss: 0.6413, grad_norm: 0.7962399125099182, lr: 0.001000, time: 0.10s
[INFO]: TRAIN epoch: 0 loss: 0.8612, grad_norm: 0.5612319707870483, lr: 0.001000, time: 0.10s
[INFO]: TRAIN epoch: 0 loss: 0.9420, grad_norm: 0.5966424942016602, lr: 0.001000, time: 0.10s
[INFO]: TRAIN epoch: 0 loss: 0.9014, grad_norm: 0.8407824635505676, lr: 0.001000, time: 0.11s
[INFO]: TRAIN epoch: 0 loss: 0.7871, grad_norm: 0.6423473358154297, lr: 0.001000, time: 0.10s
[INFO]: TRAIN epoch: 0 loss: 0.7318, grad_norm: 0.6338332891464233, lr: 0.001000, time: 0.10s
[INFO]: TRAIN epoch: 0 loss: 0.8336, grad_norm: 0.6093353629112244, lr: 0.001000, time: 0.10s
[INFO]: TRAIN epoch: 0 loss: 0.8636, grad_norm: 0.7015575766563416, lr: 0.001000, time: 0.10s
[INFO]: TRAIN epoch: 0 loss: 1.2445, grad_norm: 0.8358036279678345, lr: 0.001000, time: 0.10s
[INFO]: TRAIN epoch: 0 loss: 0.8294, grad_norm: 0.9070386290550232, lr: 0.001000, time: 0.10s
[INFO]: TRAIN epoch: 0 loss: 1.2090, grad_norm: 0.8090855479240417, lr: 0.001000, time: 0.10s
[INFO]: TRAIN epoch: 0 loss: 0.8376, grad_norm: 0.8991419076919556, lr: 0.001000, time: 0.10s
[INFO]: TRAIN epoch: 0 loss: 0.5863, grad_norm: 0.8854401111602783, lr: 0.001000, time: 0.10s
[INFO]: TRAIN epoch: 0 loss: 1.0968, grad_norm: 1.208619236946106, lr: 0.001000, time: 0.10s
[INFO]: TRAIN epoch: 0 loss: 0.8712, grad_norm: 0.5400238633155823, lr: 0.001000, time: 0.10s
[INFO]: TRAIN epoch: 0 loss: 0.9129, grad_norm: 0.9777918457984924, lr: 0.001000, time: 0.10s
[INFO]: TRAIN epoch: 0 loss: 0.8870, grad_norm: 0.7694236040115356, lr: 0.001000, time: 0.10s
[INFO]: TRAIN epoch: 0 loss: 0.8804, grad_norm: 0.6835519075393677, lr: 0.001000, time: 0.10s
[INFO]: TRAIN epoch: 0 loss: 0.7309, grad_norm: 0.7016140222549438, lr: 0.001000, time: 0.10s
[INFO]: TRAIN epoch: 0 loss: 0.9642, grad_norm: 0.5369066596031189, lr: 0.001000, time: 0.10s
[INFO]: TRAIN epoch: 0 loss: 0.8731, grad_norm: 0.6470385193824768, lr: 0.001000, time: 0.10s
[INFO]: TRAIN epoch: 0 loss: 0.6759, grad_norm: 0.7511592507362366, lr: 0.001000, time: 0.10s
[INFO]: TRAIN epoch: 0 loss: 0.7865, grad_norm: 0.6315075159072876, lr: 0.001000, time: 0.10s
[INFO]: TRAIN epoch: 0 loss: 0.8419, grad_norm: 0.6721885204315186, lr: 0.001000, time: 0.10s
[INFO]: TRAIN epoch: 0 loss: 1.0349, grad_norm: 0.6698102951049805, lr: 0.001000, time: 0.11s
[INFO]: TRAIN epoch: 0 loss: 1.0160, grad_norm: 0.950931191444397, lr: 0.001000, time: 0.10s
[INFO]: TRAIN epoch: 0 loss: 0.7270, grad_norm: 0.6399398446083069, lr: 0.001000, time: 0.10s
[INFO]: TRAIN epoch: 0 loss: 0.7995, grad_norm: 0.7816697955131531, lr: 0.001000, time: 0.10s
[INFO]: TRAIN epoch: 0 loss: 1.0107, grad_norm: 0.589575469493866, lr: 0.001000, time: 0.11s
[INFO]: TRAIN epoch: 0 loss: 1.0880, grad_norm: 0.8853275179862976, lr: 0.001000, time: 0.10s
[INFO]: TRAIN epoch: 0 loss: 0.6392, grad_norm: 0.6372858285903931, lr: 0.001000, time: 0.10s
[INFO]: TRAIN epoch: 0 loss: 0.7733, grad_norm: 0.6170861124992371, lr: 0.001000, time: 0.10s
[INFO]: TRAIN epoch: 0 loss: 0.7839, grad_norm: 0.611704409122467, lr: 0.001000, time: 0.10s
[INFO]: TRAIN epoch: 0 loss: 0.8909, grad_norm: 0.5827829837799072, lr: 0.001000, time: 0.11s
[INFO]: TRAIN epoch: 0 loss: 1.1580, grad_norm: 0.8867788314819336, lr: 0.001000, time: 0.11s
[INFO]: TRAIN epoch: 0 loss: 0.8957, grad_norm: 0.6755168437957764, lr: 0.001000, time: 0.11s
[INFO]: TRAIN epoch: 0 loss: 0.7530, grad_norm: 0.5762091875076294, lr: 0.001000, time: 0.10s
[INFO]: TRAIN epoch: 0 loss: 0.7667, grad_norm: 0.5045322775840759, lr: 0.001000, time: 0.10s
[INFO]: TRAIN epoch: 0 loss: 0.9923, grad_norm: 0.7363830208778381, lr: 0.001000, time: 0.10s
[INFO]: TRAIN epoch: 0 loss: 0.8312, grad_norm: 0.602252721786499, lr: 0.001000, time: 0.10s
[INFO]: TRAIN epoch: 0 loss: 1.0115, grad_norm: 0.8587260246276855, lr: 0.001000, time: 0.10s
[INFO]: TRAIN epoch: 0 loss: 0.7628, grad_norm: 0.7417261600494385, lr: 0.001000, time: 0.10s
[INFO]: TRAIN epoch: 0 loss: 1.1538, grad_norm: 0.7292159795761108, lr: 0.001000, time: 0.10s
[INFO]: TRAIN epoch: 0 loss: 0.7268, grad_norm: 0.8036370873451233, lr: 0.001000, time: 0.10s
[INFO]: TRAIN epoch: 0 loss: 0.6723, grad_norm: 0.5434973835945129, lr: 0.001000, time: 0.10s
[INFO]: TRAIN epoch: 0 loss: 0.9861, grad_norm: 0.8239502310752869, lr: 0.001000, time: 0.10s
[INFO]: TRAIN epoch: 0 loss: 1.1317, grad_norm: 0.9422269463539124, lr: 0.001000, time: 0.10s
[INFO]: TRAIN epoch: 0 loss: 0.9296, grad_norm: 0.6074578166007996, lr: 0.001000, time: 0.10s
[INFO]: TRAIN epoch: 0 loss: 0.6840, grad_norm: 0.713813066482544, lr: 0.001000, time: 0.10s
[INFO]: TRAIN epoch: 0 loss: 0.7282, grad_norm: 0.4716961681842804, lr: 0.001000, time: 0.10s
[INFO]: TRAIN epoch: 0 loss: 0.6615, grad_norm: 0.7052888870239258, lr: 0.001000, time: 0.10s
[INFO]: TRAIN epoch: 0 loss: 0.8275, grad_norm: 0.8428434729576111, lr: 0.001000, time: 0.10s
[INFO]: TRAIN epoch: 0 loss: 0.6248, grad_norm: 0.89417564868927, lr: 0.001000, time: 0.10s
[INFO]: TRAIN epoch: 0 loss: 1.1062, grad_norm: 1.217790961265564, lr: 0.001000, time: 0.11s
[INFO]: TRAIN epoch: 0 loss: 1.1235, grad_norm: 1.460260272026062, lr: 0.001000, time: 0.10s
[INFO]: TRAIN epoch: 0 loss: 0.7125, grad_norm: 0.8411083221435547, lr: 0.001000, time: 0.10s
[INFO]: TRAIN epoch: 0 loss: 0.6913, grad_norm: 0.8148195743560791, lr: 0.001000, time: 0.10s
[INFO]: TRAIN epoch: 0 loss: 0.6931, grad_norm: 0.9186290502548218, lr: 0.001000, time: 0.10s
[INFO]: TRAIN epoch: 0 loss: 0.6309, grad_norm: 0.6309658885002136, lr: 0.001000, time: 0.10s
[INFO]: TRAIN epoch: 0 loss: 0.9318, grad_norm: 0.876219630241394, lr: 0.001000, time: 0.10s
[INFO]: TRAIN epoch: 0 loss: 0.7369, grad_norm: 0.6755768060684204, lr: 0.001000, time: 0.10s
[INFO]: TRAIN epoch: 0 loss: 0.8365, grad_norm: 0.5951250195503235, lr: 0.001000, time: 0.10s
[INFO]: TRAIN epoch: 0 loss: 0.7843, grad_norm: 0.7415959239006042, lr: 0.001000, time: 0.10s
[INFO]: TRAIN epoch: 0 loss: 0.8252, grad_norm: 0.967265784740448, lr: 0.001000, time: 0.11s
[INFO]: TRAIN epoch: 0 loss: 0.8618, grad_norm: 0.9091987013816833, lr: 0.001000, time: 0.10s
[INFO]: TRAIN epoch: 0 loss: 1.1448, grad_norm: 0.6477490663528442, lr: 0.001000, time: 0.10s
[INFO]: TRAIN epoch: 0 loss: 1.1943, grad_norm: 1.5501600503921509, lr: 0.001000, time: 0.11s
[INFO]: TRAIN epoch: 0 loss: 0.7193, grad_norm: 0.6248570084571838, lr: 0.001000, time: 0.11s
[INFO]: TRAIN epoch: 0 loss: 0.7407, grad_norm: 0.55340576171875, lr: 0.001000, time: 0.10s
[INFO]: TRAIN epoch: 0 loss: 0.5376, grad_norm: 0.6922095417976379, lr: 0.001000, time: 0.10s
[INFO]: TRAIN epoch: 0 loss: 1.0391, grad_norm: 1.3456460237503052, lr: 0.001000, time: 0.10s
[INFO]: TRAIN epoch: 0 loss: 0.8350, grad_norm: 0.8669744729995728, lr: 0.001000, time: 0.10s
[INFO]: TRAIN epoch: 0 loss: 1.2041, grad_norm: 1.1074141263961792, lr: 0.001000, time: 0.11s
[INFO]: TRAIN epoch: 0 loss: 0.7350, grad_norm: 0.7408175468444824, lr: 0.001000, time: 0.10s
[INFO]: TRAIN epoch: 0 loss: 0.8630, grad_norm: 0.6913812756538391, lr: 0.001000, time: 0.10s
[INFO]: TRAIN epoch: 0 loss: 1.1108, grad_norm: 1.1953526735305786, lr: 0.001000, time: 0.10s
[INFO]: TRAIN epoch: 0 loss: 0.6526, grad_norm: 0.6683210134506226, lr: 0.001000, time: 0.10s
[INFO]: TRAIN epoch: 0 loss: 0.9316, grad_norm: 0.7355245351791382, lr: 0.001000, time: 0.10s
[INFO]: TRAIN epoch: 0 loss: 0.7955, grad_norm: 0.7906553745269775, lr: 0.001000, time: 0.10s
[INFO]: TRAIN epoch: 0 loss: 0.8204, grad_norm: 0.6864703893661499, lr: 0.001000, time: 0.10s
[INFO]: TRAIN epoch: 0 loss: 0.9073, grad_norm: 0.5743003487586975, lr: 0.001000, time: 0.10s
[INFO]: TRAIN epoch: 0 loss: 0.5246, grad_norm: 0.7241613268852234, lr: 0.001000, time: 0.10s
[INFO]: TRAIN epoch: 0 loss: 0.7881, grad_norm: 0.45769909024238586, lr: 0.001000, time: 0.11s
[INFO]: TRAIN epoch: 0 loss: 1.0787, grad_norm: 0.6985170841217041, lr: 0.001000, time: 0.10s
[INFO]: TRAIN epoch: 0 loss: 0.8607, grad_norm: 0.45312684774398804, lr: 0.001000, time: 0.11s
[INFO]: TRAIN epoch: 0 loss: 0.7495, grad_norm: 0.8001897931098938, lr: 0.001000, time: 0.10s
[INFO]: TRAIN epoch: 0 loss: 0.7887, grad_norm: 0.5768933296203613, lr: 0.001000, time: 0.10s
[INFO]: TRAIN epoch: 0 loss: 0.8960, grad_norm: 0.6772286891937256, lr: 0.001000, time: 0.10s
[INFO]: TRAIN epoch: 0 loss: 0.6414, grad_norm: 0.7424825429916382, lr: 0.001000, time: 0.10s
[INFO]: TRAIN epoch: 0 loss: 0.7240, grad_norm: 0.7194997072219849, lr: 0.001000, time: 0.10s
[INFO]: TRAIN epoch: 0 loss: 0.7232, grad_norm: 0.8826106190681458, lr: 0.001000, time: 0.10s
[INFO]: TRAIN epoch: 0 loss: 1.0566, grad_norm: 1.0694071054458618, lr: 0.001000, time: 0.10s
[INFO]: TRAIN epoch: 0 loss: 0.7058, grad_norm: 0.6885428428649902, lr: 0.001000, time: 0.10s
[INFO]: TRAIN epoch: 0 loss: 0.8292, grad_norm: 0.6243056654930115, lr: 0.001000, time: 0.10s
[INFO]: TRAIN epoch: 0 loss: 0.6147, grad_norm: 0.6604798436164856, lr: 0.001000, time: 0.10s
[INFO]: TRAIN epoch: 0 loss: 1.1375, grad_norm: 0.9251431822776794, lr: 0.001000, time: 0.10s
[INFO]: TRAIN epoch: 0 loss: 0.8115, grad_norm: 0.6227254271507263, lr: 0.001000, time: 0.10s
[INFO]: TRAIN epoch: 0 loss: 0.7901, grad_norm: 0.5483558177947998, lr: 0.001000, time: 0.10s
[INFO]: TRAIN epoch: 0 loss: 0.7650, grad_norm: 0.4658125936985016, lr: 0.001000, time: 0.11s
[INFO]: TRAIN epoch: 0 loss: 0.8218, grad_norm: 0.5471780896186829, lr: 0.001000, time: 0.10s
[INFO]: TRAIN epoch: 0 loss: 0.6107, grad_norm: 0.8174887299537659, lr: 0.001000, time: 0.10s
[INFO]: TRAIN epoch: 0 loss: 0.7120, grad_norm: 0.4866558611392975, lr: 0.001000, time: 0.10s
[INFO]: TRAIN epoch: 0 loss: 0.9850, grad_norm: 0.7453935742378235, lr: 0.001000, time: 0.10s
[INFO]: TRAIN epoch: 0 loss: 0.7871, grad_norm: 0.62325519323349, lr: 0.001000, time: 0.10s
[INFO]: TRAIN epoch: 0 loss: 0.8019, grad_norm: 0.5387071371078491, lr: 0.001000, time: 0.10s
[INFO]: TRAIN epoch: 0 loss: 0.5472, grad_norm: 3.128589391708374, lr: 0.001000, time: 0.10s
[INFO]: TRAIN epoch: 0 loss: 0.8679, grad_norm: 0.6689833998680115, lr: 0.001000, time: 0.10s
[INFO]: TRAIN epoch: 0 loss: 0.9166, grad_norm: 0.7622856497764587, lr: 0.001000, time: 0.10s
[INFO]: TRAIN epoch: 0 loss: 1.0089, grad_norm: 0.7211214303970337, lr: 0.001000, time: 0.10s
[INFO]: TRAIN epoch: 0 loss: 0.8204, grad_norm: 0.7751572132110596, lr: 0.001000, time: 0.10s
[INFO]: TRAIN epoch: 0 loss: 0.7572, grad_norm: 0.5921885371208191, lr: 0.001000, time: 0.10s
[INFO]: TRAIN epoch: 0 loss: 0.7832, grad_norm: 1.3701317310333252, lr: 0.001000, time: 0.10s
[INFO]: TRAIN epoch: 0 loss: 1.3252, grad_norm: 0.7181748747825623, lr: 0.001000, time: 0.10s
[INFO]: TRAIN epoch: 0 loss: 1.0005, grad_norm: 0.7355854511260986, lr: 0.001000, time: 0.10s
[INFO]: TRAIN epoch: 0 loss: 0.6239, grad_norm: 0.573767900466919, lr: 0.001000, time: 0.10s
[INFO]: TRAIN epoch: 0 loss: 0.7997, grad_norm: 0.6314656138420105, lr: 0.001000, time: 0.10s
[INFO]: TRAIN epoch: 0 loss: 0.6874, grad_norm: 0.715781033039093, lr: 0.001000, time: 0.10s
[INFO]: TRAIN epoch: 0 loss: 0.6459, grad_norm: 0.5590918660163879, lr: 0.001000, time: 0.10s
[INFO]: TRAIN epoch: 0 loss: 0.8203, grad_norm: 0.648832380771637, lr: 0.001000, time: 0.10s
[INFO]: TRAIN epoch: 0 loss: 0.8818, grad_norm: 0.7723139524459839, lr: 0.001000, time: 0.10s
[INFO]: TRAIN epoch: 0 loss: 0.7994, grad_norm: 0.6150822043418884, lr: 0.001000, time: 0.10s
[INFO]: TRAIN epoch: 0 loss: 0.7575, grad_norm: 0.5939401388168335, lr: 0.001000, time: 0.10s
[INFO]: TRAIN epoch: 0 loss: 0.6619, grad_norm: 0.7172507047653198, lr: 0.001000, time: 0.10s
[INFO]: TRAIN epoch: 0 loss: 0.6158, grad_norm: 0.7414952516555786, lr: 0.001000, time: 0.10s
[INFO]: TRAIN epoch: 0 loss: 0.6250, grad_norm: 0.5261388421058655, lr: 0.001000, time: 0.10s
[INFO]: TRAIN epoch: 0 loss: 0.6664, grad_norm: 0.6336774230003357, lr: 0.001000, time: 0.11s
[INFO]: TRAIN epoch: 0 loss: 0.6489, grad_norm: 0.5573286414146423, lr: 0.001000, time: 0.10s
[INFO]: TRAIN epoch: 0 loss: 0.6606, grad_norm: 0.8053691387176514, lr: 0.001000, time: 0.11s
[INFO]: TRAIN epoch: 0 loss: 0.9749, grad_norm: 0.5939914584159851, lr: 0.001000, time: 0.10s
[INFO]: TRAIN epoch: 0 loss: 0.6370, grad_norm: 0.49933922290802, lr: 0.001000, time: 0.10s
[INFO]: TRAIN epoch: 0 loss: 0.6238, grad_norm: 0.4960680305957794, lr: 0.001000, time: 0.10s
[INFO]: TRAIN epoch: 0 loss: 0.9187, grad_norm: 0.7983052134513855, lr: 0.001000, time: 0.10s
[INFO]: TRAIN epoch: 0 loss: 0.8451, grad_norm: 0.8457630276679993, lr: 0.001000, time: 0.10s
[INFO]: TRAIN epoch: 0 loss: 0.5616, grad_norm: 1.1871423721313477, lr: 0.001000, time: 0.10s
[INFO]: TRAIN epoch: 0 loss: 0.7789, grad_norm: 0.6858609914779663, lr: 0.001000, time: 0.10s
[INFO]: TRAIN epoch: 0 loss: 0.7100, grad_norm: 0.7415023446083069, lr: 0.001000, time: 0.10s
[INFO]: TRAIN epoch: 0 loss: 1.0431, grad_norm: 1.0376020669937134, lr: 0.001000, time: 0.11s
[INFO]: TRAIN epoch: 0 loss: 0.9044, grad_norm: 1.0046136379241943, lr: 0.001000, time: 0.10s
[INFO]: TRAIN epoch: 0 loss: 0.6932, grad_norm: 0.6814191937446594, lr: 0.001000, time: 0.10s
[INFO]: TRAIN epoch: 0 loss: 0.7436, grad_norm: 0.5583320260047913, lr: 0.001000, time: 0.11s
[INFO]: TRAIN epoch: 0 loss: 0.7249, grad_norm: 0.5287856459617615, lr: 0.001000, time: 0.11s
[INFO]: TRAIN epoch: 0 loss: 0.7752, grad_norm: 0.4989621639251709, lr: 0.001000, time: 0.10s
[INFO]: TRAIN epoch: 0 loss: 0.7162, grad_norm: 0.8159849643707275, lr: 0.001000, time: 0.10s
[INFO]: TRAIN epoch: 0 loss: 0.5079, grad_norm: 0.6769701242446899, lr: 0.001000, time: 0.10s
[INFO]: TRAIN epoch: 0 loss: 0.5402, grad_norm: 0.6193097233772278, lr: 0.001000, time: 0.10s
[INFO]: TRAIN epoch: 0 loss: 0.8315, grad_norm: 0.649165153503418, lr: 0.001000, time: 0.10s
[INFO]: TRAIN epoch: 0 loss: 0.8859, grad_norm: 1.0750435590744019, lr: 0.001000, time: 0.10s
[INFO]: TRAIN epoch: 0 loss: 0.5736, grad_norm: 0.9270845651626587, lr: 0.001000, time: 0.10s
[INFO]: TRAIN epoch: 0 loss: 0.6350, grad_norm: 0.6941382884979248, lr: 0.001000, time: 0.10s
[INFO]: TRAIN epoch: 0 loss: 0.6430, grad_norm: 1.156639814376831, lr: 0.001000, time: 0.10s
[INFO]: TRAIN epoch: 0 loss: 0.9069, grad_norm: 0.8620204925537109, lr: 0.001000, time: 0.10s
[INFO]: TRAIN epoch: 0 loss: 0.4978, grad_norm: 0.823161780834198, lr: 0.001000, time: 0.10s
[INFO]: TRAIN epoch: 0 loss: 0.6884, grad_norm: 0.6111725568771362, lr: 0.001000, time: 0.10s
[INFO]: TRAIN epoch: 0 loss: 0.6590, grad_norm: 0.5155950784683228, lr: 0.001000, time: 0.10s
[INFO]: TRAIN epoch: 0 loss: 0.6427, grad_norm: 0.6598606705665588, lr: 0.001000, time: 0.10s
[INFO]: TRAIN epoch: 0 loss: 0.6592, grad_norm: 0.4008772671222687, lr: 0.001000, time: 0.10s
[INFO]: TRAIN epoch: 0 loss: 0.5821, grad_norm: 0.6895239949226379, lr: 0.001000, time: 0.10s
[INFO]: TRAIN epoch: 0 loss: 0.5669, grad_norm: 0.6677597761154175, lr: 0.001000, time: 0.10s
[INFO]: TRAIN epoch: 0 loss: 0.8000, grad_norm: 0.8465309143066406, lr: 0.001000, time: 0.11s
[INFO]: TRAIN epoch: 0 loss: 0.5609, grad_norm: 0.6955596208572388, lr: 0.001000, time: 0.10s
[INFO]: TRAIN epoch: 0 loss: 0.9546, grad_norm: 1.1096500158309937, lr: 0.001000, time: 0.10s
[INFO]: TRAIN epoch: 0 loss: 0.5833, grad_norm: 0.6041429042816162, lr: 0.001000, time: 0.10s
[INFO]: TRAIN epoch: 0 loss: 0.5804, grad_norm: 0.6488452553749084, lr: 0.001000, time: 0.10s
[INFO]: TRAIN epoch: 0 loss: 0.5167, grad_norm: 0.5946128964424133, lr: 0.001000, time: 0.10s
[INFO]: TRAIN epoch: 0 loss: 0.9805, grad_norm: 0.857320249080658, lr: 0.001000, time: 0.11s
[INFO]: TRAIN epoch: 0 loss: 0.4721, grad_norm: 0.6485173106193542, lr: 0.001000, time: 0.10s
[INFO]: TRAIN epoch: 0 loss: 0.7376, grad_norm: 0.7971514463424683, lr: 0.001000, time: 0.10s
[INFO]: TRAIN epoch: 0 loss: 0.5807, grad_norm: 0.6247174143791199, lr: 0.001000, time: 0.10s
[INFO]: TRAIN epoch: 0 loss: 0.6262, grad_norm: 1.06998872756958, lr: 0.001000, time: 0.10s
[INFO]: TRAIN epoch: 0 loss: 0.9226, grad_norm: 1.015122652053833, lr: 0.001000, time: 0.10s
[INFO]: TRAIN epoch: 0 loss: 0.5510, grad_norm: 0.6800956130027771, lr: 0.001000, time: 0.10s
[INFO]: TRAIN epoch: 0 loss: 1.0952, grad_norm: 1.2184686660766602, lr: 0.001000, time: 0.10s
[INFO]: TRAIN epoch: 0 loss: 0.7638, grad_norm: 0.5196318626403809, lr: 0.001000, time: 0.10s
[INFO]: TRAIN epoch: 0 loss: 0.7756, grad_norm: 0.6117110252380371, lr: 0.001000, time: 0.10s
[INFO]: TRAIN epoch: 0 loss: 1.0721, grad_norm: 0.7560970783233643, lr: 0.001000, time: 0.10s
[INFO]: TRAIN epoch: 0 loss: 0.9109, grad_norm: 0.6622551679611206, lr: 0.001000, time: 0.10s
[INFO]: TRAIN epoch: 0 loss: 0.5864, grad_norm: 0.7047898173332214, lr: 0.001000, time: 0.10s
[INFO]: TRAIN epoch: 0 loss: 0.7764, grad_norm: 0.45056095719337463, lr: 0.001000, time: 0.10s
[INFO]: TRAIN epoch: 0 loss: 0.7755, grad_norm: 0.644921064376831, lr: 0.001000, time: 0.10s
[INFO]: TRAIN epoch: 0 loss: 0.4694, grad_norm: 0.48708683252334595, lr: 0.001000, time: 0.10s
[INFO]: TRAIN epoch: 0 loss: 0.7913, grad_norm: 0.7535123825073242, lr: 0.001000, time: 0.10s
[INFO]: TRAIN epoch: 0 loss: 0.6020, grad_norm: 0.6212241053581238, lr: 0.001000, time: 0.10s
[INFO]: TRAIN epoch: 0 loss: 1.0207, grad_norm: 0.684698224067688, lr: 0.001000, time: 0.10s
[INFO]: TRAIN epoch: 0 loss: 0.5390, grad_norm: 0.6824513077735901, lr: 0.001000, time: 0.10s
[INFO]: TRAIN epoch: 0 loss: 0.6886, grad_norm: 0.6156004071235657, lr: 0.001000, time: 0.10s
[INFO]: TRAIN epoch: 0 loss: 0.7101, grad_norm: 0.48216286301612854, lr: 0.001000, time: 0.11s
[INFO]: TRAIN epoch: 0 loss: 0.4025, grad_norm: 0.7089835405349731, lr: 0.001000, time: 0.10s
[INFO]: TRAIN epoch: 0 loss: 0.9154, grad_norm: 0.8126021027565002, lr: 0.001000, time: 0.10s
[INFO]: TRAIN epoch: 0 loss: 0.6084, grad_norm: 0.569078266620636, lr: 0.001000, time: 0.11s
[INFO]: TRAIN epoch: 0 loss: 0.8506, grad_norm: 0.7268827557563782, lr: 0.001000, time: 0.11s
[INFO]: TRAIN epoch: 0 loss: 0.5776, grad_norm: 0.6008485555648804, lr: 0.001000, time: 0.10s
[INFO]: TRAIN epoch: 0 loss: 0.6258, grad_norm: 0.5526376366615295, lr: 0.001000, time: 0.10s
[INFO]: TRAIN epoch: 0 loss: 0.7511, grad_norm: 0.7949358224868774, lr: 0.001000, time: 0.10s
[INFO]: TRAIN epoch: 0 loss: 1.1518, grad_norm: 0.6961329579353333, lr: 0.001000, time: 0.11s
[INFO]: TRAIN epoch: 0 loss: 1.0142, grad_norm: 0.733264148235321, lr: 0.001000, time: 0.11s
[INFO]: TRAIN epoch: 0 loss: 0.7635, grad_norm: 0.6767048835754395, lr: 0.001000, time: 0.10s
[INFO]: TRAIN epoch: 0 loss: 0.6369, grad_norm: 0.6163972616195679, lr: 0.001000, time: 0.10s
[INFO]: TRAIN epoch: 0 loss: 0.9043, grad_norm: 0.42308521270751953, lr: 0.001000, time: 0.10s
[INFO]: TRAIN epoch: 0 loss: 0.5408, grad_norm: 0.6381505727767944, lr: 0.001000, time: 0.10s
[INFO]: TRAIN epoch: 0 loss: 0.9317, grad_norm: 0.725996732711792, lr: 0.001000, time: 0.10s
[INFO]: TRAIN epoch: 0 loss: 0.9061, grad_norm: 0.5059269666671753, lr: 0.001000, time: 0.10s
[INFO]: TRAIN epoch: 0 loss: 1.0605, grad_norm: 0.8669674396514893, lr: 0.001000, time: 0.10s
[INFO]: TRAIN epoch: 0 loss: 0.9090, grad_norm: 0.9846924543380737, lr: 0.001000, time: 0.10s
[INFO]: TRAIN epoch: 0 loss: 0.6816, grad_norm: 0.8374731540679932, lr: 0.001000, time: 0.10s
[INFO]: TRAIN epoch: 0 loss: 1.0044, grad_norm: 0.8504182696342468, lr: 0.001000, time: 0.10s
[INFO]: TRAIN epoch: 0 loss: 0.7732, grad_norm: 0.6003753542900085, lr: 0.001000, time: 0.10s
[INFO]: TRAIN epoch: 0 loss: 0.8279, grad_norm: 1.0011032819747925, lr: 0.001000, time: 0.10s
[INFO]: TRAIN epoch: 0 loss: 0.8326, grad_norm: 0.6672766208648682, lr: 0.001000, time: 0.10s
[INFO]: TRAIN epoch: 0 loss: 0.7054, grad_norm: 0.6579826474189758, lr: 0.001000, time: 0.10s
[INFO]: TRAIN epoch: 0 loss: 0.8353, grad_norm: 0.619044303894043, lr: 0.001000, time: 0.10s
[INFO]: TRAIN epoch: 0 loss: 0.7039, grad_norm: 0.4599306285381317, lr: 0.001000, time: 0.10s
[INFO]: TRAIN epoch: 0 loss: 0.6882, grad_norm: 0.5672229528427124, lr: 0.001000, time: 0.10s
[INFO]: TRAIN epoch: 0 loss: 0.7077, grad_norm: 0.4453522264957428, lr: 0.001000, time: 0.10s
[INFO]: TRAIN epoch: 0 loss: 0.9523, grad_norm: 0.8586245179176331, lr: 0.001000, time: 0.10s
[INFO]: TRAIN epoch: 0 loss: 0.7932, grad_norm: 0.7881619930267334, lr: 0.001000, time: 0.10s
[INFO]: TRAIN epoch: 0 loss: 0.7404, grad_norm: 0.979118824005127, lr: 0.001000, time: 0.10s
[INFO]: TRAIN epoch: 0 loss: 0.7698, grad_norm: 0.7049239873886108, lr: 0.001000, time: 0.10s
[INFO]: TRAIN epoch: 0 loss: 0.5900, grad_norm: 0.8587213158607483, lr: 0.001000, time: 0.10s
[INFO]: TRAIN epoch: 0 loss: 0.8723, grad_norm: 0.7575433850288391, lr: 0.001000, time: 0.10s
[INFO]: TRAIN epoch: 0 loss: 1.1047, grad_norm: 0.6702778935432434, lr: 0.001000, time: 0.10s
[INFO]: TRAIN epoch: 0 loss: 0.7019, grad_norm: 0.5674236416816711, lr: 0.001000, time: 0.10s
[INFO]: TRAIN epoch: 0 loss: 0.8659, grad_norm: 0.5225614905357361, lr: 0.001000, time: 0.10s
[INFO]: TRAIN epoch: 0 loss: 0.7802, grad_norm: 0.5682613849639893, lr: 0.001000, time: 0.10s
[INFO]: TRAIN epoch: 0 loss: 0.5677, grad_norm: 0.5792599320411682, lr: 0.001000, time: 0.10s
[INFO]: TRAIN epoch: 0 loss: 0.6437, grad_norm: 0.5982534885406494, lr: 0.001000, time: 0.10s
[INFO]: TRAIN epoch: 0 loss: 0.8402, grad_norm: 0.5521513819694519, lr: 0.001000, time: 0.10s
[INFO]: TRAIN epoch: 0 loss: 0.9676, grad_norm: 0.6220353245735168, lr: 0.001000, time: 0.10s
[INFO]: TRAIN epoch: 0 loss: 0.5175, grad_norm: 0.6362119317054749, lr: 0.001000, time: 0.10s
[INFO]: TRAIN epoch: 0 loss: 0.8114, grad_norm: 0.7157250046730042, lr: 0.001000, time: 0.10s
[INFO]: TRAIN epoch: 0 loss: 1.2336, grad_norm: 0.909838080406189, lr: 0.001000, time: 0.10s
[INFO]: TRAIN epoch: 0 loss: 0.6471, grad_norm: 0.6357220411300659, lr: 0.001000, time: 0.10s
[INFO]: TRAIN epoch: 0 loss: 0.3515, grad_norm: 0.6881048679351807, lr: 0.001000, time: 0.10s
[INFO]: TRAIN epoch: 0 loss: 1.0143, grad_norm: 0.8309033513069153, lr: 0.001000, time: 0.10s
[INFO]: TRAIN epoch: 0 loss: 0.8672, grad_norm: 0.5977009534835815, lr: 0.001000, time: 0.10s
[INFO]: TRAIN epoch: 0 loss: 1.0051, grad_norm: 0.7646726369857788, lr: 0.001000, time: 0.10s
[INFO]: TRAIN epoch: 0 loss: 1.1036, grad_norm: 0.5894400477409363, lr: 0.001000, time: 0.10s
[INFO]: TRAIN epoch: 0 loss: 0.8154, grad_norm: 0.543885350227356, lr: 0.001000, time: 0.10s
[INFO]: TRAIN epoch: 0 loss: 0.5830, grad_norm: 0.6406843066215515, lr: 0.001000, time: 0.10s
[INFO]: TRAIN epoch: 0 loss: 0.7895, grad_norm: 0.5364326238632202, lr: 0.001000, time: 0.10s
[INFO]: TRAIN epoch: 0 loss: 0.5503, grad_norm: 0.5673007369041443, lr: 0.001000, time: 0.10s
[INFO]: TRAIN epoch: 0 loss: 0.4378, grad_norm: 0.6253760457038879, lr: 0.001000, time: 0.10s
[INFO]: TRAIN epoch: 0 loss: 0.6149, grad_norm: 0.6304526329040527, lr: 0.001000, time: 0.10s
[INFO]: TRAIN epoch: 0 loss: 0.5121, grad_norm: 0.5159652233123779, lr: 0.001000, time: 0.10s
[INFO]: TRAIN epoch: 0 loss: 0.5046, grad_norm: 0.5872270464897156, lr: 0.001000, time: 0.10s
[INFO]: TRAIN epoch: 0 loss: 0.7015, grad_norm: 0.6816320419311523, lr: 0.001000, time: 0.10s
[INFO]: TRAIN epoch: 0 loss: 0.5135, grad_norm: 0.5283966660499573, lr: 0.001000, time: 0.10s
[INFO]: TRAIN epoch: 0 loss: 0.8181, grad_norm: 0.6480360627174377, lr: 0.001000, time: 0.10s
[INFO]: TRAIN epoch: 0 loss: 0.5464, grad_norm: 0.6674781441688538, lr: 0.001000, time: 0.10s
[INFO]: TRAIN epoch: 0 loss: 0.4656, grad_norm: 0.5363534092903137, lr: 0.001000, time: 0.10s
[INFO]: TRAIN epoch: 0 loss: 0.6876, grad_norm: 0.7317307591438293, lr: 0.001000, time: 0.10s
[INFO]: TRAIN epoch: 0 loss: 1.0600, grad_norm: 0.7721155881881714, lr: 0.001000, time: 0.10s
[INFO]: TRAIN epoch: 0 loss: 1.0050, grad_norm: 0.6067076325416565, lr: 0.001000, time: 0.10s
[INFO]: TRAIN epoch: 0 loss: 0.4715, grad_norm: 0.5686264634132385, lr: 0.001000, time: 0.10s
[INFO]: TRAIN epoch: 0 loss: 0.5569, grad_norm: 0.5352479219436646, lr: 0.001000, time: 0.10s
[INFO]: TRAIN epoch: 0 loss: 0.4538, grad_norm: 0.6634394526481628, lr: 0.001000, time: 0.10s
[INFO]: TRAIN epoch: 0 loss: 0.6018, grad_norm: 0.533966600894928, lr: 0.001000, time: 0.10s
[INFO]: TRAIN epoch: 0 loss: 0.4422, grad_norm: 0.4764217138290405, lr: 0.001000, time: 0.10s
[INFO]: TRAIN epoch: 0 loss: 0.8500, grad_norm: 1.370689868927002, lr: 0.001000, time: 0.10s
[INFO]: TRAIN epoch: 0 loss: 0.6133, grad_norm: 0.622657299041748, lr: 0.001000, time: 0.10s
[INFO]: TRAIN epoch: 0 loss: 0.7949, grad_norm: 0.4577777087688446, lr: 0.001000, time: 0.10s
[INFO]: TRAIN epoch: 0 loss: 0.4664, grad_norm: 0.5507255792617798, lr: 0.001000, time: 0.10s
[INFO]: TRAIN epoch: 0 loss: 0.8014, grad_norm: 0.4526509642601013, lr: 0.001000, time: 0.10s
[INFO]: TRAIN epoch: 0 loss: 0.6903, grad_norm: 0.5261279940605164, lr: 0.001000, time: 0.10s
[INFO]: TRAIN epoch: 0 loss: 0.4487, grad_norm: 0.7576163411140442, lr: 0.001000, time: 0.10s
[INFO]: TRAIN epoch: 0 loss: 0.4998, grad_norm: 0.7081493735313416, lr: 0.001000, time: 0.10s
[INFO]: TRAIN epoch: 0 loss: 0.6361, grad_norm: 0.5065650343894958, lr: 0.001000, time: 0.10s
[INFO]: TRAIN epoch: 0 loss: 0.8147, grad_norm: 0.555050790309906, lr: 0.001000, time: 0.10s
[INFO]: TRAIN epoch: 0 loss: 0.6952, grad_norm: 0.6664677858352661, lr: 0.001000, time: 0.10s
[INFO]: TRAIN epoch: 0 loss: 0.5111, grad_norm: 0.6006195545196533, lr: 0.001000, time: 0.10s
[INFO]: TRAIN epoch: 0 loss: 0.3883, grad_norm: 0.6090056896209717, lr: 0.001000, time: 0.10s
[INFO]: TRAIN epoch: 0 loss: 0.6378, grad_norm: 0.8911020159721375, lr: 0.001000, time: 0.10s
[INFO]: TRAIN epoch: 0 loss: 0.5561, grad_norm: 0.5845847129821777, lr: 0.001000, time: 0.10s
[INFO]: TRAIN epoch: 0 loss: 0.8477, grad_norm: 0.6855026483535767, lr: 0.001000, time: 0.10s
[INFO]: TRAIN epoch: 0 loss: 0.6522, grad_norm: 0.4953223168849945, lr: 0.001000, time: 0.10s
[INFO]: TRAIN epoch: 0 loss: 0.8356, grad_norm: 0.9343911409378052, lr: 0.001000, time: 0.10s
[INFO]: TRAIN epoch: 0 loss: 0.2888, grad_norm: 0.4775584936141968, lr: 0.001000, time: 0.10s
[INFO]: TRAIN epoch: 0 loss: 0.8080, grad_norm: 0.6165004968643188, lr: 0.001000, time: 0.10s
[INFO]: TRAIN epoch: 0 loss: 0.5067, grad_norm: 0.3826264441013336, lr: 0.001000, time: 0.10s
[INFO]: TRAIN epoch: 0 loss: 0.6410, grad_norm: 0.4340909421443939, lr: 0.001000, time: 0.10s
[INFO]: TRAIN epoch: 0 loss: 0.7299, grad_norm: 0.5947566032409668, lr: 0.001000, time: 0.10s
[INFO]: TRAIN epoch: 0 loss: 0.4958, grad_norm: 0.5606652498245239, lr: 0.001000, time: 0.10s
[INFO]: TRAIN epoch: 0 loss: 0.5417, grad_norm: 0.5222436189651489, lr: 0.001000, time: 0.10s
[INFO]: TRAIN epoch: 0 loss: 0.7567, grad_norm: 0.6470539569854736, lr: 0.001000, time: 0.10s
[INFO]: TRAIN epoch: 0 loss: 0.4848, grad_norm: 0.6666417717933655, lr: 0.001000, time: 0.10s
[INFO]: TRAIN epoch: 0 loss: 0.6811, grad_norm: 0.5145827531814575, lr: 0.001000, time: 0.10s
[INFO]: TRAIN epoch: 0 loss: 0.4181, grad_norm: 0.6409088969230652, lr: 0.001000, time: 0.10s
[INFO]: TRAIN epoch: 0 loss: 0.7184, grad_norm: 0.7682562470436096, lr: 0.001000, time: 0.10s
[INFO]: TRAIN epoch: 0 loss: 1.0458, grad_norm: 1.3015669584274292, lr: 0.001000, time: 0.10s
[INFO]: TRAIN epoch: 0 loss: 0.7060, grad_norm: 0.8742387890815735, lr: 0.001000, time: 0.10s
[INFO]: TRAIN epoch: 0 loss: 0.6761, grad_norm: 0.5358641743659973, lr: 0.001000, time: 0.10s
[INFO]: TRAIN epoch: 0 loss: 0.4708, grad_norm: 0.5541613698005676, lr: 0.001000, time: 0.10s
[INFO]: TRAIN epoch: 0 loss: 0.3910, grad_norm: 0.5799907445907593, lr: 0.001000, time: 0.10s
[INFO]: TRAIN epoch: 0 loss: 1.0861, grad_norm: 0.6968491077423096, lr: 0.001000, time: 0.10s
[INFO]: TRAIN epoch: 0 loss: 0.9513, grad_norm: 0.566881537437439, lr: 0.001000, time: 0.10s
[INFO]: TRAIN epoch: 0 loss: 0.6462, grad_norm: 0.5458839535713196, lr: 0.001000, time: 0.10s
[INFO]: TRAIN epoch: 0 loss: 0.6086, grad_norm: 0.5250815153121948, lr: 0.001000, time: 0.10s
[INFO]: TRAIN epoch: 0 loss: 0.7052, grad_norm: 0.5936449766159058, lr: 0.001000, time: 0.10s
[INFO]: TRAIN epoch: 0 loss: 0.4199, grad_norm: 0.5927659273147583, lr: 0.001000, time: 0.10s
[INFO]: TRAIN epoch: 0 loss: 0.9720, grad_norm: 0.6200202107429504, lr: 0.001000, time: 0.10s
[INFO]: TRAIN epoch: 0 loss: 0.6754, grad_norm: 0.9535778760910034, lr: 0.001000, time: 0.10s
[INFO]: TRAIN epoch: 0 loss: 0.4358, grad_norm: 0.5881462693214417, lr: 0.001000, time: 0.10s
[INFO]: TRAIN epoch summary: 0 loss: 0.9108
[INFO]: VALIDATION epoch: 0 loss: 0.6310
[INFO]: TRAIN epoch: 1 loss: 0.6561, grad_norm: 0.7336928844451904, lr: 0.001000, time: 0.12s
[INFO]: TRAIN epoch: 1 loss: 0.6352, grad_norm: 0.578329861164093, lr: 0.001000, time: 0.10s
[INFO]: TRAIN epoch: 1 loss: 0.7797, grad_norm: 0.5999695062637329, lr: 0.001000, time: 0.10s
[INFO]: TRAIN epoch: 1 loss: 0.6259, grad_norm: 0.4969947338104248, lr: 0.001000, time: 0.10s
[INFO]: TRAIN epoch: 1 loss: 0.4425, grad_norm: 0.8631856441497803, lr: 0.001000, time: 0.10s
[INFO]: TRAIN epoch: 1 loss: 0.4518, grad_norm: 0.605012059211731, lr: 0.001000, time: 0.11s
[INFO]: TRAIN epoch: 1 loss: 0.4495, grad_norm: 0.6007459163665771, lr: 0.001000, time: 0.10s
[INFO]: TRAIN epoch: 1 loss: 0.6436, grad_norm: 0.7026048302650452, lr: 0.001000, time: 0.10s
[INFO]: TRAIN epoch: 1 loss: 0.4258, grad_norm: 0.5526177883148193, lr: 0.001000, time: 0.10s
[INFO]: TRAIN epoch: 1 loss: 0.3827, grad_norm: 0.5417550802230835, lr: 0.001000, time: 0.10s
[INFO]: TRAIN epoch: 1 loss: 0.5319, grad_norm: 0.6342471241950989, lr: 0.001000, time: 0.10s
[INFO]: TRAIN epoch: 1 loss: 0.4742, grad_norm: 0.6281978487968445, lr: 0.001000, time: 0.10s
[INFO]: TRAIN epoch: 1 loss: 0.3894, grad_norm: 0.4398363530635834, lr: 0.001000, time: 0.10s
[INFO]: TRAIN epoch: 1 loss: 0.6801, grad_norm: 0.7223851680755615, lr: 0.001000, time: 0.10s
[INFO]: TRAIN epoch: 1 loss: 0.5402, grad_norm: 0.7179921269416809, lr: 0.001000, time: 0.10s
[INFO]: TRAIN epoch: 1 loss: 0.9814, grad_norm: 0.6472877264022827, lr: 0.001000, time: 0.10s
[INFO]: TRAIN epoch: 1 loss: 0.3940, grad_norm: 0.45797672867774963, lr: 0.001000, time: 0.10s
[INFO]: TRAIN epoch: 1 loss: 0.5621, grad_norm: 0.6104981899261475, lr: 0.001000, time: 0.10s
[INFO]: TRAIN epoch: 1 loss: 0.9436, grad_norm: 0.7291591167449951, lr: 0.001000, time: 0.10s
[INFO]: TRAIN epoch: 1 loss: 1.0317, grad_norm: 0.7890821695327759, lr: 0.001000, time: 0.10s
[INFO]: TRAIN epoch: 1 loss: 0.4085, grad_norm: 0.7477947473526001, lr: 0.001000, time: 0.10s
[INFO]: TRAIN epoch: 1 loss: 0.5200, grad_norm: 0.4240877032279968, lr: 0.001000, time: 0.10s
[INFO]: TRAIN epoch: 1 loss: 0.5851, grad_norm: 0.5739205479621887, lr: 0.001000, time: 0.10s
[INFO]: TRAIN epoch: 1 loss: 0.6583, grad_norm: 0.6512326598167419, lr: 0.001000, time: 0.10s
[INFO]: TRAIN epoch: 1 loss: 0.3002, grad_norm: 0.5867316126823425, lr: 0.001000, time: 0.10s
[INFO]: TRAIN epoch: 1 loss: 0.4800, grad_norm: 0.6331080794334412, lr: 0.001000, time: 0.11s
[INFO]: TRAIN epoch: 1 loss: 0.6359, grad_norm: 0.5409421324729919, lr: 0.001000, time: 0.10s
[INFO]: TRAIN epoch: 1 loss: 0.6678, grad_norm: 0.674959659576416, lr: 0.001000, time: 0.10s
[INFO]: TRAIN epoch: 1 loss: 0.8588, grad_norm: 0.6788913011550903, lr: 0.001000, time: 0.10s
[INFO]: TRAIN epoch: 1 loss: 0.8594, grad_norm: 0.549886167049408, lr: 0.001000, time: 0.10s
[INFO]: TRAIN epoch: 1 loss: 0.6762, grad_norm: 0.45632418990135193, lr: 0.001000, time: 0.10s
[INFO]: TRAIN epoch: 1 loss: 0.8115, grad_norm: 0.7469467520713806, lr: 0.001000, time: 0.10s
[INFO]: TRAIN epoch: 1 loss: 0.3816, grad_norm: 0.4483836591243744, lr: 0.001000, time: 0.10s
[INFO]: TRAIN epoch: 1 loss: 0.6936, grad_norm: 0.4746728539466858, lr: 0.001000, time: 0.10s
[INFO]: TRAIN epoch: 1 loss: 0.3539, grad_norm: 0.4336951971054077, lr: 0.001000, time: 0.10s
[INFO]: TRAIN epoch: 1 loss: 0.5017, grad_norm: 0.5945002436637878, lr: 0.001000, time: 0.10s
[INFO]: TRAIN epoch: 1 loss: 0.5990, grad_norm: 0.4720132648944855, lr: 0.001000, time: 0.10s
[INFO]: TRAIN epoch: 1 loss: 0.5270, grad_norm: 0.5295727849006653, lr: 0.001000, time: 0.10s
[INFO]: TRAIN epoch: 1 loss: 0.8306, grad_norm: 0.62662672996521, lr: 0.001000, time: 0.10s
[INFO]: TRAIN epoch: 1 loss: 0.4661, grad_norm: 0.6215201616287231, lr: 0.001000, time: 0.10s
[INFO]: TRAIN epoch: 1 loss: 0.6391, grad_norm: 0.5771253705024719, lr: 0.001000, time: 0.10s
[INFO]: TRAIN epoch: 1 loss: 0.6261, grad_norm: 0.5143039226531982, lr: 0.001000, time: 0.10s
[INFO]: TRAIN epoch: 1 loss: 0.7590, grad_norm: 0.6541560292243958, lr: 0.001000, time: 0.10s
[INFO]: TRAIN epoch: 1 loss: 0.3338, grad_norm: 0.4737699329853058, lr: 0.001000, time: 0.10s
[INFO]: TRAIN epoch: 1 loss: 0.8879, grad_norm: 0.8853175640106201, lr: 0.001000, time: 0.11s
[INFO]: TRAIN epoch: 1 loss: 0.6958, grad_norm: 0.4482661485671997, lr: 0.001000, time: 0.10s
[INFO]: TRAIN epoch: 1 loss: 0.4682, grad_norm: 0.5125300288200378, lr: 0.001000, time: 0.10s
[INFO]: TRAIN epoch: 1 loss: 0.4202, grad_norm: 0.4524855613708496, lr: 0.001000, time: 0.10s
[INFO]: TRAIN epoch: 1 loss: 0.8636, grad_norm: 0.8543931245803833, lr: 0.001000, time: 0.10s
[INFO]: TRAIN epoch: 1 loss: 0.7688, grad_norm: 0.6884317994117737, lr: 0.001000, time: 0.10s
[INFO]: TRAIN epoch: 1 loss: 0.5720, grad_norm: 0.5672314763069153, lr: 0.001000, time: 0.10s
[INFO]: TRAIN epoch: 1 loss: 0.5513, grad_norm: 0.7470996975898743, lr: 0.001000, time: 0.10s
[INFO]: TRAIN epoch: 1 loss: 0.2876, grad_norm: 0.5248156785964966, lr: 0.001000, time: 0.10s
[INFO]: TRAIN epoch: 1 loss: 0.8650, grad_norm: 0.5971062183380127, lr: 0.001000, time: 0.10s
[INFO]: TRAIN epoch: 1 loss: 0.4789, grad_norm: 0.5211061239242554, lr: 0.001000, time: 0.10s
[INFO]: TRAIN epoch: 1 loss: 0.5471, grad_norm: 0.8834534287452698, lr: 0.001000, time: 0.10s
[INFO]: TRAIN epoch: 1 loss: 0.5211, grad_norm: 0.6449230313301086, lr: 0.001000, time: 0.10s
[INFO]: TRAIN epoch: 1 loss: 0.8126, grad_norm: 0.8598063588142395, lr: 0.001000, time: 0.10s
[INFO]: TRAIN epoch: 1 loss: 0.9246, grad_norm: 0.6783264875411987, lr: 0.001000, time: 0.10s
[INFO]: TRAIN epoch: 1 loss: 0.8601, grad_norm: 0.7386256456375122, lr: 0.001000, time: 0.10s
[INFO]: TRAIN epoch: 1 loss: 0.8446, grad_norm: 0.6594477891921997, lr: 0.001000, time: 0.10s
[INFO]: TRAIN epoch: 1 loss: 0.3809, grad_norm: 0.6260385513305664, lr: 0.001000, time: 0.10s
[INFO]: TRAIN epoch: 1 loss: 0.6688, grad_norm: 0.566033661365509, lr: 0.001000, time: 0.10s
[INFO]: TRAIN epoch: 1 loss: 0.5108, grad_norm: 0.5981979370117188, lr: 0.001000, time: 0.10s
[INFO]: TRAIN epoch: 1 loss: 0.6521, grad_norm: 0.4499926269054413, lr: 0.001000, time: 0.10s
[INFO]: TRAIN epoch: 1 loss: 0.4126, grad_norm: 0.47647395730018616, lr: 0.001000, time: 0.10s
[INFO]: TRAIN epoch: 1 loss: 0.4264, grad_norm: 0.42599689960479736, lr: 0.001000, time: 0.10s
[INFO]: TRAIN epoch: 1 loss: 0.6050, grad_norm: 0.6534622311592102, lr: 0.001000, time: 0.10s
[INFO]: TRAIN epoch: 1 loss: 0.2293, grad_norm: 0.543848991394043, lr: 0.001000, time: 0.10s
[INFO]: TRAIN epoch: 1 loss: 0.3421, grad_norm: 0.4751173257827759, lr: 0.001000, time: 0.10s
[INFO]: TRAIN epoch: 1 loss: 0.6273, grad_norm: 0.5032330751419067, lr: 0.001000, time: 0.10s
[INFO]: TRAIN epoch: 1 loss: 0.4553, grad_norm: 0.5664087533950806, lr: 0.001000, time: 0.10s
[INFO]: TRAIN epoch: 1 loss: 0.3556, grad_norm: 0.4522998034954071, lr: 0.001000, time: 0.10s
[INFO]: TRAIN epoch: 1 loss: 0.6111, grad_norm: 0.6157264709472656, lr: 0.001000, time: 0.10s
[INFO]: TRAIN epoch: 1 loss: 0.4145, grad_norm: 0.5764906406402588, lr: 0.001000, time: 0.10s
[INFO]: TRAIN epoch: 1 loss: 0.5724, grad_norm: 0.6022700071334839, lr: 0.001000, time: 0.10s
[INFO]: TRAIN epoch: 1 loss: 0.4485, grad_norm: 0.48050156235694885, lr: 0.001000, time: 0.10s
[INFO]: TRAIN epoch: 1 loss: 0.9441, grad_norm: 0.5896598100662231, lr: 0.001000, time: 0.10s
[INFO]: TRAIN epoch: 1 loss: 0.7044, grad_norm: 0.6154869198799133, lr: 0.001000, time: 0.10s
[INFO]: TRAIN epoch: 1 loss: 0.6394, grad_norm: 0.7434521317481995, lr: 0.001000, time: 0.10s
[INFO]: TRAIN epoch: 1 loss: 0.7117, grad_norm: 0.6292410492897034, lr: 0.001000, time: 0.10s
[INFO]: TRAIN epoch: 1 loss: 1.0273, grad_norm: 1.0159794092178345, lr: 0.001000, time: 0.10s
[INFO]: TRAIN epoch: 1 loss: 0.8619, grad_norm: 0.7365980744361877, lr: 0.001000, time: 0.10s
[INFO]: TRAIN epoch: 1 loss: 1.0232, grad_norm: 0.6330351233482361, lr: 0.001000, time: 0.10s
[INFO]: TRAIN epoch: 1 loss: 0.5154, grad_norm: 0.6824455857276917, lr: 0.001000, time: 0.10s
[INFO]: TRAIN epoch: 1 loss: 0.5743, grad_norm: 0.43331700563430786, lr: 0.001000, time: 0.10s
[INFO]: TRAIN epoch: 1 loss: 0.4436, grad_norm: 0.7037668824195862, lr: 0.001000, time: 0.10s
[INFO]: TRAIN epoch: 1 loss: 0.9054, grad_norm: 0.6393092274665833, lr: 0.001000, time: 0.10s
[INFO]: TRAIN epoch: 1 loss: 0.6812, grad_norm: 0.48554980754852295, lr: 0.001000, time: 0.10s
[INFO]: TRAIN epoch: 1 loss: 0.6868, grad_norm: 1.0723506212234497, lr: 0.001000, time: 0.10s
[INFO]: TRAIN epoch: 1 loss: 0.7547, grad_norm: 0.34819433093070984, lr: 0.001000, time: 0.10s
[INFO]: TRAIN epoch: 1 loss: 0.5654, grad_norm: 0.5030208230018616, lr: 0.001000, time: 0.10s
[INFO]: TRAIN epoch: 1 loss: 0.7566, grad_norm: 0.532906711101532, lr: 0.001000, time: 0.10s
[INFO]: TRAIN epoch: 1 loss: 0.6069, grad_norm: 0.6517868638038635, lr: 0.001000, time: 0.10s
[INFO]: TRAIN epoch: 1 loss: 0.7660, grad_norm: 0.606756329536438, lr: 0.001000, time: 0.11s
[INFO]: TRAIN epoch: 1 loss: 0.7613, grad_norm: 0.6211982369422913, lr: 0.001000, time: 0.10s
[INFO]: TRAIN epoch: 1 loss: 0.6983, grad_norm: 0.6004797220230103, lr: 0.001000, time: 0.10s
[INFO]: TRAIN epoch: 1 loss: 0.4573, grad_norm: 0.6414893865585327, lr: 0.001000, time: 0.10s
[INFO]: TRAIN epoch: 1 loss: 0.6177, grad_norm: 0.4777051508426666, lr: 0.001000, time: 0.10s
[INFO]: TRAIN epoch: 1 loss: 0.5771, grad_norm: 0.8102738857269287, lr: 0.001000, time: 0.10s
[INFO]: TRAIN epoch: 1 loss: 0.4911, grad_norm: 0.5243240594863892, lr: 0.001000, time: 0.10s
[INFO]: TRAIN epoch: 1 loss: 0.4918, grad_norm: 0.5825663805007935, lr: 0.001000, time: 0.10s
[INFO]: TRAIN epoch: 1 loss: 0.4101, grad_norm: 0.5966495871543884, lr: 0.001000, time: 0.10s
[INFO]: TRAIN epoch: 1 loss: 0.7377, grad_norm: 1.1827759742736816, lr: 0.001000, time: 0.10s
[INFO]: TRAIN epoch: 1 loss: 1.0112, grad_norm: 1.3976489305496216, lr: 0.001000, time: 0.10s
[INFO]: TRAIN epoch: 1 loss: 0.4188, grad_norm: 0.6812294125556946, lr: 0.001000, time: 0.10s
[INFO]: TRAIN epoch: 1 loss: 0.3240, grad_norm: 0.4937405586242676, lr: 0.001000, time: 0.10s
[INFO]: TRAIN epoch: 1 loss: 0.8138, grad_norm: 0.6452144980430603, lr: 0.001000, time: 0.10s
[INFO]: TRAIN epoch: 1 loss: 0.6036, grad_norm: 0.6430949568748474, lr: 0.001000, time: 0.10s
[INFO]: TRAIN epoch: 1 loss: 0.6067, grad_norm: 0.5671595335006714, lr: 0.001000, time: 0.10s
[INFO]: TRAIN epoch: 1 loss: 0.8699, grad_norm: 0.5678068995475769, lr: 0.001000, time: 0.10s
[INFO]: TRAIN epoch: 1 loss: 0.5011, grad_norm: 0.48512259125709534, lr: 0.001000, time: 0.10s
[INFO]: TRAIN epoch: 1 loss: 0.3521, grad_norm: 0.6626133918762207, lr: 0.001000, time: 0.10s
[INFO]: TRAIN epoch: 1 loss: 0.3346, grad_norm: 0.498371422290802, lr: 0.001000, time: 0.10s
[INFO]: TRAIN epoch: 1 loss: 0.4432, grad_norm: 0.5455334186553955, lr: 0.001000, time: 0.11s
[INFO]: TRAIN epoch: 1 loss: 0.4222, grad_norm: 0.4942685663700104, lr: 0.001000, time: 0.10s
[INFO]: TRAIN epoch: 1 loss: 0.7519, grad_norm: 0.7861791849136353, lr: 0.001000, time: 0.10s
[INFO]: TRAIN epoch: 1 loss: 0.6304, grad_norm: 0.7068238854408264, lr: 0.001000, time: 0.10s
[INFO]: TRAIN epoch: 1 loss: 0.7971, grad_norm: 0.8824537992477417, lr: 0.001000, time: 0.10s
[INFO]: TRAIN epoch: 1 loss: 0.4834, grad_norm: 0.5839734077453613, lr: 0.001000, time: 0.10s
[INFO]: TRAIN epoch: 1 loss: 0.8038, grad_norm: 0.8018683791160583, lr: 0.001000, time: 0.10s
[INFO]: TRAIN epoch: 1 loss: 0.6920, grad_norm: 0.7421902418136597, lr: 0.001000, time: 0.10s
[INFO]: TRAIN epoch: 1 loss: 0.8443, grad_norm: 0.7080218195915222, lr: 0.001000, time: 0.10s
[INFO]: TRAIN epoch: 1 loss: 0.8039, grad_norm: 0.8462422490119934, lr: 0.001000, time: 0.10s
[INFO]: TRAIN epoch: 1 loss: 0.2809, grad_norm: 0.4175422787666321, lr: 0.001000, time: 0.10s
[INFO]: TRAIN epoch: 1 loss: 0.4735, grad_norm: 0.5721529722213745, lr: 0.001000, time: 0.10s
[INFO]: TRAIN epoch: 1 loss: 0.9734, grad_norm: 1.1218039989471436, lr: 0.001000, time: 0.10s
[INFO]: TRAIN epoch: 1 loss: 0.3973, grad_norm: 0.5245763659477234, lr: 0.001000, time: 0.10s
[INFO]: TRAIN epoch: 1 loss: 0.3242, grad_norm: 0.5325766205787659, lr: 0.001000, time: 0.10s
[INFO]: TRAIN epoch: 1 loss: 0.4950, grad_norm: 0.5605195760726929, lr: 0.001000, time: 0.10s
[INFO]: TRAIN epoch: 1 loss: 0.6710, grad_norm: 0.5776628255844116, lr: 0.001000, time: 0.10s
[INFO]: TRAIN epoch: 1 loss: 0.2505, grad_norm: 0.439147412776947, lr: 0.001000, time: 0.10s
[INFO]: TRAIN epoch: 1 loss: 0.5054, grad_norm: 0.4887979328632355, lr: 0.001000, time: 0.10s
[INFO]: TRAIN epoch: 1 loss: 0.4202, grad_norm: 0.564389169216156, lr: 0.001000, time: 0.10s
[INFO]: TRAIN epoch: 1 loss: 0.5896, grad_norm: 0.5874043107032776, lr: 0.001000, time: 0.10s
[INFO]: TRAIN epoch: 1 loss: 0.3405, grad_norm: 0.5289615392684937, lr: 0.001000, time: 0.10s
[INFO]: TRAIN epoch: 1 loss: 0.6599, grad_norm: 0.6938111186027527, lr: 0.001000, time: 0.10s
[INFO]: TRAIN epoch: 1 loss: 0.6083, grad_norm: 0.6531546115875244, lr: 0.001000, time: 0.10s
[INFO]: TRAIN epoch: 1 loss: 0.6821, grad_norm: 0.828191876411438, lr: 0.001000, time: 0.10s
[INFO]: TRAIN epoch: 1 loss: 0.7472, grad_norm: 0.5314762592315674, lr: 0.001000, time: 0.10s
[INFO]: TRAIN epoch: 1 loss: 0.4522, grad_norm: 0.8584246039390564, lr: 0.001000, time: 0.10s
[INFO]: TRAIN epoch: 1 loss: 0.4431, grad_norm: 0.6241033673286438, lr: 0.001000, time: 0.10s
[INFO]: TRAIN epoch: 1 loss: 0.3260, grad_norm: 0.4241178333759308, lr: 0.001000, time: 0.10s
[INFO]: TRAIN epoch: 1 loss: 0.7333, grad_norm: 0.5752174854278564, lr: 0.001000, time: 0.10s
[INFO]: TRAIN epoch: 1 loss: 0.9078, grad_norm: 0.6206991076469421, lr: 0.001000, time: 0.10s
[INFO]: TRAIN epoch: 1 loss: 0.5571, grad_norm: 0.6311946511268616, lr: 0.001000, time: 0.10s
[INFO]: TRAIN epoch: 1 loss: 0.8731, grad_norm: 0.6409944295883179, lr: 0.001000, time: 0.10s
[INFO]: TRAIN epoch: 1 loss: 0.4575, grad_norm: 0.693389892578125, lr: 0.001000, time: 0.10s
[INFO]: TRAIN epoch: 1 loss: 0.3806, grad_norm: 0.7849894165992737, lr: 0.001000, time: 0.11s
[INFO]: TRAIN epoch: 1 loss: 0.5423, grad_norm: 0.4842284917831421, lr: 0.001000, time: 0.10s
[INFO]: TRAIN epoch: 1 loss: 0.8171, grad_norm: 0.5360947847366333, lr: 0.001000, time: 0.10s
[INFO]: TRAIN epoch: 1 loss: 0.3284, grad_norm: 0.38556918501853943, lr: 0.001000, time: 0.10s
[INFO]: TRAIN epoch: 1 loss: 1.2195, grad_norm: 0.8830490708351135, lr: 0.001000, time: 0.10s
[INFO]: TRAIN epoch: 1 loss: 0.6886, grad_norm: 0.6875607371330261, lr: 0.001000, time: 0.11s
[INFO]: TRAIN epoch: 1 loss: 0.7189, grad_norm: 0.5293043255805969, lr: 0.001000, time: 0.10s
[INFO]: TRAIN epoch: 1 loss: 0.5765, grad_norm: 0.4101466238498688, lr: 0.001000, time: 0.10s
[INFO]: TRAIN epoch: 1 loss: 0.3653, grad_norm: 0.5442864894866943, lr: 0.001000, time: 0.11s
[INFO]: TRAIN epoch: 1 loss: 0.6509, grad_norm: 0.6182364225387573, lr: 0.001000, time: 0.11s
[INFO]: TRAIN epoch: 1 loss: 0.5773, grad_norm: 0.3448375165462494, lr: 0.001000, time: 0.10s
[INFO]: TRAIN epoch: 1 loss: 0.5278, grad_norm: 0.48451510071754456, lr: 0.001000, time: 0.11s
[INFO]: TRAIN epoch: 1 loss: 0.3818, grad_norm: 0.4218263328075409, lr: 0.001000, time: 0.10s
[INFO]: TRAIN epoch: 1 loss: 0.6431, grad_norm: 0.48337095975875854, lr: 0.001000, time: 0.10s
[INFO]: TRAIN epoch: 1 loss: 1.1350, grad_norm: 0.6545868515968323, lr: 0.001000, time: 0.10s
[INFO]: TRAIN epoch: 1 loss: 0.2532, grad_norm: 0.3573712706565857, lr: 0.001000, time: 0.10s
[INFO]: TRAIN epoch: 1 loss: 0.3557, grad_norm: 0.530968189239502, lr: 0.001000, time: 0.10s
[INFO]: TRAIN epoch: 1 loss: 0.2920, grad_norm: 0.41593772172927856, lr: 0.001000, time: 0.10s
[INFO]: TRAIN epoch: 1 loss: 0.8581, grad_norm: 0.6272355914115906, lr: 0.001000, time: 0.10s
[INFO]: TRAIN epoch: 1 loss: 0.7763, grad_norm: 0.44512230157852173, lr: 0.001000, time: 0.10s
[INFO]: TRAIN epoch: 1 loss: 0.4591, grad_norm: 0.4808867573738098, lr: 0.001000, time: 0.11s
[INFO]: TRAIN epoch: 1 loss: 0.4106, grad_norm: 0.522504448890686, lr: 0.001000, time: 0.10s
[INFO]: TRAIN epoch: 1 loss: 0.4719, grad_norm: 0.4191019535064697, lr: 0.001000, time: 0.10s
[INFO]: TRAIN epoch: 1 loss: 0.3507, grad_norm: 0.402835875749588, lr: 0.001000, time: 0.10s
[INFO]: TRAIN epoch: 1 loss: 0.8407, grad_norm: 0.534631073474884, lr: 0.001000, time: 0.10s
[INFO]: TRAIN epoch: 1 loss: 0.5113, grad_norm: 0.43503493070602417, lr: 0.001000, time: 0.10s
[INFO]: TRAIN epoch: 1 loss: 0.6938, grad_norm: 0.4527060389518738, lr: 0.001000, time: 0.10s
[INFO]: TRAIN epoch: 1 loss: 0.9269, grad_norm: 0.608144998550415, lr: 0.001000, time: 0.11s
[INFO]: TRAIN epoch: 1 loss: 0.7136, grad_norm: 0.5395906567573547, lr: 0.001000, time: 0.10s
[INFO]: TRAIN epoch: 1 loss: 0.6888, grad_norm: 0.5464096069335938, lr: 0.001000, time: 0.11s
[INFO]: TRAIN epoch: 1 loss: 0.6304, grad_norm: 0.47067850828170776, lr: 0.001000, time: 0.10s
[INFO]: TRAIN epoch: 1 loss: 0.5322, grad_norm: 0.43488267064094543, lr: 0.001000, time: 0.10s
[INFO]: TRAIN epoch: 1 loss: 0.5218, grad_norm: 0.5336934328079224, lr: 0.001000, time: 0.11s
[INFO]: TRAIN epoch: 1 loss: 0.4205, grad_norm: 0.48587948083877563, lr: 0.001000, time: 0.10s
[INFO]: TRAIN epoch: 1 loss: 0.4652, grad_norm: 0.4559503495693207, lr: 0.001000, time: 0.11s
[INFO]: TRAIN epoch: 1 loss: 0.6360, grad_norm: 0.4257342219352722, lr: 0.001000, time: 0.10s
[INFO]: TRAIN epoch: 1 loss: 0.5958, grad_norm: 0.5874122977256775, lr: 0.001000, time: 0.10s
[INFO]: TRAIN epoch: 1 loss: 0.3533, grad_norm: 0.5670069456100464, lr: 0.001000, time: 0.10s
[INFO]: TRAIN epoch: 1 loss: 0.8618, grad_norm: 0.6249775886535645, lr: 0.001000, time: 0.10s
[INFO]: TRAIN epoch: 1 loss: 0.4657, grad_norm: 0.3775674104690552, lr: 0.001000, time: 0.10s
[INFO]: TRAIN epoch: 1 loss: 0.3613, grad_norm: 0.5335017442703247, lr: 0.001000, time: 0.11s
[INFO]: TRAIN epoch: 1 loss: 0.7711, grad_norm: 0.5857119560241699, lr: 0.001000, time: 0.10s
[INFO]: TRAIN epoch: 1 loss: 0.3958, grad_norm: 0.4586585760116577, lr: 0.001000, time: 0.10s
[INFO]: TRAIN epoch: 1 loss: 0.8403, grad_norm: 0.5775105357170105, lr: 0.001000, time: 0.10s
[INFO]: TRAIN epoch: 1 loss: 0.4512, grad_norm: 0.7674080729484558, lr: 0.001000, time: 0.11s
[INFO]: TRAIN epoch: 1 loss: 0.5771, grad_norm: 0.5357655882835388, lr: 0.001000, time: 0.10s
[INFO]: TRAIN epoch: 1 loss: 0.5639, grad_norm: 0.5304823517799377, lr: 0.001000, time: 0.10s
[INFO]: TRAIN epoch: 1 loss: 0.8420, grad_norm: 0.8878391981124878, lr: 0.001000, time: 0.10s
[INFO]: TRAIN epoch: 1 loss: 0.3721, grad_norm: 0.46769315004348755, lr: 0.001000, time: 0.10s
[INFO]: TRAIN epoch: 1 loss: 0.4927, grad_norm: 0.418972373008728, lr: 0.001000, time: 0.10s
[INFO]: TRAIN epoch: 1 loss: 0.4612, grad_norm: 0.4500938355922699, lr: 0.001000, time: 0.10s
[INFO]: TRAIN epoch: 1 loss: 0.6154, grad_norm: 0.3491450548171997, lr: 0.001000, time: 0.10s
[INFO]: TRAIN epoch: 1 loss: 1.2358, grad_norm: 0.5649704337120056, lr: 0.001000, time: 0.10s
[INFO]: TRAIN epoch: 1 loss: 0.6088, grad_norm: 0.4855763614177704, lr: 0.001000, time: 0.10s
[INFO]: TRAIN epoch: 1 loss: 0.3005, grad_norm: 0.4644160270690918, lr: 0.001000, time: 0.10s
[INFO]: TRAIN epoch: 1 loss: 0.4470, grad_norm: 0.5948613286018372, lr: 0.001000, time: 0.10s
[INFO]: TRAIN epoch: 1 loss: 0.3782, grad_norm: 0.4439006447792053, lr: 0.001000, time: 0.10s
[INFO]: TRAIN epoch: 1 loss: 0.9342, grad_norm: 0.5758919715881348, lr: 0.001000, time: 0.10s
[INFO]: TRAIN epoch: 1 loss: 0.7935, grad_norm: 0.44498535990715027, lr: 0.001000, time: 0.11s
[INFO]: TRAIN epoch: 1 loss: 0.5203, grad_norm: 0.4298968017101288, lr: 0.001000, time: 0.10s
[INFO]: TRAIN epoch: 1 loss: 0.6202, grad_norm: 0.3858117163181305, lr: 0.001000, time: 0.10s
[INFO]: TRAIN epoch: 1 loss: 0.7992, grad_norm: 0.6228824853897095, lr: 0.001000, time: 0.10s
[INFO]: TRAIN epoch: 1 loss: 0.2677, grad_norm: 0.4523512125015259, lr: 0.001000, time: 0.10s
[INFO]: TRAIN epoch: 1 loss: 0.3894, grad_norm: 0.41359931230545044, lr: 0.001000, time: 0.10s
[INFO]: TRAIN epoch: 1 loss: 0.7166, grad_norm: 0.5175392031669617, lr: 0.001000, time: 0.10s
[INFO]: TRAIN epoch: 1 loss: 0.6369, grad_norm: 0.4988778531551361, lr: 0.001000, time: 0.10s
[INFO]: TRAIN epoch: 1 loss: 0.3014, grad_norm: 0.3917244076728821, lr: 0.001000, time: 0.10s
[INFO]: TRAIN epoch: 1 loss: 0.5480, grad_norm: 0.6138525605201721, lr: 0.001000, time: 0.10s
[INFO]: TRAIN epoch: 1 loss: 0.6512, grad_norm: 0.4798562824726105, lr: 0.001000, time: 0.10s
[INFO]: TRAIN epoch: 1 loss: 0.4195, grad_norm: 0.5032260417938232, lr: 0.001000, time: 0.10s
[INFO]: TRAIN epoch: 1 loss: 0.7637, grad_norm: 0.7559167146682739, lr: 0.001000, time: 0.10s
[INFO]: TRAIN epoch: 1 loss: 0.3142, grad_norm: 0.6737536787986755, lr: 0.001000, time: 0.11s
[INFO]: TRAIN epoch: 1 loss: 0.3276, grad_norm: 0.4962000846862793, lr: 0.001000, time: 0.11s
[INFO]: TRAIN epoch: 1 loss: 0.4431, grad_norm: 0.4539823532104492, lr: 0.001000, time: 0.10s
[INFO]: TRAIN epoch: 1 loss: 0.3509, grad_norm: 0.401468962430954, lr: 0.001000, time: 0.11s
[INFO]: TRAIN epoch: 1 loss: 0.7507, grad_norm: 0.6100050806999207, lr: 0.001000, time: 0.10s
[INFO]: TRAIN epoch: 1 loss: 0.3614, grad_norm: 0.5363168120384216, lr: 0.001000, time: 0.10s
[INFO]: TRAIN epoch: 1 loss: 0.3250, grad_norm: 0.5570512413978577, lr: 0.001000, time: 0.10s
[INFO]: TRAIN epoch: 1 loss: 0.5610, grad_norm: 0.6265779137611389, lr: 0.001000, time: 0.11s
[INFO]: TRAIN epoch: 1 loss: 0.5599, grad_norm: 0.40762633085250854, lr: 0.001000, time: 0.10s
[INFO]: TRAIN epoch: 1 loss: 0.2225, grad_norm: 0.47995880246162415, lr: 0.001000, time: 0.10s
[INFO]: TRAIN epoch: 1 loss: 0.2290, grad_norm: 0.4508607089519501, lr: 0.001000, time: 0.10s
[INFO]: TRAIN epoch: 1 loss: 0.8950, grad_norm: 0.5122851729393005, lr: 0.001000, time: 0.10s
[INFO]: TRAIN epoch: 1 loss: 0.7574, grad_norm: 0.4538429379463196, lr: 0.001000, time: 0.10s
[INFO]: TRAIN epoch: 1 loss: 0.7765, grad_norm: 0.3510255217552185, lr: 0.001000, time: 0.11s
[INFO]: TRAIN epoch: 1 loss: 0.3382, grad_norm: 0.4959262013435364, lr: 0.001000, time: 0.10s
[INFO]: TRAIN epoch: 1 loss: 0.4019, grad_norm: 0.5616130828857422, lr: 0.001000, time: 0.10s
[INFO]: TRAIN epoch: 1 loss: 0.3429, grad_norm: 0.42076849937438965, lr: 0.001000, time: 0.10s
[INFO]: TRAIN epoch: 1 loss: 0.5006, grad_norm: 0.4560704529285431, lr: 0.001000, time: 0.10s
[INFO]: TRAIN epoch: 1 loss: 0.6972, grad_norm: 0.4544127285480499, lr: 0.001000, time: 0.11s
[INFO]: TRAIN epoch: 1 loss: 0.5408, grad_norm: 0.5252017378807068, lr: 0.001000, time: 0.10s
[INFO]: TRAIN epoch: 1 loss: 0.7781, grad_norm: 0.43946802616119385, lr: 0.001000, time: 0.11s
[INFO]: TRAIN epoch: 1 loss: 0.3396, grad_norm: 0.6159719824790955, lr: 0.001000, time: 0.10s
[INFO]: TRAIN epoch: 1 loss: 0.4901, grad_norm: 0.4550503194332123, lr: 0.001000, time: 0.10s
[INFO]: TRAIN epoch: 1 loss: 0.5537, grad_norm: 0.5254787802696228, lr: 0.001000, time: 0.10s
[INFO]: TRAIN epoch: 1 loss: 0.4569, grad_norm: 0.7329524159431458, lr: 0.001000, time: 0.10s
[INFO]: TRAIN epoch: 1 loss: 0.2578, grad_norm: 0.4056650400161743, lr: 0.001000, time: 0.10s
[INFO]: TRAIN epoch: 1 loss: 0.5471, grad_norm: 0.47173792123794556, lr: 0.001000, time: 0.10s
[INFO]: TRAIN epoch: 1 loss: 0.4441, grad_norm: 0.585777223110199, lr: 0.001000, time: 0.10s
[INFO]: TRAIN epoch: 1 loss: 0.3378, grad_norm: 0.5186055898666382, lr: 0.001000, time: 0.10s
[INFO]: TRAIN epoch: 1 loss: 0.3967, grad_norm: 0.3972216844558716, lr: 0.001000, time: 0.10s
[INFO]: TRAIN epoch: 1 loss: 0.3209, grad_norm: 0.42640700936317444, lr: 0.001000, time: 0.10s
[INFO]: TRAIN epoch: 1 loss: 0.5243, grad_norm: 0.5206571221351624, lr: 0.001000, time: 0.10s
[INFO]: TRAIN epoch: 1 loss: 0.9949, grad_norm: 0.6299874782562256, lr: 0.001000, time: 0.10s
[INFO]: TRAIN epoch: 1 loss: 0.9942, grad_norm: 0.49238693714141846, lr: 0.001000, time: 0.10s
[INFO]: TRAIN epoch: 1 loss: 0.7367, grad_norm: 0.5186267495155334, lr: 0.001000, time: 0.10s
[INFO]: TRAIN epoch: 1 loss: 0.9416, grad_norm: 0.6268549561500549, lr: 0.001000, time: 0.10s
[INFO]: TRAIN epoch: 1 loss: 0.2525, grad_norm: 0.5564059615135193, lr: 0.001000, time: 0.10s
[INFO]: TRAIN epoch: 1 loss: 0.2755, grad_norm: 0.4110490679740906, lr: 0.001000, time: 0.10s
[INFO]: TRAIN epoch: 1 loss: 0.5774, grad_norm: 0.5632143616676331, lr: 0.001000, time: 0.10s
[INFO]: TRAIN epoch: 1 loss: 0.5722, grad_norm: 0.6140796542167664, lr: 0.001000, time: 0.26s
[INFO]: TRAIN epoch: 1 loss: 0.8817, grad_norm: 0.37943947315216064, lr: 0.001000, time: 0.10s
[INFO]: TRAIN epoch: 1 loss: 0.6750, grad_norm: 0.8050716519355774, lr: 0.001000, time: 0.10s
[INFO]: TRAIN epoch: 1 loss: 0.8768, grad_norm: 0.6940922737121582, lr: 0.001000, time: 0.10s
[INFO]: TRAIN epoch: 1 loss: 0.5765, grad_norm: 0.5889328122138977, lr: 0.001000, time: 0.10s
[INFO]: TRAIN epoch: 1 loss: 0.8127, grad_norm: 0.5669556856155396, lr: 0.001000, time: 0.10s
[INFO]: TRAIN epoch: 1 loss: 0.2909, grad_norm: 0.3306051194667816, lr: 0.001000, time: 0.10s
[INFO]: TRAIN epoch: 1 loss: 0.7261, grad_norm: 0.5771014094352722, lr: 0.001000, time: 0.10s
[INFO]: TRAIN epoch: 1 loss: 0.3517, grad_norm: 0.5421717166900635, lr: 0.001000, time: 0.10s
[INFO]: TRAIN epoch: 1 loss: 0.7726, grad_norm: 0.4957221746444702, lr: 0.001000, time: 0.10s
[INFO]: TRAIN epoch: 1 loss: 0.2531, grad_norm: 0.48137223720550537, lr: 0.001000, time: 0.10s
[INFO]: TRAIN epoch: 1 loss: 0.6145, grad_norm: 0.47569456696510315, lr: 0.001000, time: 0.10s
[INFO]: TRAIN epoch: 1 loss: 0.4770, grad_norm: 0.4265444576740265, lr: 0.001000, time: 0.10s
[INFO]: TRAIN epoch: 1 loss: 0.5834, grad_norm: 0.4887152910232544, lr: 0.001000, time: 0.10s
[INFO]: TRAIN epoch: 1 loss: 0.3130, grad_norm: 0.596100389957428, lr: 0.001000, time: 0.10s
[INFO]: TRAIN epoch: 1 loss: 0.7003, grad_norm: 0.5015262961387634, lr: 0.001000, time: 0.10s
[INFO]: TRAIN epoch: 1 loss: 0.4484, grad_norm: 0.634124755859375, lr: 0.001000, time: 0.10s
[INFO]: TRAIN epoch: 1 loss: 0.9523, grad_norm: 0.6492968201637268, lr: 0.001000, time: 0.10s
[INFO]: TRAIN epoch: 1 loss: 0.6535, grad_norm: 0.7289997935295105, lr: 0.001000, time: 0.10s
[INFO]: TRAIN epoch: 1 loss: 0.6743, grad_norm: 0.6547896265983582, lr: 0.001000, time: 0.10s
[INFO]: TRAIN epoch: 1 loss: 0.2465, grad_norm: 0.458647757768631, lr: 0.001000, time: 0.10s
[INFO]: TRAIN epoch: 1 loss: 0.5628, grad_norm: 0.6631261110305786, lr: 0.001000, time: 0.10s
[INFO]: TRAIN epoch: 1 loss: 0.5202, grad_norm: 0.6417502760887146, lr: 0.001000, time: 0.10s
[INFO]: TRAIN epoch: 1 loss: 0.1934, grad_norm: 0.42503052949905396, lr: 0.001000, time: 0.10s
[INFO]: TRAIN epoch: 1 loss: 0.5240, grad_norm: 0.4365023672580719, lr: 0.001000, time: 0.10s
[INFO]: TRAIN epoch: 1 loss: 0.3025, grad_norm: 0.42098942399024963, lr: 0.001000, time: 0.10s
[INFO]: TRAIN epoch: 1 loss: 0.6372, grad_norm: 0.5747624635696411, lr: 0.001000, time: 0.10s
[INFO]: TRAIN epoch: 1 loss: 1.1048, grad_norm: 0.6622323393821716, lr: 0.001000, time: 0.10s
[INFO]: TRAIN epoch: 1 loss: 0.8679, grad_norm: 0.7522464394569397, lr: 0.001000, time: 0.10s
[INFO]: TRAIN epoch: 1 loss: 0.9696, grad_norm: 0.509905219078064, lr: 0.001000, time: 0.10s
[INFO]: TRAIN epoch: 1 loss: 0.6146, grad_norm: 0.447626531124115, lr: 0.001000, time: 0.10s
[INFO]: TRAIN epoch: 1 loss: 0.5835, grad_norm: 0.5422874093055725, lr: 0.001000, time: 0.10s
[INFO]: TRAIN epoch: 1 loss: 0.3139, grad_norm: 0.5054271817207336, lr: 0.001000, time: 0.10s
[INFO]: TRAIN epoch: 1 loss: 0.2915, grad_norm: 0.5126282572746277, lr: 0.001000, time: 0.10s
[INFO]: TRAIN epoch: 1 loss: 0.3285, grad_norm: 0.5198971629142761, lr: 0.001000, time: 0.10s
[INFO]: TRAIN epoch: 1 loss: 0.6152, grad_norm: 0.49417245388031006, lr: 0.001000, time: 0.10s
[INFO]: TRAIN epoch: 1 loss: 0.8391, grad_norm: 0.6691035032272339, lr: 0.001000, time: 0.10s
[INFO]: TRAIN epoch: 1 loss: 0.8718, grad_norm: 0.5847557187080383, lr: 0.001000, time: 0.10s
[INFO]: TRAIN epoch: 1 loss: 0.4075, grad_norm: 0.6715259552001953, lr: 0.001000, time: 0.10s
[INFO]: TRAIN epoch: 1 loss: 0.5137, grad_norm: 0.593564510345459, lr: 0.001000, time: 0.10s
[INFO]: TRAIN epoch: 1 loss: 0.5861, grad_norm: 0.5710710883140564, lr: 0.001000, time: 0.10s
[INFO]: TRAIN epoch: 1 loss: 0.3163, grad_norm: 0.3284558057785034, lr: 0.001000, time: 0.10s
[INFO]: TRAIN epoch: 1 loss: 0.2741, grad_norm: 0.43040207028388977, lr: 0.001000, time: 0.10s
[INFO]: TRAIN epoch: 1 loss: 0.3375, grad_norm: 0.5170832872390747, lr: 0.001000, time: 0.10s
[INFO]: TRAIN epoch: 1 loss: 0.6902, grad_norm: 0.5817421674728394, lr: 0.001000, time: 0.10s
[INFO]: TRAIN epoch: 1 loss: 0.6377, grad_norm: 0.5065460801124573, lr: 0.001000, time: 0.10s
[INFO]: TRAIN epoch: 1 loss: 0.5534, grad_norm: 0.5346369743347168, lr: 0.001000, time: 0.10s
[INFO]: TRAIN epoch: 1 loss: 0.6891, grad_norm: 0.592268705368042, lr: 0.001000, time: 0.10s
[INFO]: TRAIN epoch: 1 loss: 0.7273, grad_norm: 0.3985807001590729, lr: 0.001000, time: 0.10s
[INFO]: TRAIN epoch: 1 loss: 0.6164, grad_norm: 0.4884498119354248, lr: 0.001000, time: 0.10s
[INFO]: TRAIN epoch: 1 loss: 0.2551, grad_norm: 0.5927971601486206, lr: 0.001000, time: 0.10s
[INFO]: TRAIN epoch: 1 loss: 0.7072, grad_norm: 0.4299665689468384, lr: 0.001000, time: 0.10s
[INFO]: TRAIN epoch: 1 loss: 0.7574, grad_norm: 0.5496474504470825, lr: 0.001000, time: 0.10s
[INFO]: TRAIN epoch: 1 loss: 0.2537, grad_norm: 0.4509073495864868, lr: 0.001000, time: 0.10s
[INFO]: TRAIN epoch: 1 loss: 0.2004, grad_norm: 0.36828044056892395, lr: 0.001000, time: 0.10s
[INFO]: TRAIN epoch: 1 loss: 0.5385, grad_norm: 0.6215904951095581, lr: 0.001000, time: 0.10s
[INFO]: TRAIN epoch: 1 loss: 0.1488, grad_norm: 0.30018529295921326, lr: 0.001000, time: 0.10s
[INFO]: TRAIN epoch: 1 loss: 0.9457, grad_norm: 1.5512149333953857, lr: 0.001000, time: 0.10s
[INFO]: TRAIN epoch: 1 loss: 0.3934, grad_norm: 0.7808234095573425, lr: 0.001000, time: 0.10s
[INFO]: TRAIN epoch: 1 loss: 0.7190, grad_norm: 0.6289381384849548, lr: 0.001000, time: 0.10s
[INFO]: TRAIN epoch: 1 loss: 0.3374, grad_norm: 0.6619733572006226, lr: 0.001000, time: 0.10s
[INFO]: TRAIN epoch: 1 loss: 0.6787, grad_norm: 0.6195372939109802, lr: 0.001000, time: 0.10s
[INFO]: TRAIN epoch: 1 loss: 0.3576, grad_norm: 0.45489832758903503, lr: 0.001000, time: 0.10s
[INFO]: TRAIN epoch: 1 loss: 0.4861, grad_norm: 0.494984894990921, lr: 0.001000, time: 0.10s
[INFO]: TRAIN epoch: 1 loss: 0.4203, grad_norm: 0.5347074270248413, lr: 0.001000, time: 0.10s
[INFO]: TRAIN epoch: 1 loss: 0.7806, grad_norm: 0.5856149196624756, lr: 0.001000, time: 0.10s
[INFO]: TRAIN epoch: 1 loss: 0.5376, grad_norm: 0.4631693363189697, lr: 0.001000, time: 0.10s
[INFO]: TRAIN epoch: 1 loss: 0.7280, grad_norm: 0.45587489008903503, lr: 0.001000, time: 0.10s
[INFO]: TRAIN epoch: 1 loss: 0.5628, grad_norm: 0.5093339681625366, lr: 0.001000, time: 0.10s
[INFO]: TRAIN epoch: 1 loss: 0.2802, grad_norm: 0.38542261719703674, lr: 0.001000, time: 0.10s
[INFO]: TRAIN epoch: 1 loss: 0.7206, grad_norm: 0.5508002042770386, lr: 0.001000, time: 0.10s
[INFO]: TRAIN epoch: 1 loss: 0.6620, grad_norm: 0.48349276185035706, lr: 0.001000, time: 0.10s
[INFO]: TRAIN epoch: 1 loss: 0.5063, grad_norm: 0.44884786009788513, lr: 0.001000, time: 0.10s
[INFO]: TRAIN epoch: 1 loss: 0.8055, grad_norm: 0.680928647518158, lr: 0.001000, time: 0.10s
[INFO]: TRAIN epoch: 1 loss: 0.4713, grad_norm: 0.5522677302360535, lr: 0.001000, time: 0.10s
[INFO]: TRAIN epoch: 1 loss: 0.6180, grad_norm: 0.4810080826282501, lr: 0.001000, time: 0.10s
[INFO]: TRAIN epoch: 1 loss: 0.3636, grad_norm: 0.43975311517715454, lr: 0.001000, time: 0.10s
[INFO]: TRAIN epoch: 1 loss: 0.8201, grad_norm: 0.5405406951904297, lr: 0.001000, time: 0.10s
[INFO]: TRAIN epoch: 1 loss: 0.4602, grad_norm: 0.4140092432498932, lr: 0.001000, time: 0.10s
[INFO]: TRAIN epoch: 1 loss: 0.7059, grad_norm: 0.7594131827354431, lr: 0.001000, time: 0.10s
[INFO]: TRAIN epoch: 1 loss: 0.4797, grad_norm: 0.4523812532424927, lr: 0.001000, time: 0.10s
[INFO]: TRAIN epoch: 1 loss: 0.7028, grad_norm: 0.4445265233516693, lr: 0.001000, time: 0.10s
[INFO]: TRAIN epoch: 1 loss: 0.3132, grad_norm: 0.46753618121147156, lr: 0.001000, time: 0.10s
[INFO]: TRAIN epoch: 1 loss: 0.7843, grad_norm: 0.7262091040611267, lr: 0.001000, time: 0.10s
[INFO]: TRAIN epoch: 1 loss: 0.7450, grad_norm: 0.4325922429561615, lr: 0.001000, time: 0.10s
[INFO]: TRAIN epoch: 1 loss: 0.6328, grad_norm: 0.34323322772979736, lr: 0.001000, time: 0.10s
[INFO]: TRAIN epoch: 1 loss: 0.5257, grad_norm: 0.4803064167499542, lr: 0.001000, time: 0.10s
[INFO]: TRAIN epoch: 1 loss: 0.3752, grad_norm: 0.39916080236434937, lr: 0.001000, time: 0.10s
[INFO]: TRAIN epoch: 1 loss: 0.5634, grad_norm: 0.5145599246025085, lr: 0.001000, time: 0.10s
[INFO]: TRAIN epoch: 1 loss: 0.2771, grad_norm: 0.44633617997169495, lr: 0.001000, time: 0.10s
[INFO]: TRAIN epoch: 1 loss: 0.3196, grad_norm: 0.4371764063835144, lr: 0.001000, time: 0.10s
[INFO]: TRAIN epoch: 1 loss: 0.2190, grad_norm: 0.3983694612979889, lr: 0.001000, time: 0.10s
[INFO]: TRAIN epoch: 1 loss: 0.8705, grad_norm: 0.7223578095436096, lr: 0.001000, time: 0.10s
[INFO]: TRAIN epoch: 1 loss: 0.7595, grad_norm: 0.5860872268676758, lr: 0.001000, time: 0.10s
[INFO]: TRAIN epoch: 1 loss: 0.2364, grad_norm: 0.5136299729347229, lr: 0.001000, time: 0.10s
[INFO]: TRAIN epoch: 1 loss: 0.6428, grad_norm: 0.6203041076660156, lr: 0.001000, time: 0.10s
[INFO]: TRAIN epoch: 1 loss: 0.5935, grad_norm: 0.6837005615234375, lr: 0.001000, time: 0.10s
[INFO]: TRAIN epoch: 1 loss: 0.2525, grad_norm: 0.38205787539482117, lr: 0.001000, time: 0.10s
[INFO]: TRAIN epoch: 1 loss: 0.5260, grad_norm: 0.5157411098480225, lr: 0.001000, time: 0.10s
[INFO]: TRAIN epoch: 1 loss: 0.2909, grad_norm: 0.5658767223358154, lr: 0.001000, time: 0.10s
[INFO]: TRAIN epoch: 1 loss: 0.6873, grad_norm: 0.5572522878646851, lr: 0.001000, time: 0.10s
[INFO]: TRAIN epoch: 1 loss: 0.6254, grad_norm: 0.4622749984264374, lr: 0.001000, time: 0.10s
[INFO]: TRAIN epoch: 1 loss: 0.1635, grad_norm: 0.3988299071788788, lr: 0.001000, time: 0.10s
[INFO]: TRAIN epoch: 1 loss: 0.7268, grad_norm: 0.7199022769927979, lr: 0.001000, time: 0.10s
[INFO]: TRAIN epoch: 1 loss: 0.4554, grad_norm: 0.4748077690601349, lr: 0.001000, time: 0.10s
[INFO]: TRAIN epoch: 1 loss: 0.6131, grad_norm: 0.48078981041908264, lr: 0.001000, time: 0.10s
[INFO]: TRAIN epoch: 1 loss: 0.7989, grad_norm: 0.45842036604881287, lr: 0.001000, time: 0.10s
[INFO]: TRAIN epoch: 1 loss: 0.4703, grad_norm: 0.3846672773361206, lr: 0.001000, time: 0.10s
[INFO]: TRAIN epoch: 1 loss: 0.7220, grad_norm: 0.3703325688838959, lr: 0.001000, time: 0.10s
[INFO]: TRAIN epoch: 1 loss: 0.5313, grad_norm: 0.5165209770202637, lr: 0.001000, time: 0.10s
[INFO]: TRAIN epoch: 1 loss: 0.6360, grad_norm: 0.3478674292564392, lr: 0.001000, time: 0.10s
[INFO]: TRAIN epoch: 1 loss: 0.2519, grad_norm: 0.43698248267173767, lr: 0.001000, time: 0.10s
[INFO]: TRAIN epoch: 1 loss: 0.2530, grad_norm: 0.4387443959712982, lr: 0.001000, time: 0.10s
[INFO]: TRAIN epoch: 1 loss: 0.3553, grad_norm: 0.533484697341919, lr: 0.001000, time: 0.10s
[INFO]: TRAIN epoch: 1 loss: 0.8327, grad_norm: 0.6931688189506531, lr: 0.001000, time: 0.10s
[INFO]: TRAIN epoch: 1 loss: 0.8312, grad_norm: 0.715811014175415, lr: 0.001000, time: 0.10s
[INFO]: TRAIN epoch: 1 loss: 0.2398, grad_norm: 0.46078619360923767, lr: 0.001000, time: 0.10s
[INFO]: TRAIN epoch: 1 loss: 0.2243, grad_norm: 0.5420286059379578, lr: 0.001000, time: 0.10s
[INFO]: TRAIN epoch: 1 loss: 0.5495, grad_norm: 0.5494164824485779, lr: 0.001000, time: 0.10s
[INFO]: TRAIN epoch: 1 loss: 0.3730, grad_norm: 0.582446277141571, lr: 0.001000, time: 0.10s
[INFO]: TRAIN epoch: 1 loss: 0.3954, grad_norm: 0.8264710307121277, lr: 0.001000, time: 0.10s
[INFO]: TRAIN epoch: 1 loss: 0.6152, grad_norm: 0.5162435173988342, lr: 0.001000, time: 0.10s
[INFO]: TRAIN epoch: 1 loss: 0.3851, grad_norm: 0.47178003191947937, lr: 0.001000, time: 0.10s
[INFO]: TRAIN epoch: 1 loss: 0.5075, grad_norm: 0.6375750303268433, lr: 0.001000, time: 0.10s
[INFO]: TRAIN epoch: 1 loss: 0.6933, grad_norm: 0.564180314540863, lr: 0.001000, time: 0.10s
[INFO]: TRAIN epoch: 1 loss: 0.5786, grad_norm: 0.5038625001907349, lr: 0.001000, time: 0.10s
[INFO]: TRAIN epoch: 1 loss: 0.7415, grad_norm: 0.42627421021461487, lr: 0.001000, time: 0.10s
[INFO]: TRAIN epoch: 1 loss: 0.6456, grad_norm: 0.5414245128631592, lr: 0.001000, time: 0.10s
[INFO]: TRAIN epoch: 1 loss: 0.8115, grad_norm: 0.45619842410087585, lr: 0.001000, time: 0.10s
[INFO]: TRAIN epoch: 1 loss: 0.3118, grad_norm: 0.45594915747642517, lr: 0.001000, time: 0.10s
[INFO]: TRAIN epoch: 1 loss: 0.3568, grad_norm: 0.45575329661369324, lr: 0.001000, time: 0.10s
[INFO]: TRAIN epoch: 1 loss: 0.4226, grad_norm: 0.45452797412872314, lr: 0.001000, time: 0.10s
[INFO]: TRAIN epoch: 1 loss: 0.7678, grad_norm: 0.5828904509544373, lr: 0.001000, time: 0.10s
[INFO]: TRAIN epoch: 1 loss: 0.7630, grad_norm: 0.3990941047668457, lr: 0.001000, time: 0.10s
[INFO]: TRAIN epoch: 1 loss: 0.2606, grad_norm: 0.4042569100856781, lr: 0.001000, time: 0.10s
[INFO]: TRAIN epoch: 1 loss: 0.5236, grad_norm: 0.41195839643478394, lr: 0.001000, time: 0.10s
[INFO]: TRAIN epoch: 1 loss: 0.6478, grad_norm: 0.6005544662475586, lr: 0.001000, time: 0.10s
[INFO]: TRAIN epoch: 1 loss: 0.3497, grad_norm: 0.4784254729747772, lr: 0.001000, time: 0.10s
[INFO]: TRAIN epoch: 1 loss: 0.3603, grad_norm: 0.41562747955322266, lr: 0.001000, time: 0.10s
[INFO]: TRAIN epoch: 1 loss: 0.7515, grad_norm: 0.5412093997001648, lr: 0.001000, time: 0.10s
[INFO]: TRAIN epoch: 1 loss: 0.6451, grad_norm: 0.658054769039154, lr: 0.001000, time: 0.10s
[INFO]: TRAIN epoch: 1 loss: 0.2309, grad_norm: 0.3855336010456085, lr: 0.001000, time: 0.10s
[INFO]: TRAIN epoch: 1 loss: 0.4777, grad_norm: 0.5490897297859192, lr: 0.001000, time: 0.10s
[INFO]: TRAIN epoch: 1 loss: 0.5168, grad_norm: 0.5556094646453857, lr: 0.001000, time: 0.10s
[INFO]: TRAIN epoch: 1 loss: 0.6203, grad_norm: 0.3977743685245514, lr: 0.001000, time: 0.10s
[INFO]: TRAIN epoch: 1 loss: 0.2928, grad_norm: 0.3644193708896637, lr: 0.001000, time: 0.10s
[INFO]: TRAIN epoch: 1 loss: 0.5894, grad_norm: 0.45598745346069336, lr: 0.001000, time: 0.10s
[INFO]: TRAIN epoch: 1 loss: 0.6345, grad_norm: 0.5277640223503113, lr: 0.001000, time: 0.10s
[INFO]: TRAIN epoch: 1 loss: 0.5701, grad_norm: 0.7190271615982056, lr: 0.001000, time: 0.10s
[INFO]: TRAIN epoch: 1 loss: 0.7068, grad_norm: 0.46692392230033875, lr: 0.001000, time: 0.10s
[INFO]: TRAIN epoch: 1 loss: 0.8665, grad_norm: 0.504064679145813, lr: 0.001000, time: 0.10s
[INFO]: TRAIN epoch: 1 loss: 0.6777, grad_norm: 0.5021333694458008, lr: 0.001000, time: 0.10s
[INFO]: TRAIN epoch: 1 loss: 0.9358, grad_norm: 0.5377530455589294, lr: 0.001000, time: 0.10s
[INFO]: TRAIN epoch: 1 loss: 0.6102, grad_norm: 0.4626181125640869, lr: 0.001000, time: 0.10s
[INFO]: TRAIN epoch: 1 loss: 0.5235, grad_norm: 0.37000736594200134, lr: 0.001000, time: 0.10s
[INFO]: TRAIN epoch: 1 loss: 0.7752, grad_norm: 0.5697761178016663, lr: 0.001000, time: 0.10s
[INFO]: TRAIN epoch: 1 loss: 0.4875, grad_norm: 0.4837999939918518, lr: 0.001000, time: 0.10s
[INFO]: TRAIN epoch: 1 loss: 0.3069, grad_norm: 0.40516507625579834, lr: 0.001000, time: 0.10s
[INFO]: TRAIN epoch: 1 loss: 0.3629, grad_norm: 0.491708368062973, lr: 0.001000, time: 0.10s
[INFO]: TRAIN epoch: 1 loss: 0.9558, grad_norm: 0.6387110948562622, lr: 0.001000, time: 0.10s
[INFO]: TRAIN epoch: 1 loss: 1.0066, grad_norm: 0.6546125411987305, lr: 0.001000, time: 0.10s
[INFO]: TRAIN epoch: 1 loss: 0.6383, grad_norm: 0.6625714302062988, lr: 0.001000, time: 0.10s
[INFO]: TRAIN epoch: 1 loss: 0.6315, grad_norm: 0.42590993642807007, lr: 0.001000, time: 0.10s
[INFO]: TRAIN epoch: 1 loss: 0.6537, grad_norm: 0.5100350379943848, lr: 0.001000, time: 0.10s
[INFO]: TRAIN epoch: 1 loss: 0.5466, grad_norm: 0.43292221426963806, lr: 0.001000, time: 0.10s
[INFO]: TRAIN epoch: 1 loss: 0.5689, grad_norm: 0.475380539894104, lr: 0.001000, time: 0.10s
[INFO]: TRAIN epoch: 1 loss: 0.6472, grad_norm: 0.5098612904548645, lr: 0.001000, time: 0.10s
[INFO]: TRAIN epoch: 1 loss: 0.2957, grad_norm: 0.8615773916244507, lr: 0.001000, time: 0.10s
[INFO]: TRAIN epoch: 1 loss: 0.3042, grad_norm: 0.5782694220542908, lr: 0.001000, time: 0.10s
[INFO]: TRAIN epoch: 1 loss: 0.4238, grad_norm: 0.4495381712913513, lr: 0.001000, time: 0.10s
[INFO]: TRAIN epoch: 1 loss: 0.3224, grad_norm: 0.4691735506057739, lr: 0.001000, time: 0.10s
[INFO]: TRAIN epoch: 1 loss: 0.6386, grad_norm: 0.5314766764640808, lr: 0.001000, time: 0.10s
[INFO]: TRAIN epoch: 1 loss: 0.7646, grad_norm: 0.5095247626304626, lr: 0.001000, time: 0.10s
[INFO]: TRAIN epoch: 1 loss: 0.3257, grad_norm: 0.44543930888175964, lr: 0.001000, time: 0.10s
[INFO]: TRAIN epoch: 1 loss: 0.6833, grad_norm: 0.46353888511657715, lr: 0.001000, time: 0.10s
[INFO]: TRAIN epoch: 1 loss: 0.7041, grad_norm: 0.3854387104511261, lr: 0.001000, time: 0.10s
[INFO]: TRAIN epoch: 1 loss: 0.6815, grad_norm: 0.5204656720161438, lr: 0.001000, time: 0.10s
[INFO]: TRAIN epoch: 1 loss: 0.4499, grad_norm: 0.571361243724823, lr: 0.001000, time: 0.10s
[INFO]: TRAIN epoch: 1 loss: 0.7471, grad_norm: 0.7205169200897217, lr: 0.001000, time: 0.10s
[INFO]: TRAIN epoch: 1 loss: 0.4406, grad_norm: 0.41335129737854004, lr: 0.001000, time: 0.10s
[INFO]: TRAIN epoch: 1 loss: 0.3939, grad_norm: 0.4862907826900482, lr: 0.001000, time: 0.10s
[INFO]: TRAIN epoch: 1 loss: 0.4857, grad_norm: 0.5397254824638367, lr: 0.001000, time: 0.10s
[INFO]: TRAIN epoch: 1 loss: 0.3369, grad_norm: 0.4617287814617157, lr: 0.001000, time: 0.10s
[INFO]: TRAIN epoch: 1 loss: 0.6704, grad_norm: 0.5145048499107361, lr: 0.001000, time: 0.10s
[INFO]: TRAIN epoch: 1 loss: 0.5518, grad_norm: 0.48914995789527893, lr: 0.001000, time: 0.10s
[INFO]: TRAIN epoch: 1 loss: 0.7161, grad_norm: 0.6098806858062744, lr: 0.001000, time: 0.10s
[INFO]: TRAIN epoch: 1 loss: 0.3696, grad_norm: 0.4924038052558899, lr: 0.001000, time: 0.10s
[INFO]: TRAIN epoch: 1 loss: 0.5087, grad_norm: 0.4317387640476227, lr: 0.001000, time: 0.10s
[INFO]: TRAIN epoch: 1 loss: 0.9425, grad_norm: 0.6875474452972412, lr: 0.001000, time: 0.10s
[INFO]: TRAIN epoch: 1 loss: 0.3247, grad_norm: 0.37852945923805237, lr: 0.001000, time: 0.10s
[INFO]: TRAIN epoch: 1 loss: 0.1415, grad_norm: 0.3355438709259033, lr: 0.001000, time: 0.10s
[INFO]: TRAIN epoch: 1 loss: 0.7336, grad_norm: 0.7268433570861816, lr: 0.001000, time: 0.10s
[INFO]: TRAIN epoch summary: 1 loss: 0.5710
[INFO]: VALIDATION epoch: 1 loss: 0.4465
[INFO]: TRAIN epoch: 2 loss: 0.2043, grad_norm: 0.4060249626636505, lr: 0.000999, time: 0.12s
[INFO]: TRAIN epoch: 2 loss: 0.6109, grad_norm: 0.4682292938232422, lr: 0.000999, time: 0.10s
[INFO]: TRAIN epoch: 2 loss: 0.3435, grad_norm: 0.37781625986099243, lr: 0.000999, time: 0.11s
[INFO]: TRAIN epoch: 2 loss: 0.2503, grad_norm: 0.49728065729141235, lr: 0.000999, time: 0.10s
[INFO]: TRAIN epoch: 2 loss: 0.5752, grad_norm: 0.5447550415992737, lr: 0.000999, time: 0.10s
[INFO]: TRAIN epoch: 2 loss: 0.2437, grad_norm: 0.5099493861198425, lr: 0.000999, time: 0.10s
[INFO]: TRAIN epoch: 2 loss: 0.1706, grad_norm: 0.32006391882896423, lr: 0.000999, time: 0.11s
[INFO]: TRAIN epoch: 2 loss: 0.3402, grad_norm: 0.4103427231311798, lr: 0.000999, time: 0.11s
[INFO]: TRAIN epoch: 2 loss: 0.2261, grad_norm: 0.34375715255737305, lr: 0.000999, time: 0.11s
[INFO]: TRAIN epoch: 2 loss: 0.4230, grad_norm: 0.6226335763931274, lr: 0.000999, time: 0.11s
[INFO]: TRAIN epoch: 2 loss: 0.6285, grad_norm: 0.7946316003799438, lr: 0.000999, time: 0.10s
[INFO]: TRAIN epoch: 2 loss: 0.6701, grad_norm: 0.5969668626785278, lr: 0.000999, time: 0.10s
[INFO]: TRAIN epoch: 2 loss: 0.3543, grad_norm: 0.8186883926391602, lr: 0.000999, time: 0.10s
[INFO]: TRAIN epoch: 2 loss: 0.5968, grad_norm: 0.43965110182762146, lr: 0.000999, time: 0.10s
[INFO]: TRAIN epoch: 2 loss: 0.6771, grad_norm: 0.48786672949790955, lr: 0.000999, time: 0.11s
[INFO]: TRAIN epoch: 2 loss: 0.6781, grad_norm: 0.6120863556861877, lr: 0.000999, time: 0.10s
[INFO]: TRAIN epoch: 2 loss: 0.5822, grad_norm: 0.5480721592903137, lr: 0.000999, time: 0.11s
[INFO]: TRAIN epoch: 2 loss: 0.1955, grad_norm: 0.5673945546150208, lr: 0.000999, time: 0.10s
[INFO]: TRAIN epoch: 2 loss: 0.8202, grad_norm: 0.4698904752731323, lr: 0.000999, time: 0.11s
[INFO]: TRAIN epoch: 2 loss: 0.4551, grad_norm: 0.38787955045700073, lr: 0.000999, time: 0.11s
[INFO]: TRAIN epoch: 2 loss: 0.1715, grad_norm: 0.3273789882659912, lr: 0.000999, time: 0.10s
[INFO]: TRAIN epoch: 2 loss: 0.6664, grad_norm: 0.5797043442726135, lr: 0.000999, time: 0.11s
[INFO]: TRAIN epoch: 2 loss: 0.1932, grad_norm: 0.2740094065666199, lr: 0.000999, time: 0.11s
[INFO]: TRAIN epoch: 2 loss: 0.6957, grad_norm: 0.489205002784729, lr: 0.000999, time: 0.11s
[INFO]: TRAIN epoch: 2 loss: 0.2751, grad_norm: 0.31378382444381714, lr: 0.000999, time: 0.11s
[INFO]: TRAIN epoch: 2 loss: 0.7644, grad_norm: 0.5414925217628479, lr: 0.000999, time: 0.11s
[INFO]: TRAIN epoch: 2 loss: 0.4759, grad_norm: 0.48518165946006775, lr: 0.000999, time: 0.11s
[INFO]: TRAIN epoch: 2 loss: 0.2482, grad_norm: 0.4612816572189331, lr: 0.000999, time: 0.10s
[INFO]: TRAIN epoch: 2 loss: 0.5323, grad_norm: 0.8868780732154846, lr: 0.000999, time: 0.11s
[INFO]: TRAIN epoch: 2 loss: 0.3737, grad_norm: 0.456443727016449, lr: 0.000999, time: 0.10s
[INFO]: TRAIN epoch: 2 loss: 0.7344, grad_norm: 0.5459299683570862, lr: 0.000999, time: 0.10s
[INFO]: TRAIN epoch: 2 loss: 0.2288, grad_norm: 0.4547601640224457, lr: 0.000999, time: 0.10s
[INFO]: TRAIN epoch: 2 loss: 0.6147, grad_norm: 0.42421042919158936, lr: 0.000999, time: 0.11s
[INFO]: TRAIN epoch: 2 loss: 0.4094, grad_norm: 0.4851767420768738, lr: 0.000999, time: 0.10s
[INFO]: TRAIN epoch: 2 loss: 0.3075, grad_norm: 0.42440134286880493, lr: 0.000999, time: 0.10s
[INFO]: TRAIN epoch: 2 loss: 0.4934, grad_norm: 0.5368916988372803, lr: 0.000999, time: 0.11s
[INFO]: TRAIN epoch: 2 loss: 0.6768, grad_norm: 0.36432895064353943, lr: 0.000999, time: 0.10s
[INFO]: TRAIN epoch: 2 loss: 0.5747, grad_norm: 0.5508854389190674, lr: 0.000999, time: 0.10s
[INFO]: TRAIN epoch: 2 loss: 0.3053, grad_norm: 0.41577333211898804, lr: 0.000999, time: 0.11s
[INFO]: TRAIN epoch: 2 loss: 0.5494, grad_norm: 0.3586898744106293, lr: 0.000999, time: 0.10s
[INFO]: TRAIN epoch: 2 loss: 0.6189, grad_norm: 0.38916733860969543, lr: 0.000999, time: 0.11s
[INFO]: TRAIN epoch: 2 loss: 0.7323, grad_norm: 0.4579617381095886, lr: 0.000999, time: 0.11s
[INFO]: TRAIN epoch: 2 loss: 0.6645, grad_norm: 0.7802754640579224, lr: 0.000999, time: 0.11s
[INFO]: TRAIN epoch: 2 loss: 0.2118, grad_norm: 0.44268304109573364, lr: 0.000999, time: 0.11s
[INFO]: TRAIN epoch: 2 loss: 0.3607, grad_norm: 0.5344053506851196, lr: 0.000999, time: 0.10s
[INFO]: TRAIN epoch: 2 loss: 0.6559, grad_norm: 0.5077943205833435, lr: 0.000999, time: 0.10s
[INFO]: TRAIN epoch: 2 loss: 0.4375, grad_norm: 0.4573192000389099, lr: 0.000999, time: 0.10s
[INFO]: TRAIN epoch: 2 loss: 0.4242, grad_norm: 0.46710073947906494, lr: 0.000999, time: 0.11s
[INFO]: TRAIN epoch: 2 loss: 0.2659, grad_norm: 0.45095598697662354, lr: 0.000999, time: 0.10s
[INFO]: TRAIN epoch: 2 loss: 0.6874, grad_norm: 0.6576922535896301, lr: 0.000999, time: 0.11s
[INFO]: TRAIN epoch: 2 loss: 0.3830, grad_norm: 0.5614925026893616, lr: 0.000999, time: 0.11s
[INFO]: TRAIN epoch: 2 loss: 0.6896, grad_norm: 0.6462702751159668, lr: 0.000999, time: 0.12s
[INFO]: TRAIN epoch: 2 loss: 0.7739, grad_norm: 0.6583771109580994, lr: 0.000999, time: 0.11s
[INFO]: TRAIN epoch: 2 loss: 0.7423, grad_norm: 0.9488722085952759, lr: 0.000999, time: 0.10s
[INFO]: TRAIN epoch: 2 loss: 0.6833, grad_norm: 0.47055384516716003, lr: 0.000999, time: 0.10s
[INFO]: TRAIN epoch: 2 loss: 0.2474, grad_norm: 0.44327229261398315, lr: 0.000999, time: 0.10s
[INFO]: TRAIN epoch: 2 loss: 0.5044, grad_norm: 0.5205928683280945, lr: 0.000999, time: 0.11s
[INFO]: TRAIN epoch: 2 loss: 0.5103, grad_norm: 0.37705740332603455, lr: 0.000999, time: 0.10s
[INFO]: TRAIN epoch: 2 loss: 0.2512, grad_norm: 0.4454389214515686, lr: 0.000999, time: 0.10s
[INFO]: TRAIN epoch: 2 loss: 0.4354, grad_norm: 0.5434973835945129, lr: 0.000999, time: 0.11s
[INFO]: TRAIN epoch: 2 loss: 0.2935, grad_norm: 0.5028210878372192, lr: 0.000999, time: 0.10s
[INFO]: TRAIN epoch: 2 loss: 0.1810, grad_norm: 0.4224684536457062, lr: 0.000999, time: 0.10s
[INFO]: TRAIN epoch: 2 loss: 0.7782, grad_norm: 0.46548953652381897, lr: 0.000999, time: 0.11s
[INFO]: TRAIN epoch: 2 loss: 0.3764, grad_norm: 0.4294539988040924, lr: 0.000999, time: 0.11s
[INFO]: TRAIN epoch: 2 loss: 0.3400, grad_norm: 0.5949497818946838, lr: 0.000999, time: 0.11s
[INFO]: TRAIN epoch: 2 loss: 0.6911, grad_norm: 0.5034005045890808, lr: 0.000999, time: 0.10s
[INFO]: TRAIN epoch: 2 loss: 0.3780, grad_norm: 0.2924821674823761, lr: 0.000999, time: 0.10s
[INFO]: TRAIN epoch: 2 loss: 0.8655, grad_norm: 0.5928685665130615, lr: 0.000999, time: 0.12s
[INFO]: TRAIN epoch: 2 loss: 0.7544, grad_norm: 0.6491909027099609, lr: 0.000999, time: 0.10s
[INFO]: TRAIN epoch: 2 loss: 0.3593, grad_norm: 0.46930885314941406, lr: 0.000999, time: 0.10s
[INFO]: TRAIN epoch: 2 loss: 0.4695, grad_norm: 0.39999833703041077, lr: 0.000999, time: 0.11s
[INFO]: TRAIN epoch: 2 loss: 0.5384, grad_norm: 0.5246438384056091, lr: 0.000999, time: 0.11s
[INFO]: TRAIN epoch: 2 loss: 0.5660, grad_norm: 0.47035402059555054, lr: 0.000999, time: 0.10s
[INFO]: TRAIN epoch: 2 loss: 0.1750, grad_norm: 0.29955288767814636, lr: 0.000999, time: 0.11s
[INFO]: TRAIN epoch: 2 loss: 0.3038, grad_norm: 0.448795348405838, lr: 0.000999, time: 0.10s
[INFO]: TRAIN epoch: 2 loss: 0.2764, grad_norm: 0.30918046832084656, lr: 0.000999, time: 0.10s
[INFO]: TRAIN epoch: 2 loss: 0.4735, grad_norm: 0.41666287183761597, lr: 0.000999, time: 0.10s
[INFO]: TRAIN epoch: 2 loss: 0.6211, grad_norm: 0.468400776386261, lr: 0.000999, time: 0.11s
[INFO]: TRAIN epoch: 2 loss: 0.5381, grad_norm: 0.38866880536079407, lr: 0.000999, time: 0.10s
[INFO]: TRAIN epoch: 2 loss: 0.6096, grad_norm: 0.4963500201702118, lr: 0.000999, time: 0.10s
[INFO]: TRAIN epoch: 2 loss: 0.1930, grad_norm: 0.3991717994213104, lr: 0.000999, time: 0.10s
[INFO]: TRAIN epoch: 2 loss: 0.2109, grad_norm: 0.4404768943786621, lr: 0.000999, time: 0.10s
[INFO]: TRAIN epoch: 2 loss: 0.9012, grad_norm: 0.7262452244758606, lr: 0.000999, time: 0.10s
[INFO]: TRAIN epoch: 2 loss: 0.8741, grad_norm: 0.6548042297363281, lr: 0.000999, time: 0.11s
[INFO]: TRAIN epoch: 2 loss: 0.6357, grad_norm: 0.42325350642204285, lr: 0.000999, time: 0.10s
[INFO]: TRAIN epoch: 2 loss: 0.7188, grad_norm: 0.5079350471496582, lr: 0.000999, time: 0.10s
[INFO]: TRAIN epoch: 2 loss: 0.3342, grad_norm: 0.5790512561798096, lr: 0.000999, time: 0.10s
[INFO]: TRAIN epoch: 2 loss: 0.5180, grad_norm: 0.4426586329936981, lr: 0.000999, time: 0.10s
[INFO]: TRAIN epoch: 2 loss: 0.5058, grad_norm: 0.5402286052703857, lr: 0.000999, time: 0.11s
[INFO]: TRAIN epoch: 2 loss: 0.4677, grad_norm: 0.4536139965057373, lr: 0.000999, time: 0.10s
[INFO]: TRAIN epoch: 2 loss: 0.4833, grad_norm: 0.3876153826713562, lr: 0.000999, time: 0.11s
[INFO]: TRAIN epoch: 2 loss: 0.5789, grad_norm: 0.39721253514289856, lr: 0.000999, time: 0.11s
[INFO]: TRAIN epoch: 2 loss: 0.5620, grad_norm: 0.4735341966152191, lr: 0.000999, time: 0.10s
[INFO]: TRAIN epoch: 2 loss: 0.4936, grad_norm: 0.425301194190979, lr: 0.000999, time: 0.10s
[INFO]: TRAIN epoch: 2 loss: 0.4171, grad_norm: 0.4937252402305603, lr: 0.000999, time: 0.10s
[INFO]: TRAIN epoch: 2 loss: 0.2914, grad_norm: 0.45561498403549194, lr: 0.000999, time: 0.10s
[INFO]: TRAIN epoch: 2 loss: 0.7790, grad_norm: 0.47959035634994507, lr: 0.000999, time: 0.10s
[INFO]: TRAIN epoch: 2 loss: 0.3460, grad_norm: 0.467357337474823, lr: 0.000999, time: 0.10s
[INFO]: TRAIN epoch: 2 loss: 0.1550, grad_norm: 0.41324517130851746, lr: 0.000999, time: 0.11s
[INFO]: TRAIN epoch: 2 loss: 0.2842, grad_norm: 0.38670116662979126, lr: 0.000999, time: 0.11s
[INFO]: TRAIN epoch: 2 loss: 1.1584, grad_norm: 0.8451079726219177, lr: 0.000999, time: 0.11s
[INFO]: TRAIN epoch: 2 loss: 0.1821, grad_norm: 0.5307727456092834, lr: 0.000999, time: 0.10s
[INFO]: TRAIN epoch: 2 loss: 0.7329, grad_norm: 0.583166241645813, lr: 0.000999, time: 0.10s
[INFO]: TRAIN epoch: 2 loss: 0.3093, grad_norm: 0.40801477432250977, lr: 0.000999, time: 0.11s
[INFO]: TRAIN epoch: 2 loss: 0.3568, grad_norm: 0.5547006130218506, lr: 0.000999, time: 0.10s
[INFO]: TRAIN epoch: 2 loss: 0.6484, grad_norm: 0.487912118434906, lr: 0.000999, time: 0.10s
[INFO]: TRAIN epoch: 2 loss: 0.3061, grad_norm: 0.5343211889266968, lr: 0.000999, time: 0.10s
[INFO]: TRAIN epoch: 2 loss: 0.7698, grad_norm: 0.7329960465431213, lr: 0.000999, time: 0.10s
[INFO]: TRAIN epoch: 2 loss: 0.2772, grad_norm: 0.4688660502433777, lr: 0.000999, time: 0.10s
[INFO]: TRAIN epoch: 2 loss: 0.4656, grad_norm: 0.41635096073150635, lr: 0.000999, time: 0.10s
[INFO]: TRAIN epoch: 2 loss: 0.5305, grad_norm: 0.3501262366771698, lr: 0.000999, time: 0.10s
[INFO]: TRAIN epoch: 2 loss: 0.1893, grad_norm: 0.41523587703704834, lr: 0.000999, time: 0.10s
[INFO]: TRAIN epoch: 2 loss: 0.7043, grad_norm: 0.7177073955535889, lr: 0.000999, time: 0.10s
[INFO]: TRAIN epoch: 2 loss: 0.7002, grad_norm: 0.7191362380981445, lr: 0.000999, time: 0.10s
[INFO]: TRAIN epoch: 2 loss: 0.5878, grad_norm: 0.4737263321876526, lr: 0.000999, time: 0.10s
[INFO]: TRAIN epoch: 2 loss: 0.6088, grad_norm: 0.5526278018951416, lr: 0.000999, time: 0.10s
[INFO]: TRAIN epoch: 2 loss: 0.4925, grad_norm: 0.4292493462562561, lr: 0.000999, time: 0.11s
[INFO]: TRAIN epoch: 2 loss: 0.7458, grad_norm: 0.40017226338386536, lr: 0.000999, time: 0.10s
[INFO]: TRAIN epoch: 2 loss: 0.2589, grad_norm: 0.48295503854751587, lr: 0.000999, time: 0.10s
[INFO]: TRAIN epoch: 2 loss: 0.3986, grad_norm: 0.4425334930419922, lr: 0.000999, time: 0.10s
[INFO]: TRAIN epoch: 2 loss: 0.2271, grad_norm: 0.46146920323371887, lr: 0.000999, time: 0.11s
[INFO]: TRAIN epoch: 2 loss: 0.6038, grad_norm: 0.6676105856895447, lr: 0.000999, time: 0.10s
[INFO]: TRAIN epoch: 2 loss: 0.5264, grad_norm: 0.60173100233078, lr: 0.000999, time: 0.10s
[INFO]: TRAIN epoch: 2 loss: 0.7185, grad_norm: 0.5252859592437744, lr: 0.000999, time: 0.10s
[INFO]: TRAIN epoch: 2 loss: 0.1630, grad_norm: 0.2233406901359558, lr: 0.000999, time: 0.10s
[INFO]: TRAIN epoch: 2 loss: 0.4105, grad_norm: 0.5147029161453247, lr: 0.000999, time: 0.10s
[INFO]: TRAIN epoch: 2 loss: 0.6437, grad_norm: 0.4638116955757141, lr: 0.000999, time: 0.10s
[INFO]: TRAIN epoch: 2 loss: 0.6769, grad_norm: 0.5565099716186523, lr: 0.000999, time: 0.10s
[INFO]: TRAIN epoch: 2 loss: 0.6579, grad_norm: 0.5523198843002319, lr: 0.000999, time: 0.11s
[INFO]: TRAIN epoch: 2 loss: 0.2147, grad_norm: 0.4969574213027954, lr: 0.000999, time: 0.10s
[INFO]: TRAIN epoch: 2 loss: 0.5229, grad_norm: 0.44049713015556335, lr: 0.000999, time: 0.10s
[INFO]: TRAIN epoch: 2 loss: 0.1657, grad_norm: 0.35364750027656555, lr: 0.000999, time: 0.11s
[INFO]: TRAIN epoch: 2 loss: 0.2274, grad_norm: 0.3060157597064972, lr: 0.000999, time: 0.11s
[INFO]: TRAIN epoch: 2 loss: 0.7834, grad_norm: 0.43389177322387695, lr: 0.000999, time: 0.10s
[INFO]: TRAIN epoch: 2 loss: 0.5409, grad_norm: 0.43073078989982605, lr: 0.000999, time: 0.10s
[INFO]: TRAIN epoch: 2 loss: 0.5427, grad_norm: 0.37987202405929565, lr: 0.000999, time: 0.11s
[INFO]: TRAIN epoch: 2 loss: 0.5225, grad_norm: 0.5964845418930054, lr: 0.000999, time: 0.10s
[INFO]: TRAIN epoch: 2 loss: 0.6874, grad_norm: 0.3691204786300659, lr: 0.000999, time: 0.10s
[INFO]: TRAIN epoch: 2 loss: 0.4716, grad_norm: 0.4011942744255066, lr: 0.000999, time: 0.10s
[INFO]: TRAIN epoch: 2 loss: 0.2536, grad_norm: 0.44130951166152954, lr: 0.000999, time: 0.10s
[INFO]: TRAIN epoch: 2 loss: 0.3485, grad_norm: 0.4228854775428772, lr: 0.000999, time: 0.10s
[INFO]: TRAIN epoch: 2 loss: 0.3864, grad_norm: 0.37512409687042236, lr: 0.000999, time: 0.11s
[INFO]: TRAIN epoch: 2 loss: 0.2660, grad_norm: 0.3263343870639801, lr: 0.000999, time: 0.10s
[INFO]: TRAIN epoch: 2 loss: 0.6883, grad_norm: 0.683331310749054, lr: 0.000999, time: 0.10s
[INFO]: TRAIN epoch: 2 loss: 0.5207, grad_norm: 0.5142052173614502, lr: 0.000999, time: 0.10s
[INFO]: TRAIN epoch: 2 loss: 0.2379, grad_norm: 0.39705532789230347, lr: 0.000999, time: 0.10s
[INFO]: TRAIN epoch: 2 loss: 0.1847, grad_norm: 0.4220408797264099, lr: 0.000999, time: 0.10s
[INFO]: TRAIN epoch: 2 loss: 0.3301, grad_norm: 0.37565669417381287, lr: 0.000999, time: 0.10s
[INFO]: TRAIN epoch: 2 loss: 0.4852, grad_norm: 0.416971355676651, lr: 0.000999, time: 0.10s
[INFO]: TRAIN epoch: 2 loss: 0.6123, grad_norm: 0.5371859669685364, lr: 0.000999, time: 0.10s
[INFO]: TRAIN epoch: 2 loss: 0.1918, grad_norm: 0.32331714034080505, lr: 0.000999, time: 0.11s
[INFO]: TRAIN epoch: 2 loss: 0.6940, grad_norm: 0.6784165501594543, lr: 0.000999, time: 0.10s
[INFO]: TRAIN epoch: 2 loss: 0.4644, grad_norm: 0.547105073928833, lr: 0.000999, time: 0.10s
[INFO]: TRAIN epoch: 2 loss: 0.1437, grad_norm: 0.35805293917655945, lr: 0.000999, time: 0.10s
[INFO]: TRAIN epoch: 2 loss: 0.8655, grad_norm: 0.6832555532455444, lr: 0.000999, time: 0.10s
[INFO]: TRAIN epoch: 2 loss: 0.1895, grad_norm: 0.4661548137664795, lr: 0.000999, time: 0.11s
[INFO]: TRAIN epoch: 2 loss: 0.2236, grad_norm: 0.4468279778957367, lr: 0.000999, time: 0.10s
[INFO]: TRAIN epoch: 2 loss: 0.3347, grad_norm: 0.43881744146347046, lr: 0.000999, time: 0.10s
[INFO]: TRAIN epoch: 2 loss: 0.3116, grad_norm: 0.6041229963302612, lr: 0.000999, time: 0.10s
[INFO]: TRAIN epoch: 2 loss: 0.5894, grad_norm: 0.5703836679458618, lr: 0.000999, time: 0.10s
[INFO]: TRAIN epoch: 2 loss: 0.3262, grad_norm: 0.6098774075508118, lr: 0.000999, time: 0.10s
[INFO]: TRAIN epoch: 2 loss: 0.7331, grad_norm: 0.5902928113937378, lr: 0.000999, time: 0.10s
[INFO]: TRAIN epoch: 2 loss: 0.3682, grad_norm: 0.7129325866699219, lr: 0.000999, time: 0.10s
[INFO]: TRAIN epoch: 2 loss: 0.4017, grad_norm: 0.5217006206512451, lr: 0.000999, time: 0.11s
[INFO]: TRAIN epoch: 2 loss: 0.2476, grad_norm: 0.3778004050254822, lr: 0.000999, time: 0.11s
[INFO]: TRAIN epoch: 2 loss: 0.8326, grad_norm: 0.48451265692710876, lr: 0.000999, time: 0.10s
[INFO]: TRAIN epoch: 2 loss: 0.7051, grad_norm: 0.4344496726989746, lr: 0.000999, time: 0.10s
[INFO]: TRAIN epoch: 2 loss: 0.2492, grad_norm: 0.35386931896209717, lr: 0.000999, time: 0.10s
[INFO]: TRAIN epoch: 2 loss: 0.5433, grad_norm: 0.5468035340309143, lr: 0.000999, time: 0.10s
[INFO]: TRAIN epoch: 2 loss: 0.8335, grad_norm: 0.43280911445617676, lr: 0.000999, time: 0.11s
[INFO]: TRAIN epoch: 2 loss: 0.2282, grad_norm: 0.4780934751033783, lr: 0.000999, time: 0.10s
[INFO]: TRAIN epoch: 2 loss: 0.6032, grad_norm: 0.455449640750885, lr: 0.000999, time: 0.10s
[INFO]: TRAIN epoch: 2 loss: 0.2480, grad_norm: 0.4380497336387634, lr: 0.000999, time: 0.10s
[INFO]: TRAIN epoch: 2 loss: 0.2235, grad_norm: 0.3611011505126953, lr: 0.000999, time: 0.10s
[INFO]: TRAIN epoch: 2 loss: 0.6060, grad_norm: 0.41916149854660034, lr: 0.000999, time: 0.10s
[INFO]: TRAIN epoch: 2 loss: 0.5779, grad_norm: 0.5286965370178223, lr: 0.000999, time: 0.10s
[INFO]: TRAIN epoch: 2 loss: 0.6376, grad_norm: 0.4945201873779297, lr: 0.000999, time: 0.10s
[INFO]: TRAIN epoch: 2 loss: 0.6476, grad_norm: 0.6209845542907715, lr: 0.000999, time: 0.10s
[INFO]: TRAIN epoch: 2 loss: 0.6458, grad_norm: 0.48130685091018677, lr: 0.000999, time: 0.10s
[INFO]: TRAIN epoch: 2 loss: 0.2952, grad_norm: 0.7288316488265991, lr: 0.000999, time: 0.11s
[INFO]: TRAIN epoch: 2 loss: 0.3847, grad_norm: 0.550514817237854, lr: 0.000999, time: 0.11s
[INFO]: TRAIN epoch: 2 loss: 0.4738, grad_norm: 0.44072121381759644, lr: 0.000999, time: 0.10s
[INFO]: TRAIN epoch: 2 loss: 0.5341, grad_norm: 0.794733464717865, lr: 0.000999, time: 0.10s
[INFO]: TRAIN epoch: 2 loss: 0.4762, grad_norm: 0.4757050573825836, lr: 0.000999, time: 0.10s
[INFO]: TRAIN epoch: 2 loss: 0.2621, grad_norm: 0.646982729434967, lr: 0.000999, time: 0.10s
[INFO]: TRAIN epoch: 2 loss: 0.2782, grad_norm: 0.538554310798645, lr: 0.000999, time: 0.11s
[INFO]: TRAIN epoch: 2 loss: 0.5306, grad_norm: 0.3200489580631256, lr: 0.000999, time: 0.10s
[INFO]: TRAIN epoch: 2 loss: 0.6436, grad_norm: 0.5616378784179688, lr: 0.000999, time: 0.11s
[INFO]: TRAIN epoch: 2 loss: 0.4808, grad_norm: 0.36333370208740234, lr: 0.000999, time: 0.10s
[INFO]: TRAIN epoch: 2 loss: 0.4545, grad_norm: 0.44921135902404785, lr: 0.000999, time: 0.11s
[INFO]: TRAIN epoch: 2 loss: 0.6132, grad_norm: 0.37577542662620544, lr: 0.000999, time: 0.10s
[INFO]: TRAIN epoch: 2 loss: 0.4414, grad_norm: 0.5654427409172058, lr: 0.000999, time: 0.11s
[INFO]: TRAIN epoch: 2 loss: 0.3610, grad_norm: 0.40374359488487244, lr: 0.000999, time: 0.10s
[INFO]: TRAIN epoch: 2 loss: 0.4376, grad_norm: 0.39473584294319153, lr: 0.000999, time: 0.11s
[INFO]: TRAIN epoch: 2 loss: 0.3134, grad_norm: 0.4146766662597656, lr: 0.000999, time: 0.10s
[INFO]: TRAIN epoch: 2 loss: 0.3418, grad_norm: 0.4033083915710449, lr: 0.000999, time: 0.10s
[INFO]: TRAIN epoch: 2 loss: 0.6683, grad_norm: 0.616335391998291, lr: 0.000999, time: 0.10s
[INFO]: TRAIN epoch: 2 loss: 0.9045, grad_norm: 0.6245651841163635, lr: 0.000999, time: 0.11s
[INFO]: TRAIN epoch: 2 loss: 0.7877, grad_norm: 0.5375149250030518, lr: 0.000999, time: 0.11s
[INFO]: TRAIN epoch: 2 loss: 0.2344, grad_norm: 0.4261725842952728, lr: 0.000999, time: 0.10s
[INFO]: TRAIN epoch: 2 loss: 0.5319, grad_norm: 0.42595821619033813, lr: 0.000999, time: 0.11s
[INFO]: TRAIN epoch: 2 loss: 0.5129, grad_norm: 0.5663652420043945, lr: 0.000999, time: 0.10s
[INFO]: TRAIN epoch: 2 loss: 0.6284, grad_norm: 0.41921982169151306, lr: 0.000999, time: 0.10s
[INFO]: TRAIN epoch: 2 loss: 0.1656, grad_norm: 0.41249164938926697, lr: 0.000999, time: 0.10s
[INFO]: TRAIN epoch: 2 loss: 0.6877, grad_norm: 0.5158179402351379, lr: 0.000999, time: 0.10s
[INFO]: TRAIN epoch: 2 loss: 0.4366, grad_norm: 0.37912827730178833, lr: 0.000999, time: 0.11s
[INFO]: TRAIN epoch: 2 loss: 0.4301, grad_norm: 0.38062357902526855, lr: 0.000999, time: 0.10s
[INFO]: TRAIN epoch: 2 loss: 0.9723, grad_norm: 0.6557035446166992, lr: 0.000999, time: 0.10s
[INFO]: TRAIN epoch: 2 loss: 0.5583, grad_norm: 0.5380780100822449, lr: 0.000999, time: 0.10s
[INFO]: TRAIN epoch: 2 loss: 0.3907, grad_norm: 0.4462926983833313, lr: 0.000999, time: 0.11s
[INFO]: TRAIN epoch: 2 loss: 0.5294, grad_norm: 0.4513816833496094, lr: 0.000999, time: 0.10s
[INFO]: TRAIN epoch: 2 loss: 0.3886, grad_norm: 0.3439026474952698, lr: 0.000999, time: 0.10s
[INFO]: TRAIN epoch: 2 loss: 0.6053, grad_norm: 0.5146303176879883, lr: 0.000999, time: 0.10s
[INFO]: TRAIN epoch: 2 loss: 1.0532, grad_norm: 0.37228259444236755, lr: 0.000999, time: 0.11s
[INFO]: TRAIN epoch: 2 loss: 0.6982, grad_norm: 0.5292599201202393, lr: 0.000999, time: 0.10s
[INFO]: TRAIN epoch: 2 loss: 0.2460, grad_norm: 0.3313056528568268, lr: 0.000999, time: 0.11s
[INFO]: TRAIN epoch: 2 loss: 0.5969, grad_norm: 0.4858660399913788, lr: 0.000999, time: 0.10s
[INFO]: TRAIN epoch: 2 loss: 0.1592, grad_norm: 0.47029927372932434, lr: 0.000999, time: 0.10s
[INFO]: TRAIN epoch: 2 loss: 0.6288, grad_norm: 0.6752405762672424, lr: 0.000999, time: 0.10s
[INFO]: TRAIN epoch: 2 loss: 0.6130, grad_norm: 0.48844924569129944, lr: 0.000999, time: 0.10s
[INFO]: TRAIN epoch: 2 loss: 0.7214, grad_norm: 0.6729373931884766, lr: 0.000999, time: 0.11s
[INFO]: TRAIN epoch: 2 loss: 0.7105, grad_norm: 0.6017428636550903, lr: 0.000999, time: 0.10s
[INFO]: TRAIN epoch: 2 loss: 0.2931, grad_norm: 0.5921465158462524, lr: 0.000999, time: 0.10s
[INFO]: TRAIN epoch: 2 loss: 0.3103, grad_norm: 0.3812204599380493, lr: 0.000999, time: 0.10s
[INFO]: TRAIN epoch: 2 loss: 0.4214, grad_norm: 0.6148804426193237, lr: 0.000999, time: 0.10s
[INFO]: TRAIN epoch: 2 loss: 0.9607, grad_norm: 0.575250506401062, lr: 0.000999, time: 0.10s
[INFO]: TRAIN epoch: 2 loss: 0.2297, grad_norm: 0.3735393285751343, lr: 0.000999, time: 0.10s
[INFO]: TRAIN epoch: 2 loss: 0.1580, grad_norm: 0.30239877104759216, lr: 0.000999, time: 0.11s
[INFO]: TRAIN epoch: 2 loss: 0.2449, grad_norm: 0.40158748626708984, lr: 0.000999, time: 0.10s
[INFO]: TRAIN epoch: 2 loss: 0.3987, grad_norm: 0.4794374704360962, lr: 0.000999, time: 0.10s
[INFO]: TRAIN epoch: 2 loss: 0.1343, grad_norm: 0.25974616408348083, lr: 0.000999, time: 0.10s
[INFO]: TRAIN epoch: 2 loss: 0.4346, grad_norm: 0.5223089456558228, lr: 0.000999, time: 0.11s
[INFO]: TRAIN epoch: 2 loss: 0.3272, grad_norm: 0.5249661803245544, lr: 0.000999, time: 0.10s
[INFO]: TRAIN epoch: 2 loss: 0.6970, grad_norm: 0.5948123335838318, lr: 0.000999, time: 0.10s
[INFO]: TRAIN epoch: 2 loss: 0.7352, grad_norm: 0.6058856248855591, lr: 0.000999, time: 0.11s
[INFO]: TRAIN epoch: 2 loss: 0.2570, grad_norm: 0.42029353976249695, lr: 0.000999, time: 0.10s
[INFO]: TRAIN epoch: 2 loss: 0.7136, grad_norm: 0.5837989449501038, lr: 0.000999, time: 0.10s
[INFO]: TRAIN epoch: 2 loss: 0.4403, grad_norm: 0.3548828065395355, lr: 0.000999, time: 0.10s
[INFO]: TRAIN epoch: 2 loss: 0.3175, grad_norm: 0.4616195261478424, lr: 0.000999, time: 0.10s
[INFO]: TRAIN epoch: 2 loss: 0.3187, grad_norm: 0.5646653175354004, lr: 0.000999, time: 0.10s
[INFO]: TRAIN epoch: 2 loss: 0.5258, grad_norm: 0.6683729887008667, lr: 0.000999, time: 0.10s
[INFO]: TRAIN epoch: 2 loss: 0.5163, grad_norm: 0.4063659608364105, lr: 0.000999, time: 0.10s
[INFO]: TRAIN epoch: 2 loss: 0.4826, grad_norm: 0.41176584362983704, lr: 0.000999, time: 0.10s
[INFO]: TRAIN epoch: 2 loss: 0.2414, grad_norm: 0.32347649335861206, lr: 0.000999, time: 0.10s
[INFO]: TRAIN epoch: 2 loss: 0.7924, grad_norm: 0.6360675096511841, lr: 0.000999, time: 0.10s
[INFO]: TRAIN epoch: 2 loss: 0.1729, grad_norm: 0.3948174715042114, lr: 0.000999, time: 0.11s
[INFO]: TRAIN epoch: 2 loss: 0.5385, grad_norm: 0.4488672614097595, lr: 0.000999, time: 0.10s
[INFO]: TRAIN epoch: 2 loss: 0.7165, grad_norm: 0.5307609438896179, lr: 0.000999, time: 0.10s
[INFO]: TRAIN epoch: 2 loss: 0.3979, grad_norm: 0.3996996581554413, lr: 0.000999, time: 0.11s
[INFO]: TRAIN epoch: 2 loss: 0.6529, grad_norm: 0.5037313103675842, lr: 0.000999, time: 0.10s
[INFO]: TRAIN epoch: 2 loss: 0.6566, grad_norm: 0.7201529741287231, lr: 0.000999, time: 0.10s
[INFO]: TRAIN epoch: 2 loss: 0.3371, grad_norm: 0.4382939040660858, lr: 0.000999, time: 0.10s
[INFO]: TRAIN epoch: 2 loss: 0.2449, grad_norm: 0.38480693101882935, lr: 0.000999, time: 0.10s
[INFO]: TRAIN epoch: 2 loss: 0.5439, grad_norm: 0.4348714351654053, lr: 0.000999, time: 0.10s
[INFO]: TRAIN epoch: 2 loss: 0.2623, grad_norm: 0.4305418133735657, lr: 0.000999, time: 0.10s
[INFO]: TRAIN epoch: 2 loss: 0.7622, grad_norm: 0.4520333707332611, lr: 0.000999, time: 0.11s
[INFO]: TRAIN epoch: 2 loss: 0.4804, grad_norm: 0.6245872378349304, lr: 0.000999, time: 0.11s
[INFO]: TRAIN epoch: 2 loss: 0.5649, grad_norm: 0.7458301186561584, lr: 0.000999, time: 0.11s
[INFO]: TRAIN epoch: 2 loss: 0.2601, grad_norm: 0.44189438223838806, lr: 0.000999, time: 0.10s
[INFO]: TRAIN epoch: 2 loss: 0.5916, grad_norm: 0.4653451144695282, lr: 0.000999, time: 0.11s
[INFO]: TRAIN epoch: 2 loss: 0.4563, grad_norm: 0.4376206696033478, lr: 0.000999, time: 0.10s
[INFO]: TRAIN epoch: 2 loss: 0.5891, grad_norm: 0.4507787525653839, lr: 0.000999, time: 0.10s
[INFO]: TRAIN epoch: 2 loss: 0.4779, grad_norm: 0.4256718158721924, lr: 0.000999, time: 0.10s
[INFO]: TRAIN epoch: 2 loss: 0.3110, grad_norm: 0.4791026711463928, lr: 0.000999, time: 0.11s
[INFO]: TRAIN epoch: 2 loss: 0.6121, grad_norm: 0.3754615783691406, lr: 0.000999, time: 0.10s
[INFO]: TRAIN epoch: 2 loss: 0.1920, grad_norm: 0.3960394263267517, lr: 0.000999, time: 0.10s
[INFO]: TRAIN epoch: 2 loss: 0.2024, grad_norm: 0.34782499074935913, lr: 0.000999, time: 0.10s
[INFO]: TRAIN epoch: 2 loss: 0.1977, grad_norm: 0.4061436057090759, lr: 0.000999, time: 0.10s
[INFO]: TRAIN epoch: 2 loss: 0.2591, grad_norm: 0.46319013833999634, lr: 0.000999, time: 0.10s
[INFO]: TRAIN epoch: 2 loss: 0.6258, grad_norm: 0.46164318919181824, lr: 0.000999, time: 0.10s
[INFO]: TRAIN epoch: 2 loss: 0.4152, grad_norm: 0.6799924373626709, lr: 0.000999, time: 0.10s
[INFO]: TRAIN epoch: 2 loss: 0.6362, grad_norm: 0.646010160446167, lr: 0.000999, time: 0.10s
[INFO]: TRAIN epoch: 2 loss: 0.4308, grad_norm: 0.5219694375991821, lr: 0.000999, time: 0.11s
[INFO]: TRAIN epoch: 2 loss: 0.2277, grad_norm: 0.35474902391433716, lr: 0.000999, time: 0.10s
[INFO]: TRAIN epoch: 2 loss: 0.5517, grad_norm: 0.464932918548584, lr: 0.000999, time: 0.10s
[INFO]: TRAIN epoch: 2 loss: 0.5739, grad_norm: 0.38264748454093933, lr: 0.000999, time: 0.11s
[INFO]: TRAIN epoch: 2 loss: 0.3613, grad_norm: 0.49209803342819214, lr: 0.000999, time: 0.10s
[INFO]: TRAIN epoch: 2 loss: 0.2313, grad_norm: 0.4998331069946289, lr: 0.000999, time: 0.11s
[INFO]: TRAIN epoch: 2 loss: 0.5820, grad_norm: 0.7031888365745544, lr: 0.000999, time: 0.10s
[INFO]: TRAIN epoch: 2 loss: 0.2107, grad_norm: 0.28242748975753784, lr: 0.000999, time: 0.11s
[INFO]: TRAIN epoch: 2 loss: 0.5895, grad_norm: 0.39806172251701355, lr: 0.000999, time: 0.10s
[INFO]: TRAIN epoch: 2 loss: 0.7460, grad_norm: 0.6731669306755066, lr: 0.000999, time: 0.10s
[INFO]: TRAIN epoch: 2 loss: 0.4778, grad_norm: 0.5424248576164246, lr: 0.000999, time: 0.11s
[INFO]: TRAIN epoch: 2 loss: 0.1656, grad_norm: 0.36773407459259033, lr: 0.000999, time: 0.10s
[INFO]: TRAIN epoch: 2 loss: 0.2603, grad_norm: 0.5582619905471802, lr: 0.000999, time: 0.10s
[INFO]: TRAIN epoch: 2 loss: 0.5402, grad_norm: 0.5195821523666382, lr: 0.000999, time: 0.10s
[INFO]: TRAIN epoch: 2 loss: 0.4184, grad_norm: 0.4085331857204437, lr: 0.000999, time: 0.11s
[INFO]: TRAIN epoch: 2 loss: 0.3780, grad_norm: 0.47340184450149536, lr: 0.000999, time: 0.11s
[INFO]: TRAIN epoch: 2 loss: 0.3175, grad_norm: 0.3587428331375122, lr: 0.000999, time: 0.11s
[INFO]: TRAIN epoch: 2 loss: 0.4696, grad_norm: 0.43089038133621216, lr: 0.000999, time: 0.10s
[INFO]: TRAIN epoch: 2 loss: 0.2904, grad_norm: 0.45821693539619446, lr: 0.000999, time: 0.11s
[INFO]: TRAIN epoch: 2 loss: 0.4759, grad_norm: 0.4496123790740967, lr: 0.000999, time: 0.10s
[INFO]: TRAIN epoch: 2 loss: 0.5529, grad_norm: 0.5209326148033142, lr: 0.000999, time: 0.11s
[INFO]: TRAIN epoch: 2 loss: 0.2317, grad_norm: 0.3882746994495392, lr: 0.000999, time: 0.11s
[INFO]: TRAIN epoch: 2 loss: 0.5118, grad_norm: 0.7018674612045288, lr: 0.000999, time: 0.10s
[INFO]: TRAIN epoch: 2 loss: 0.5114, grad_norm: 0.4653894603252411, lr: 0.000999, time: 0.10s
[INFO]: TRAIN epoch: 2 loss: 0.3314, grad_norm: 0.3917573392391205, lr: 0.000999, time: 0.10s
[INFO]: TRAIN epoch: 2 loss: 0.4980, grad_norm: 0.4818325340747833, lr: 0.000999, time: 0.10s
[INFO]: TRAIN epoch: 2 loss: 0.9535, grad_norm: 0.7671470046043396, lr: 0.000999, time: 0.11s
[INFO]: TRAIN epoch: 2 loss: 0.2895, grad_norm: 0.2920589745044708, lr: 0.000999, time: 0.10s
[INFO]: TRAIN epoch: 2 loss: 0.4917, grad_norm: 0.43176335096359253, lr: 0.000999, time: 0.10s
[INFO]: TRAIN epoch: 2 loss: 0.7666, grad_norm: 0.5096315145492554, lr: 0.000999, time: 0.10s
[INFO]: TRAIN epoch: 2 loss: 0.7126, grad_norm: 0.4407695531845093, lr: 0.000999, time: 0.11s
[INFO]: TRAIN epoch: 2 loss: 0.2660, grad_norm: 0.3959435522556305, lr: 0.000999, time: 0.10s
[INFO]: TRAIN epoch: 2 loss: 0.3086, grad_norm: 0.39043688774108887, lr: 0.000999, time: 0.10s
[INFO]: TRAIN epoch: 2 loss: 0.2264, grad_norm: 0.3628472089767456, lr: 0.000999, time: 0.10s
[INFO]: TRAIN epoch: 2 loss: 0.7332, grad_norm: 0.5608621835708618, lr: 0.000999, time: 0.10s
[INFO]: TRAIN epoch: 2 loss: 0.3312, grad_norm: 0.3013601303100586, lr: 0.000999, time: 0.10s
[INFO]: TRAIN epoch: 2 loss: 0.6440, grad_norm: 0.5790972113609314, lr: 0.000999, time: 0.10s
[INFO]: TRAIN epoch: 2 loss: 0.6049, grad_norm: 0.5033738017082214, lr: 0.000999, time: 0.10s
[INFO]: TRAIN epoch: 2 loss: 0.2462, grad_norm: 0.4671206474304199, lr: 0.000999, time: 0.10s
[INFO]: TRAIN epoch: 2 loss: 0.5535, grad_norm: 0.41532838344573975, lr: 0.000999, time: 0.10s
[INFO]: TRAIN epoch: 2 loss: 0.6338, grad_norm: 0.5029909610748291, lr: 0.000999, time: 0.10s
[INFO]: TRAIN epoch: 2 loss: 0.7885, grad_norm: 0.4064651131629944, lr: 0.000999, time: 0.11s
[INFO]: TRAIN epoch: 2 loss: 0.3160, grad_norm: 0.6617891788482666, lr: 0.000999, time: 0.10s
[INFO]: TRAIN epoch: 2 loss: 0.6785, grad_norm: 0.48541584610939026, lr: 0.000999, time: 0.10s
[INFO]: TRAIN epoch: 2 loss: 0.7105, grad_norm: 0.5757200121879578, lr: 0.000999, time: 0.10s
[INFO]: TRAIN epoch: 2 loss: 0.3510, grad_norm: 0.49393925070762634, lr: 0.000999, time: 0.10s
[INFO]: TRAIN epoch: 2 loss: 0.3219, grad_norm: 0.4859231114387512, lr: 0.000999, time: 0.10s
[INFO]: TRAIN epoch: 2 loss: 0.2490, grad_norm: 0.3851626515388489, lr: 0.000999, time: 0.11s
[INFO]: TRAIN epoch: 2 loss: 0.4905, grad_norm: 0.5295072197914124, lr: 0.000999, time: 0.11s
[INFO]: TRAIN epoch: 2 loss: 0.5203, grad_norm: 0.4918472170829773, lr: 0.000999, time: 0.10s
[INFO]: TRAIN epoch: 2 loss: 0.2593, grad_norm: 0.2850695848464966, lr: 0.000999, time: 0.10s
[INFO]: TRAIN epoch: 2 loss: 0.5873, grad_norm: 0.387588769197464, lr: 0.000999, time: 0.10s
[INFO]: TRAIN epoch: 2 loss: 0.2701, grad_norm: 0.38216185569763184, lr: 0.000999, time: 0.10s
[INFO]: TRAIN epoch: 2 loss: 0.4486, grad_norm: 0.3865372836589813, lr: 0.000999, time: 0.10s
[INFO]: TRAIN epoch: 2 loss: 0.8131, grad_norm: 0.4774523675441742, lr: 0.000999, time: 0.11s
[INFO]: TRAIN epoch: 2 loss: 0.2261, grad_norm: 0.3463520407676697, lr: 0.000999, time: 0.11s
[INFO]: TRAIN epoch: 2 loss: 0.4713, grad_norm: 0.48066383600234985, lr: 0.000999, time: 0.10s
[INFO]: TRAIN epoch: 2 loss: 0.2478, grad_norm: 0.39215922355651855, lr: 0.000999, time: 0.10s
[INFO]: TRAIN epoch: 2 loss: 0.3030, grad_norm: 0.4040275514125824, lr: 0.000999, time: 0.11s
[INFO]: TRAIN epoch: 2 loss: 0.4312, grad_norm: 0.43406105041503906, lr: 0.000999, time: 0.11s
[INFO]: TRAIN epoch: 2 loss: 0.4183, grad_norm: 0.5826308727264404, lr: 0.000999, time: 0.10s
[INFO]: TRAIN epoch: 2 loss: 0.6038, grad_norm: 0.4752251207828522, lr: 0.000999, time: 0.11s
[INFO]: TRAIN epoch: 2 loss: 0.3008, grad_norm: 0.366189181804657, lr: 0.000999, time: 0.11s
[INFO]: TRAIN epoch: 2 loss: 0.1685, grad_norm: 0.312285840511322, lr: 0.000999, time: 0.10s
[INFO]: TRAIN epoch: 2 loss: 0.5387, grad_norm: 0.4626757502555847, lr: 0.000999, time: 0.10s
[INFO]: TRAIN epoch: 2 loss: 0.4418, grad_norm: 0.38614004850387573, lr: 0.000999, time: 0.10s
[INFO]: TRAIN epoch: 2 loss: 0.5994, grad_norm: 0.5249312520027161, lr: 0.000999, time: 0.10s
[INFO]: TRAIN epoch: 2 loss: 0.6882, grad_norm: 0.5644392967224121, lr: 0.000999, time: 0.11s
[INFO]: TRAIN epoch: 2 loss: 0.2118, grad_norm: 0.5510660409927368, lr: 0.000999, time: 0.10s
[INFO]: TRAIN epoch: 2 loss: 0.7243, grad_norm: 0.4458930492401123, lr: 0.000999, time: 0.11s
[INFO]: TRAIN epoch: 2 loss: 0.2825, grad_norm: 0.4274999499320984, lr: 0.000999, time: 0.10s
[INFO]: TRAIN epoch: 2 loss: 0.2540, grad_norm: 0.38659101724624634, lr: 0.000999, time: 0.10s
[INFO]: TRAIN epoch: 2 loss: 0.1274, grad_norm: 0.3361671268939972, lr: 0.000999, time: 0.10s
[INFO]: TRAIN epoch: 2 loss: 0.2886, grad_norm: 0.3395545482635498, lr: 0.000999, time: 0.10s
[INFO]: TRAIN epoch: 2 loss: 0.6778, grad_norm: 0.8991978168487549, lr: 0.000999, time: 0.11s
[INFO]: TRAIN epoch: 2 loss: 0.9456, grad_norm: 0.6733217835426331, lr: 0.000999, time: 0.10s
[INFO]: TRAIN epoch: 2 loss: 0.1643, grad_norm: 0.2653525769710541, lr: 0.000999, time: 0.10s
[INFO]: TRAIN epoch: 2 loss: 0.3215, grad_norm: 0.49865180253982544, lr: 0.000999, time: 0.10s
[INFO]: TRAIN epoch: 2 loss: 0.7604, grad_norm: 0.4829857051372528, lr: 0.000999, time: 0.11s
[INFO]: TRAIN epoch: 2 loss: 0.4574, grad_norm: 0.43192800879478455, lr: 0.000999, time: 0.11s
[INFO]: TRAIN epoch: 2 loss: 0.6318, grad_norm: 0.4359932541847229, lr: 0.000999, time: 0.10s
[INFO]: TRAIN epoch: 2 loss: 0.1713, grad_norm: 0.40886709094047546, lr: 0.000999, time: 0.10s
[INFO]: TRAIN epoch: 2 loss: 0.6521, grad_norm: 0.46085456013679504, lr: 0.000999, time: 0.10s
[INFO]: TRAIN epoch: 2 loss: 0.4366, grad_norm: 0.5346677899360657, lr: 0.000999, time: 0.10s
[INFO]: TRAIN epoch: 2 loss: 0.6012, grad_norm: 0.3790189027786255, lr: 0.000999, time: 0.10s
[INFO]: TRAIN epoch: 2 loss: 0.1954, grad_norm: 0.35209959745407104, lr: 0.000999, time: 0.10s
[INFO]: TRAIN epoch: 2 loss: 0.7964, grad_norm: 0.5512323975563049, lr: 0.000999, time: 0.10s
[INFO]: TRAIN epoch: 2 loss: 0.7613, grad_norm: 0.5618230700492859, lr: 0.000999, time: 0.11s
[INFO]: TRAIN epoch: 2 loss: 0.5565, grad_norm: 0.39526718854904175, lr: 0.000999, time: 0.10s
[INFO]: TRAIN epoch: 2 loss: 0.5155, grad_norm: 0.43031930923461914, lr: 0.000999, time: 0.11s
[INFO]: TRAIN epoch: 2 loss: 0.2359, grad_norm: 0.42770814895629883, lr: 0.000999, time: 0.10s
[INFO]: TRAIN epoch: 2 loss: 0.2784, grad_norm: 0.5093332529067993, lr: 0.000999, time: 0.10s
[INFO]: TRAIN epoch: 2 loss: 0.3041, grad_norm: 0.5231730341911316, lr: 0.000999, time: 0.11s
[INFO]: TRAIN epoch: 2 loss: 0.4667, grad_norm: 0.5154731869697571, lr: 0.000999, time: 0.11s
[INFO]: TRAIN epoch: 2 loss: 0.7327, grad_norm: 0.438384085893631, lr: 0.000999, time: 0.10s
[INFO]: TRAIN epoch: 2 loss: 0.4931, grad_norm: 0.36750414967536926, lr: 0.000999, time: 0.10s
[INFO]: TRAIN epoch: 2 loss: 0.5106, grad_norm: 0.4185769855976105, lr: 0.000999, time: 0.10s
[INFO]: TRAIN epoch: 2 loss: 0.3590, grad_norm: 0.3614605963230133, lr: 0.000999, time: 0.10s
[INFO]: TRAIN epoch: 2 loss: 0.2403, grad_norm: 0.31936803460121155, lr: 0.000999, time: 0.10s
[INFO]: TRAIN epoch: 2 loss: 0.5758, grad_norm: 0.4965447187423706, lr: 0.000999, time: 0.11s
[INFO]: TRAIN epoch: 2 loss: 0.6371, grad_norm: 0.40929728746414185, lr: 0.000999, time: 0.10s
[INFO]: TRAIN epoch: 2 loss: 0.2330, grad_norm: 0.32126662135124207, lr: 0.000999, time: 0.10s
[INFO]: TRAIN epoch: 2 loss: 0.4892, grad_norm: 0.43886488676071167, lr: 0.000999, time: 0.10s
[INFO]: TRAIN epoch: 2 loss: 0.1786, grad_norm: 0.26561272144317627, lr: 0.000999, time: 0.10s
[INFO]: TRAIN epoch: 2 loss: 0.7448, grad_norm: 0.5338098406791687, lr: 0.000999, time: 0.10s
[INFO]: TRAIN epoch: 2 loss: 0.2958, grad_norm: 0.3872253894805908, lr: 0.000999, time: 0.10s
[INFO]: TRAIN epoch: 2 loss: 0.5353, grad_norm: 0.4520163834095001, lr: 0.000999, time: 0.10s
[INFO]: TRAIN epoch: 2 loss: 0.1412, grad_norm: 0.40369996428489685, lr: 0.000999, time: 0.10s
[INFO]: TRAIN epoch: 2 loss: 0.4290, grad_norm: 0.5459498763084412, lr: 0.000999, time: 0.11s
[INFO]: TRAIN epoch: 2 loss: 0.6806, grad_norm: 0.4856020510196686, lr: 0.000999, time: 0.11s
[INFO]: TRAIN epoch: 2 loss: 0.7874, grad_norm: 0.4528796076774597, lr: 0.000999, time: 0.11s
[INFO]: TRAIN epoch: 2 loss: 0.5358, grad_norm: 0.3974333107471466, lr: 0.000999, time: 0.10s
[INFO]: TRAIN epoch: 2 loss: 0.5746, grad_norm: 0.41416820883750916, lr: 0.000999, time: 0.10s
[INFO]: TRAIN epoch: 2 loss: 0.5411, grad_norm: 0.46522989869117737, lr: 0.000999, time: 0.10s
[INFO]: TRAIN epoch: 2 loss: 0.7486, grad_norm: 0.6064168810844421, lr: 0.000999, time: 0.11s
[INFO]: TRAIN epoch: 2 loss: 0.3010, grad_norm: 0.6469168066978455, lr: 0.000999, time: 0.10s
[INFO]: TRAIN epoch: 2 loss: 0.4952, grad_norm: 0.41806289553642273, lr: 0.000999, time: 0.10s
[INFO]: TRAIN epoch: 2 loss: 0.5938, grad_norm: 0.524604856967926, lr: 0.000999, time: 0.10s
[INFO]: TRAIN epoch: 2 loss: 0.5176, grad_norm: 0.6200469732284546, lr: 0.000999, time: 0.10s
[INFO]: TRAIN epoch: 2 loss: 0.2404, grad_norm: 0.35010188817977905, lr: 0.000999, time: 0.11s
[INFO]: TRAIN epoch: 2 loss: 0.1437, grad_norm: 0.2994415760040283, lr: 0.000999, time: 0.10s
[INFO]: TRAIN epoch: 2 loss: 0.6900, grad_norm: 0.4496642053127289, lr: 0.000999, time: 0.10s
[INFO]: TRAIN epoch: 2 loss: 0.4752, grad_norm: 0.41224515438079834, lr: 0.000999, time: 0.11s
[INFO]: TRAIN epoch: 2 loss: 0.2936, grad_norm: 0.3640892207622528, lr: 0.000999, time: 0.11s
[INFO]: TRAIN epoch: 2 loss: 0.6853, grad_norm: 0.44383686780929565, lr: 0.000999, time: 0.10s
[INFO]: TRAIN epoch: 2 loss: 0.1763, grad_norm: 0.3461455702781677, lr: 0.000999, time: 0.10s
[INFO]: TRAIN epoch: 2 loss: 0.5046, grad_norm: 0.4755457043647766, lr: 0.000999, time: 0.10s
[INFO]: TRAIN epoch: 2 loss: 1.0486, grad_norm: 0.5160780549049377, lr: 0.000999, time: 0.10s
[INFO]: TRAIN epoch: 2 loss: 0.5784, grad_norm: 0.4255829155445099, lr: 0.000999, time: 0.11s
[INFO]: TRAIN epoch: 2 loss: 0.5400, grad_norm: 0.3381637632846832, lr: 0.000999, time: 0.10s
[INFO]: TRAIN epoch: 2 loss: 0.4831, grad_norm: 0.4875026345252991, lr: 0.000999, time: 0.10s
[INFO]: TRAIN epoch: 2 loss: 0.7555, grad_norm: 0.43007975816726685, lr: 0.000999, time: 0.11s
[INFO]: TRAIN epoch: 2 loss: 0.2481, grad_norm: 0.39190906286239624, lr: 0.000999, time: 0.10s
[INFO]: TRAIN epoch: 2 loss: 0.5835, grad_norm: 0.3875792324542999, lr: 0.000999, time: 0.10s
[INFO]: TRAIN epoch: 2 loss: 0.2881, grad_norm: 0.5618622899055481, lr: 0.000999, time: 0.10s
[INFO]: TRAIN epoch: 2 loss: 0.5432, grad_norm: 0.3180176317691803, lr: 0.000999, time: 0.11s
[INFO]: TRAIN epoch: 2 loss: 0.2538, grad_norm: 0.3528251349925995, lr: 0.000999, time: 0.11s
[INFO]: TRAIN epoch: 2 loss: 0.4848, grad_norm: 0.47831425070762634, lr: 0.000999, time: 0.11s
[INFO]: TRAIN epoch: 2 loss: 0.5699, grad_norm: 0.39874207973480225, lr: 0.000999, time: 0.11s
[INFO]: TRAIN epoch: 2 loss: 0.4334, grad_norm: 0.45534780621528625, lr: 0.000999, time: 0.11s
[INFO]: TRAIN epoch: 2 loss: 0.2964, grad_norm: 0.5163801908493042, lr: 0.000999, time: 0.11s
[INFO]: TRAIN epoch: 2 loss: 0.6135, grad_norm: 0.4542391896247864, lr: 0.000999, time: 0.10s
[INFO]: TRAIN epoch: 2 loss: 0.4981, grad_norm: 0.4399096369743347, lr: 0.000999, time: 0.11s
[INFO]: TRAIN epoch: 2 loss: 0.2102, grad_norm: 0.3130134046077728, lr: 0.000999, time: 0.11s
[INFO]: TRAIN epoch: 2 loss: 0.4809, grad_norm: 0.4753314256668091, lr: 0.000999, time: 0.10s
[INFO]: TRAIN epoch: 2 loss: 0.4605, grad_norm: 0.3286440074443817, lr: 0.000999, time: 0.10s
[INFO]: TRAIN epoch: 2 loss: 0.6512, grad_norm: 0.4336039423942566, lr: 0.000999, time: 0.10s
[INFO]: TRAIN epoch: 2 loss: 0.4408, grad_norm: 0.5153037309646606, lr: 0.000999, time: 0.11s
[INFO]: TRAIN epoch: 2 loss: 0.1715, grad_norm: 0.4308992922306061, lr: 0.000999, time: 0.10s
[INFO]: TRAIN epoch: 2 loss: 0.5932, grad_norm: 0.5242006182670593, lr: 0.000999, time: 0.10s
[INFO]: TRAIN epoch: 2 loss: 0.7604, grad_norm: 0.4691970944404602, lr: 0.000999, time: 0.10s
[INFO]: TRAIN epoch: 2 loss: 0.4481, grad_norm: 0.4019392132759094, lr: 0.000999, time: 0.10s
[INFO]: TRAIN epoch: 2 loss: 0.4252, grad_norm: 0.4224781095981598, lr: 0.000999, time: 0.10s
[INFO]: TRAIN epoch: 2 loss: 0.5348, grad_norm: 0.5476073026657104, lr: 0.000999, time: 0.11s
[INFO]: TRAIN epoch: 2 loss: 0.4954, grad_norm: 0.37268975377082825, lr: 0.000999, time: 0.10s
[INFO]: TRAIN epoch: 2 loss: 0.4646, grad_norm: 0.6455667018890381, lr: 0.000999, time: 0.10s
[INFO]: TRAIN epoch: 2 loss: 0.4778, grad_norm: 0.3989395499229431, lr: 0.000999, time: 0.10s
[INFO]: TRAIN epoch: 2 loss: 0.5412, grad_norm: 0.6156123876571655, lr: 0.000999, time: 0.10s
[INFO]: TRAIN epoch: 2 loss: 0.4487, grad_norm: 0.3840217888355255, lr: 0.000999, time: 0.11s
[INFO]: TRAIN epoch: 2 loss: 0.6983, grad_norm: 0.6162110567092896, lr: 0.000999, time: 0.10s
[INFO]: TRAIN epoch: 2 loss: 0.4745, grad_norm: 0.3876414895057678, lr: 0.000999, time: 0.10s
[INFO]: TRAIN epoch: 2 loss: 0.6570, grad_norm: 0.42181268334388733, lr: 0.000999, time: 0.10s
[INFO]: TRAIN epoch: 2 loss: 0.2802, grad_norm: 0.4633525013923645, lr: 0.000999, time: 0.10s
[INFO]: TRAIN epoch: 2 loss: 0.4951, grad_norm: 0.4887944161891937, lr: 0.000999, time: 0.10s
[INFO]: TRAIN epoch: 2 loss: 0.2864, grad_norm: 0.5164390206336975, lr: 0.000999, time: 0.10s
[INFO]: TRAIN epoch: 2 loss: 0.6525, grad_norm: 0.5828202366828918, lr: 0.000999, time: 0.10s
[INFO]: TRAIN epoch: 2 loss: 0.5128, grad_norm: 0.48812004923820496, lr: 0.000999, time: 0.11s
[INFO]: TRAIN epoch: 2 loss: 0.3424, grad_norm: 0.3491591215133667, lr: 0.000999, time: 0.11s
[INFO]: TRAIN epoch: 2 loss: 0.2452, grad_norm: 0.5017113089561462, lr: 0.000999, time: 0.10s
[INFO]: TRAIN epoch: 2 loss: 0.5428, grad_norm: 0.5896080732345581, lr: 0.000999, time: 0.10s
[INFO]: TRAIN epoch: 2 loss: 0.6248, grad_norm: 0.43321096897125244, lr: 0.000999, time: 0.10s
[INFO]: TRAIN epoch: 2 loss: 0.6191, grad_norm: 0.410413533449173, lr: 0.000999, time: 0.10s
[INFO]: TRAIN epoch: 2 loss: 0.4702, grad_norm: 0.46198058128356934, lr: 0.000999, time: 0.10s
[INFO]: TRAIN epoch: 2 loss: 0.5174, grad_norm: 0.4235157370567322, lr: 0.000999, time: 0.10s
[INFO]: TRAIN epoch: 2 loss: 0.4177, grad_norm: 0.3908131420612335, lr: 0.000999, time: 0.10s
[INFO]: TRAIN epoch: 2 loss: 0.1324, grad_norm: 0.33629798889160156, lr: 0.000999, time: 0.10s
[INFO]: TRAIN epoch: 2 loss: 0.9957, grad_norm: 0.8441041707992554, lr: 0.000999, time: 0.10s
[INFO]: TRAIN epoch: 2 loss: 0.6044, grad_norm: 0.5167683362960815, lr: 0.000999, time: 0.10s
[INFO]: TRAIN epoch summary: 2 loss: 0.4749
[INFO]: VALIDATION epoch: 2 loss: 0.4090
[INFO]: TRAIN epoch: 3 loss: 0.4231, grad_norm: 0.49355000257492065, lr: 0.000998, time: 0.12s
[INFO]: TRAIN epoch: 3 loss: 0.4151, grad_norm: 0.45005103945732117, lr: 0.000998, time: 0.10s
[INFO]: TRAIN epoch: 3 loss: 0.6830, grad_norm: 0.5688194036483765, lr: 0.000998, time: 0.10s
[INFO]: TRAIN epoch: 3 loss: 0.4060, grad_norm: 0.5271056294441223, lr: 0.000998, time: 0.10s
[INFO]: TRAIN epoch: 3 loss: 0.4963, grad_norm: 0.4038388729095459, lr: 0.000998, time: 0.10s
[INFO]: TRAIN epoch: 3 loss: 0.2826, grad_norm: 0.4245954751968384, lr: 0.000998, time: 0.10s
[INFO]: TRAIN epoch: 3 loss: 0.3142, grad_norm: 0.4215199947357178, lr: 0.000998, time: 0.10s
[INFO]: TRAIN epoch: 3 loss: 0.7271, grad_norm: 0.471950888633728, lr: 0.000998, time: 0.10s
[INFO]: TRAIN epoch: 3 loss: 0.4735, grad_norm: 0.46242642402648926, lr: 0.000998, time: 0.10s
[INFO]: TRAIN epoch: 3 loss: 0.4020, grad_norm: 0.5762975811958313, lr: 0.000998, time: 0.10s
[INFO]: TRAIN epoch: 3 loss: 0.4668, grad_norm: 0.3222808837890625, lr: 0.000998, time: 0.10s
[INFO]: TRAIN epoch: 3 loss: 0.1985, grad_norm: 0.3097221255302429, lr: 0.000998, time: 0.10s
[INFO]: TRAIN epoch: 3 loss: 0.1608, grad_norm: 0.3243635296821594, lr: 0.000998, time: 0.10s
[INFO]: TRAIN epoch: 3 loss: 0.4838, grad_norm: 0.30753910541534424, lr: 0.000998, time: 0.10s
[INFO]: TRAIN epoch: 3 loss: 1.0467, grad_norm: 0.5098896622657776, lr: 0.000998, time: 0.10s
[INFO]: TRAIN epoch: 3 loss: 0.2212, grad_norm: 0.33332136273384094, lr: 0.000998, time: 0.10s
[INFO]: TRAIN epoch: 3 loss: 0.4268, grad_norm: 0.5155441761016846, lr: 0.000998, time: 0.10s
[INFO]: TRAIN epoch: 3 loss: 0.3953, grad_norm: 0.5303176045417786, lr: 0.000998, time: 0.10s
[INFO]: TRAIN epoch: 3 loss: 0.2203, grad_norm: 0.37730884552001953, lr: 0.000998, time: 0.10s
[INFO]: TRAIN epoch: 3 loss: 0.1288, grad_norm: 0.28916648030281067, lr: 0.000998, time: 0.10s
[INFO]: TRAIN epoch: 3 loss: 0.1984, grad_norm: 0.3471902310848236, lr: 0.000998, time: 0.10s
[INFO]: TRAIN epoch: 3 loss: 0.5405, grad_norm: 0.5767332315444946, lr: 0.000998, time: 0.10s
[INFO]: TRAIN epoch: 3 loss: 0.2715, grad_norm: 0.3997637629508972, lr: 0.000998, time: 0.10s
[INFO]: TRAIN epoch: 3 loss: 0.3829, grad_norm: 0.5338916182518005, lr: 0.000998, time: 0.10s
[INFO]: TRAIN epoch: 3 loss: 0.3633, grad_norm: 0.47016072273254395, lr: 0.000998, time: 0.10s
[INFO]: TRAIN epoch: 3 loss: 0.5504, grad_norm: 0.5178077816963196, lr: 0.000998, time: 0.10s
[INFO]: TRAIN epoch: 3 loss: 0.4661, grad_norm: 0.414689302444458, lr: 0.000998, time: 0.10s
[INFO]: TRAIN epoch: 3 loss: 0.1799, grad_norm: 0.41651731729507446, lr: 0.000998, time: 0.10s
[INFO]: TRAIN epoch: 3 loss: 0.8020, grad_norm: 0.6228029131889343, lr: 0.000998, time: 0.10s
[INFO]: TRAIN epoch: 3 loss: 0.4576, grad_norm: 0.4137270748615265, lr: 0.000998, time: 0.10s
[INFO]: TRAIN epoch: 3 loss: 0.4756, grad_norm: 0.609296441078186, lr: 0.000998, time: 0.10s
[INFO]: TRAIN epoch: 3 loss: 0.4365, grad_norm: 0.4056144952774048, lr: 0.000998, time: 0.10s
[INFO]: TRAIN epoch: 3 loss: 0.5862, grad_norm: 0.4222509562969208, lr: 0.000998, time: 0.10s
[INFO]: TRAIN epoch: 3 loss: 0.3191, grad_norm: 0.4678327739238739, lr: 0.000998, time: 0.10s
[INFO]: TRAIN epoch: 3 loss: 0.7486, grad_norm: 0.6251720190048218, lr: 0.000998, time: 0.11s
[INFO]: TRAIN epoch: 3 loss: 0.4388, grad_norm: 0.37296411395072937, lr: 0.000998, time: 0.10s
[INFO]: TRAIN epoch: 3 loss: 0.1669, grad_norm: 0.3941413164138794, lr: 0.000998, time: 0.10s
[INFO]: TRAIN epoch: 3 loss: 0.4065, grad_norm: 0.48450911045074463, lr: 0.000998, time: 0.10s
[INFO]: TRAIN epoch: 3 loss: 0.5221, grad_norm: 0.3542936444282532, lr: 0.000998, time: 0.10s
[INFO]: TRAIN epoch: 3 loss: 0.1470, grad_norm: 0.29055875539779663, lr: 0.000998, time: 0.10s
[INFO]: TRAIN epoch: 3 loss: 0.3953, grad_norm: 0.3340766131877899, lr: 0.000998, time: 0.10s
[INFO]: TRAIN epoch: 3 loss: 0.6758, grad_norm: 0.5799130797386169, lr: 0.000998, time: 0.10s
[INFO]: TRAIN epoch: 3 loss: 0.6806, grad_norm: 0.7080579996109009, lr: 0.000998, time: 0.10s
[INFO]: TRAIN epoch: 3 loss: 0.5897, grad_norm: 0.5508729219436646, lr: 0.000998, time: 0.10s
[INFO]: TRAIN epoch: 3 loss: 0.2940, grad_norm: 0.3854363262653351, lr: 0.000998, time: 0.10s
[INFO]: TRAIN epoch: 3 loss: 0.5429, grad_norm: 0.42698878049850464, lr: 0.000998, time: 0.10s
[INFO]: TRAIN epoch: 3 loss: 0.5790, grad_norm: 0.4365132451057434, lr: 0.000998, time: 0.10s
[INFO]: TRAIN epoch: 3 loss: 0.3971, grad_norm: 0.32352274656295776, lr: 0.000998, time: 0.10s
[INFO]: TRAIN epoch: 3 loss: 0.3502, grad_norm: 0.3784789741039276, lr: 0.000998, time: 0.10s
[INFO]: TRAIN epoch: 3 loss: 0.4130, grad_norm: 0.3472086489200592, lr: 0.000998, time: 0.10s
[INFO]: TRAIN epoch: 3 loss: 0.5068, grad_norm: 0.48923879861831665, lr: 0.000998, time: 0.10s
[INFO]: TRAIN epoch: 3 loss: 0.4064, grad_norm: 0.38348111510276794, lr: 0.000998, time: 0.10s
[INFO]: TRAIN epoch: 3 loss: 0.5206, grad_norm: 0.3596857190132141, lr: 0.000998, time: 0.10s
[INFO]: TRAIN epoch: 3 loss: 0.2373, grad_norm: 0.3899410665035248, lr: 0.000998, time: 0.11s
[INFO]: TRAIN epoch: 3 loss: 0.4118, grad_norm: 0.35527312755584717, lr: 0.000998, time: 0.10s
[INFO]: TRAIN epoch: 3 loss: 0.2661, grad_norm: 0.39342978596687317, lr: 0.000998, time: 0.10s
[INFO]: TRAIN epoch: 3 loss: 0.5082, grad_norm: 0.5152490735054016, lr: 0.000998, time: 0.10s
[INFO]: TRAIN epoch: 3 loss: 0.7261, grad_norm: 0.49259984493255615, lr: 0.000998, time: 0.10s
[INFO]: TRAIN epoch: 3 loss: 0.4180, grad_norm: 0.3755917549133301, lr: 0.000998, time: 0.10s
[INFO]: TRAIN epoch: 3 loss: 0.5318, grad_norm: 0.5328317284584045, lr: 0.000998, time: 0.10s
[INFO]: TRAIN epoch: 3 loss: 0.5033, grad_norm: 0.4818035066127777, lr: 0.000998, time: 0.10s
[INFO]: TRAIN epoch: 3 loss: 0.2144, grad_norm: 0.3747805058956146, lr: 0.000998, time: 0.10s
[INFO]: TRAIN epoch: 3 loss: 0.3331, grad_norm: 0.36268070340156555, lr: 0.000998, time: 0.10s
[INFO]: TRAIN epoch: 3 loss: 0.1843, grad_norm: 0.38150689005851746, lr: 0.000998, time: 0.11s
[INFO]: TRAIN epoch: 3 loss: 0.4541, grad_norm: 0.3385244309902191, lr: 0.000998, time: 0.10s
[INFO]: TRAIN epoch: 3 loss: 0.2390, grad_norm: 0.394266277551651, lr: 0.000998, time: 0.10s
[INFO]: TRAIN epoch: 3 loss: 0.4285, grad_norm: 0.382271945476532, lr: 0.000998, time: 0.10s
[INFO]: TRAIN epoch: 3 loss: 0.7929, grad_norm: 0.5510343909263611, lr: 0.000998, time: 0.10s
[INFO]: TRAIN epoch: 3 loss: 0.2078, grad_norm: 0.3993626534938812, lr: 0.000998, time: 0.10s
[INFO]: TRAIN epoch: 3 loss: 0.4937, grad_norm: 0.6235923767089844, lr: 0.000998, time: 0.10s
[INFO]: TRAIN epoch: 3 loss: 0.1896, grad_norm: 0.37571701407432556, lr: 0.000998, time: 0.10s
[INFO]: TRAIN epoch: 3 loss: 0.1494, grad_norm: 0.32514506578445435, lr: 0.000998, time: 0.10s
[INFO]: TRAIN epoch: 3 loss: 0.5584, grad_norm: 0.520685076713562, lr: 0.000998, time: 0.10s
[INFO]: TRAIN epoch: 3 loss: 0.1134, grad_norm: 0.22988668084144592, lr: 0.000998, time: 0.10s
[INFO]: TRAIN epoch: 3 loss: 0.5568, grad_norm: 0.40733036398887634, lr: 0.000998, time: 0.10s
[INFO]: TRAIN epoch: 3 loss: 0.3626, grad_norm: 0.5153241157531738, lr: 0.000998, time: 0.10s
[INFO]: TRAIN epoch: 3 loss: 0.7649, grad_norm: 0.5141499638557434, lr: 0.000998, time: 0.10s
[INFO]: TRAIN epoch: 3 loss: 0.4586, grad_norm: 0.5505006909370422, lr: 0.000998, time: 0.10s
[INFO]: TRAIN epoch: 3 loss: 0.6813, grad_norm: 0.4797835648059845, lr: 0.000998, time: 0.10s
[INFO]: TRAIN epoch: 3 loss: 0.3902, grad_norm: 0.32903751730918884, lr: 0.000998, time: 0.10s
[INFO]: TRAIN epoch: 3 loss: 0.3627, grad_norm: 0.36507129669189453, lr: 0.000998, time: 0.10s
[INFO]: TRAIN epoch: 3 loss: 0.3585, grad_norm: 0.3290930390357971, lr: 0.000998, time: 0.10s
[INFO]: TRAIN epoch: 3 loss: 0.6491, grad_norm: 0.4853065609931946, lr: 0.000998, time: 0.10s
[INFO]: TRAIN epoch: 3 loss: 0.4478, grad_norm: 0.460538774728775, lr: 0.000998, time: 0.10s
[INFO]: TRAIN epoch: 3 loss: 0.4109, grad_norm: 0.42249301075935364, lr: 0.000998, time: 0.10s
[INFO]: TRAIN epoch: 3 loss: 0.2561, grad_norm: 0.3991398215293884, lr: 0.000998, time: 0.10s
[INFO]: TRAIN epoch: 3 loss: 0.2997, grad_norm: 0.3564974069595337, lr: 0.000998, time: 0.10s
[INFO]: TRAIN epoch: 3 loss: 0.4113, grad_norm: 0.3783332109451294, lr: 0.000998, time: 0.10s
[INFO]: TRAIN epoch: 3 loss: 0.2052, grad_norm: 0.4010206162929535, lr: 0.000998, time: 0.10s
[INFO]: TRAIN epoch: 3 loss: 0.4767, grad_norm: 0.4062564969062805, lr: 0.000998, time: 0.10s
[INFO]: TRAIN epoch: 3 loss: 0.7434, grad_norm: 0.5585169792175293, lr: 0.000998, time: 0.10s
[INFO]: TRAIN epoch: 3 loss: 0.3438, grad_norm: 0.5338480472564697, lr: 0.000998, time: 0.10s
[INFO]: TRAIN epoch: 3 loss: 0.1459, grad_norm: 0.27942171692848206, lr: 0.000998, time: 0.10s
[INFO]: TRAIN epoch: 3 loss: 0.1709, grad_norm: 0.2887532711029053, lr: 0.000998, time: 0.10s
[INFO]: TRAIN epoch: 3 loss: 0.6916, grad_norm: 0.7033798098564148, lr: 0.000998, time: 0.10s
[INFO]: TRAIN epoch: 3 loss: 0.1934, grad_norm: 0.6300058364868164, lr: 0.000998, time: 0.10s
[INFO]: TRAIN epoch: 3 loss: 0.2016, grad_norm: 0.43233639001846313, lr: 0.000998, time: 0.10s
[INFO]: TRAIN epoch: 3 loss: 0.5235, grad_norm: 0.46966540813446045, lr: 0.000998, time: 0.10s
[INFO]: TRAIN epoch: 3 loss: 0.2795, grad_norm: 0.6559983491897583, lr: 0.000998, time: 0.10s
[INFO]: TRAIN epoch: 3 loss: 0.2550, grad_norm: 0.6061608791351318, lr: 0.000998, time: 0.10s
[INFO]: TRAIN epoch: 3 loss: 0.7328, grad_norm: 0.6130620837211609, lr: 0.000998, time: 0.10s
[INFO]: TRAIN epoch: 3 loss: 0.5716, grad_norm: 0.46785226464271545, lr: 0.000998, time: 0.10s
[INFO]: TRAIN epoch: 3 loss: 0.6239, grad_norm: 0.5819489359855652, lr: 0.000998, time: 0.10s
[INFO]: TRAIN epoch: 3 loss: 0.1752, grad_norm: 0.3553038537502289, lr: 0.000998, time: 0.10s
[INFO]: TRAIN epoch: 3 loss: 0.5235, grad_norm: 0.5298580527305603, lr: 0.000998, time: 0.10s
[INFO]: TRAIN epoch: 3 loss: 0.4606, grad_norm: 0.41922879219055176, lr: 0.000998, time: 0.11s
[INFO]: TRAIN epoch: 3 loss: 0.4817, grad_norm: 0.37344950437545776, lr: 0.000998, time: 0.10s
[INFO]: TRAIN epoch: 3 loss: 0.1409, grad_norm: 0.3759101629257202, lr: 0.000998, time: 0.10s
[INFO]: TRAIN epoch: 3 loss: 0.4415, grad_norm: 0.42451104521751404, lr: 0.000998, time: 0.10s
[INFO]: TRAIN epoch: 3 loss: 0.3485, grad_norm: 0.4223601818084717, lr: 0.000998, time: 0.10s
[INFO]: TRAIN epoch: 3 loss: 0.5158, grad_norm: 0.41346293687820435, lr: 0.000998, time: 0.10s
[INFO]: TRAIN epoch: 3 loss: 0.4786, grad_norm: 0.3746642470359802, lr: 0.000998, time: 0.10s
[INFO]: TRAIN epoch: 3 loss: 0.5839, grad_norm: 0.6107313632965088, lr: 0.000998, time: 0.10s
[INFO]: TRAIN epoch: 3 loss: 0.6010, grad_norm: 0.5149805545806885, lr: 0.000998, time: 0.10s
[INFO]: TRAIN epoch: 3 loss: 0.7953, grad_norm: 0.3651892840862274, lr: 0.000998, time: 0.10s
[INFO]: TRAIN epoch: 3 loss: 0.2315, grad_norm: 0.37369677424430847, lr: 0.000998, time: 0.10s
[INFO]: TRAIN epoch: 3 loss: 0.3410, grad_norm: 0.41439664363861084, lr: 0.000998, time: 0.10s
[INFO]: TRAIN epoch: 3 loss: 0.4679, grad_norm: 0.4039810299873352, lr: 0.000998, time: 0.10s
[INFO]: TRAIN epoch: 3 loss: 0.4765, grad_norm: 0.3639644682407379, lr: 0.000998, time: 0.10s
[INFO]: TRAIN epoch: 3 loss: 0.5123, grad_norm: 0.39729490876197815, lr: 0.000998, time: 0.10s
[INFO]: TRAIN epoch: 3 loss: 0.6708, grad_norm: 0.48633602261543274, lr: 0.000998, time: 0.10s
[INFO]: TRAIN epoch: 3 loss: 0.2831, grad_norm: 0.3830086290836334, lr: 0.000998, time: 0.10s
[INFO]: TRAIN epoch: 3 loss: 0.4778, grad_norm: 0.3520696461200714, lr: 0.000998, time: 0.10s
[INFO]: TRAIN epoch: 3 loss: 0.1797, grad_norm: 0.4923941195011139, lr: 0.000998, time: 0.10s
[INFO]: TRAIN epoch: 3 loss: 0.5862, grad_norm: 0.465214341878891, lr: 0.000998, time: 0.10s
[INFO]: TRAIN epoch: 3 loss: 0.2960, grad_norm: 0.451744943857193, lr: 0.000998, time: 0.11s
[INFO]: TRAIN epoch: 3 loss: 0.1848, grad_norm: 0.3672230839729309, lr: 0.000998, time: 0.10s
[INFO]: TRAIN epoch: 3 loss: 0.6933, grad_norm: 0.6253182888031006, lr: 0.000998, time: 0.10s
[INFO]: TRAIN epoch: 3 loss: 0.8810, grad_norm: 0.8516409397125244, lr: 0.000998, time: 0.10s
[INFO]: TRAIN epoch: 3 loss: 0.6901, grad_norm: 0.5788165926933289, lr: 0.000998, time: 0.10s
[INFO]: TRAIN epoch: 3 loss: 0.6898, grad_norm: 0.4790990948677063, lr: 0.000998, time: 0.10s
[INFO]: TRAIN epoch: 3 loss: 0.3465, grad_norm: 0.6190459132194519, lr: 0.000998, time: 0.10s
[INFO]: TRAIN epoch: 3 loss: 0.5989, grad_norm: 0.4119929075241089, lr: 0.000998, time: 0.10s
[INFO]: TRAIN epoch: 3 loss: 0.2867, grad_norm: 0.5634286999702454, lr: 0.000998, time: 0.10s
[INFO]: TRAIN epoch: 3 loss: 0.2804, grad_norm: 0.33296671509742737, lr: 0.000998, time: 0.10s
[INFO]: TRAIN epoch: 3 loss: 0.2501, grad_norm: 0.30798396468162537, lr: 0.000998, time: 0.10s
[INFO]: TRAIN epoch: 3 loss: 0.5751, grad_norm: 0.40993738174438477, lr: 0.000998, time: 0.10s
[INFO]: TRAIN epoch: 3 loss: 0.7068, grad_norm: 0.5378183126449585, lr: 0.000998, time: 0.10s
[INFO]: TRAIN epoch: 3 loss: 0.4672, grad_norm: 0.46474382281303406, lr: 0.000998, time: 0.10s
[INFO]: TRAIN epoch: 3 loss: 0.3080, grad_norm: 0.4694198668003082, lr: 0.000998, time: 0.10s
[INFO]: TRAIN epoch: 3 loss: 0.9059, grad_norm: 0.5189505219459534, lr: 0.000998, time: 0.10s
[INFO]: TRAIN epoch: 3 loss: 0.5074, grad_norm: 0.4049094617366791, lr: 0.000998, time: 0.10s
[INFO]: TRAIN epoch: 3 loss: 0.5532, grad_norm: 0.47126540541648865, lr: 0.000998, time: 0.10s
[INFO]: TRAIN epoch: 3 loss: 0.3274, grad_norm: 0.3933597207069397, lr: 0.000998, time: 0.10s
[INFO]: TRAIN epoch: 3 loss: 0.2264, grad_norm: 0.41213467717170715, lr: 0.000998, time: 0.10s
[INFO]: TRAIN epoch: 3 loss: 0.3533, grad_norm: 0.4825218915939331, lr: 0.000998, time: 0.10s
[INFO]: TRAIN epoch: 3 loss: 0.1867, grad_norm: 0.33816272020339966, lr: 0.000998, time: 0.11s
[INFO]: TRAIN epoch: 3 loss: 0.4718, grad_norm: 0.5675899982452393, lr: 0.000998, time: 0.11s
[INFO]: TRAIN epoch: 3 loss: 0.9778, grad_norm: 0.5181559920310974, lr: 0.000998, time: 0.10s
[INFO]: TRAIN epoch: 3 loss: 0.5743, grad_norm: 0.48437052965164185, lr: 0.000998, time: 0.10s
[INFO]: TRAIN epoch: 3 loss: 0.7544, grad_norm: 0.5296061038970947, lr: 0.000998, time: 0.10s
[INFO]: TRAIN epoch: 3 loss: 0.1856, grad_norm: 0.36106032133102417, lr: 0.000998, time: 0.10s
[INFO]: TRAIN epoch: 3 loss: 0.1784, grad_norm: 0.4336087703704834, lr: 0.000998, time: 0.10s
[INFO]: TRAIN epoch: 3 loss: 0.1729, grad_norm: 0.40950828790664673, lr: 0.000998, time: 0.10s
[INFO]: TRAIN epoch: 3 loss: 0.3246, grad_norm: 0.35600847005844116, lr: 0.000998, time: 0.10s
[INFO]: TRAIN epoch: 3 loss: 0.4943, grad_norm: 0.5107925534248352, lr: 0.000998, time: 0.11s
[INFO]: TRAIN epoch: 3 loss: 0.4921, grad_norm: 0.5953490138053894, lr: 0.000998, time: 0.10s
[INFO]: TRAIN epoch: 3 loss: 0.1223, grad_norm: 0.3655170500278473, lr: 0.000998, time: 0.10s
[INFO]: TRAIN epoch: 3 loss: 0.5361, grad_norm: 0.49999678134918213, lr: 0.000998, time: 0.10s
[INFO]: TRAIN epoch: 3 loss: 0.5402, grad_norm: 0.4604125916957855, lr: 0.000998, time: 0.10s
[INFO]: TRAIN epoch: 3 loss: 0.2067, grad_norm: 0.3246232569217682, lr: 0.000998, time: 0.10s
[INFO]: TRAIN epoch: 3 loss: 0.3122, grad_norm: 0.4699800908565521, lr: 0.000998, time: 0.10s
[INFO]: TRAIN epoch: 3 loss: 0.4564, grad_norm: 0.407632976770401, lr: 0.000998, time: 0.10s
[INFO]: TRAIN epoch: 3 loss: 0.5684, grad_norm: 0.5229712724685669, lr: 0.000998, time: 0.11s
[INFO]: TRAIN epoch: 3 loss: 0.5959, grad_norm: 0.5594015121459961, lr: 0.000998, time: 0.11s
[INFO]: TRAIN epoch: 3 loss: 0.1032, grad_norm: 0.32861995697021484, lr: 0.000998, time: 0.10s
[INFO]: TRAIN epoch: 3 loss: 0.2854, grad_norm: 0.4637845754623413, lr: 0.000998, time: 0.10s
[INFO]: TRAIN epoch: 3 loss: 0.1988, grad_norm: 0.443103164434433, lr: 0.000998, time: 0.10s
[INFO]: TRAIN epoch: 3 loss: 0.2867, grad_norm: 0.35993918776512146, lr: 0.000998, time: 0.11s
[INFO]: TRAIN epoch: 3 loss: 0.1076, grad_norm: 0.27428728342056274, lr: 0.000998, time: 0.10s
[INFO]: TRAIN epoch: 3 loss: 0.4197, grad_norm: 0.3176349103450775, lr: 0.000998, time: 0.11s
[INFO]: TRAIN epoch: 3 loss: 0.2450, grad_norm: 0.3143942058086395, lr: 0.000998, time: 0.10s
[INFO]: TRAIN epoch: 3 loss: 0.4393, grad_norm: 0.3904118537902832, lr: 0.000998, time: 0.10s
[INFO]: TRAIN epoch: 3 loss: 0.4466, grad_norm: 0.45072436332702637, lr: 0.000998, time: 0.11s
[INFO]: TRAIN epoch: 3 loss: 0.5038, grad_norm: 0.402521550655365, lr: 0.000998, time: 0.10s
[INFO]: TRAIN epoch: 3 loss: 0.4603, grad_norm: 0.31147533655166626, lr: 0.000998, time: 0.10s
[INFO]: TRAIN epoch: 3 loss: 0.2179, grad_norm: 0.29717424511909485, lr: 0.000998, time: 0.10s
[INFO]: TRAIN epoch: 3 loss: 0.1686, grad_norm: 0.33985164761543274, lr: 0.000998, time: 0.10s
[INFO]: TRAIN epoch: 3 loss: 0.1768, grad_norm: 0.3167545199394226, lr: 0.000998, time: 0.10s
[INFO]: TRAIN epoch: 3 loss: 0.4805, grad_norm: 0.4796908497810364, lr: 0.000998, time: 0.10s
[INFO]: TRAIN epoch: 3 loss: 0.5235, grad_norm: 0.47079670429229736, lr: 0.000998, time: 0.10s
[INFO]: TRAIN epoch: 3 loss: 0.6026, grad_norm: 0.34861090779304504, lr: 0.000998, time: 0.10s
[INFO]: TRAIN epoch: 3 loss: 0.3312, grad_norm: 0.44735199213027954, lr: 0.000998, time: 0.10s
[INFO]: TRAIN epoch: 3 loss: 0.1710, grad_norm: 0.38500046730041504, lr: 0.000998, time: 0.10s
[INFO]: TRAIN epoch: 3 loss: 0.4556, grad_norm: 0.5903649926185608, lr: 0.000998, time: 0.11s
[INFO]: TRAIN epoch: 3 loss: 0.3832, grad_norm: 0.4307510256767273, lr: 0.000998, time: 0.11s
[INFO]: TRAIN epoch: 3 loss: 0.1526, grad_norm: 0.3151375353336334, lr: 0.000998, time: 0.10s
[INFO]: TRAIN epoch: 3 loss: 0.5510, grad_norm: 0.5783096551895142, lr: 0.000998, time: 0.10s
[INFO]: TRAIN epoch: 3 loss: 0.4578, grad_norm: 0.39554834365844727, lr: 0.000998, time: 0.11s
[INFO]: TRAIN epoch: 3 loss: 0.1511, grad_norm: 0.3163353204727173, lr: 0.000998, time: 0.10s
[INFO]: TRAIN epoch: 3 loss: 0.5663, grad_norm: 0.460617333650589, lr: 0.000998, time: 0.10s
[INFO]: TRAIN epoch: 3 loss: 0.2745, grad_norm: 0.478117436170578, lr: 0.000998, time: 0.10s
[INFO]: TRAIN epoch: 3 loss: 0.5811, grad_norm: 0.30593305826187134, lr: 0.000998, time: 0.10s
[INFO]: TRAIN epoch: 3 loss: 0.7403, grad_norm: 0.5485290288925171, lr: 0.000998, time: 0.10s
[INFO]: TRAIN epoch: 3 loss: 0.6165, grad_norm: 0.35822951793670654, lr: 0.000998, time: 0.11s
[INFO]: TRAIN epoch: 3 loss: 0.2182, grad_norm: 0.38235265016555786, lr: 0.000998, time: 0.10s
[INFO]: TRAIN epoch: 3 loss: 0.2241, grad_norm: 0.39849838614463806, lr: 0.000998, time: 0.10s
[INFO]: TRAIN epoch: 3 loss: 0.7739, grad_norm: 0.583046555519104, lr: 0.000998, time: 0.11s
[INFO]: TRAIN epoch: 3 loss: 0.0987, grad_norm: 0.27944254875183105, lr: 0.000998, time: 0.10s
[INFO]: TRAIN epoch: 3 loss: 0.7334, grad_norm: 0.43117138743400574, lr: 0.000998, time: 0.11s
[INFO]: TRAIN epoch: 3 loss: 0.2013, grad_norm: 0.3808046877384186, lr: 0.000998, time: 0.10s
[INFO]: TRAIN epoch: 3 loss: 0.4089, grad_norm: 0.5105737447738647, lr: 0.000998, time: 0.10s
[INFO]: TRAIN epoch: 3 loss: 0.7080, grad_norm: 0.5077162981033325, lr: 0.000998, time: 0.11s
[INFO]: TRAIN epoch: 3 loss: 0.5819, grad_norm: 0.29645949602127075, lr: 0.000998, time: 0.11s
[INFO]: TRAIN epoch: 3 loss: 0.5452, grad_norm: 0.6216567754745483, lr: 0.000998, time: 0.11s
[INFO]: TRAIN epoch: 3 loss: 0.4423, grad_norm: 0.5023442506790161, lr: 0.000998, time: 0.11s
[INFO]: TRAIN epoch: 3 loss: 0.6455, grad_norm: 0.4778329133987427, lr: 0.000998, time: 0.10s
[INFO]: TRAIN epoch: 3 loss: 0.4925, grad_norm: 0.37200653553009033, lr: 0.000998, time: 0.10s
[INFO]: TRAIN epoch: 3 loss: 0.5390, grad_norm: 0.3273485600948334, lr: 0.000998, time: 0.10s
[INFO]: TRAIN epoch: 3 loss: 0.7142, grad_norm: 0.4653412699699402, lr: 0.000998, time: 0.10s
[INFO]: TRAIN epoch: 3 loss: 0.3114, grad_norm: 0.36186763644218445, lr: 0.000998, time: 0.10s
[INFO]: TRAIN epoch: 3 loss: 0.4762, grad_norm: 0.347472608089447, lr: 0.000998, time: 0.10s
[INFO]: TRAIN epoch: 3 loss: 0.2502, grad_norm: 0.42245686054229736, lr: 0.000998, time: 0.10s
[INFO]: TRAIN epoch: 3 loss: 0.1526, grad_norm: 0.3320153057575226, lr: 0.000998, time: 0.10s
[INFO]: TRAIN epoch: 3 loss: 0.2852, grad_norm: 0.40664324164390564, lr: 0.000998, time: 0.10s
[INFO]: TRAIN epoch: 3 loss: 0.4288, grad_norm: 0.3383861482143402, lr: 0.000998, time: 0.10s
[INFO]: TRAIN epoch: 3 loss: 0.5025, grad_norm: 0.4105929136276245, lr: 0.000998, time: 0.10s
[INFO]: TRAIN epoch: 3 loss: 0.3715, grad_norm: 0.3721871078014374, lr: 0.000998, time: 0.10s
[INFO]: TRAIN epoch: 3 loss: 0.6666, grad_norm: 0.5760910511016846, lr: 0.000998, time: 0.11s
[INFO]: TRAIN epoch: 3 loss: 0.4442, grad_norm: 0.6239885091781616, lr: 0.000998, time: 0.10s
[INFO]: TRAIN epoch: 3 loss: 0.4258, grad_norm: 0.43317800760269165, lr: 0.000998, time: 0.10s
[INFO]: TRAIN epoch: 3 loss: 0.5004, grad_norm: 0.4249688982963562, lr: 0.000998, time: 0.10s
[INFO]: TRAIN epoch: 3 loss: 0.2490, grad_norm: 0.45009198784828186, lr: 0.000998, time: 0.10s
[INFO]: TRAIN epoch: 3 loss: 0.6092, grad_norm: 0.5419263243675232, lr: 0.000998, time: 0.10s
[INFO]: TRAIN epoch: 3 loss: 0.4670, grad_norm: 0.3457605838775635, lr: 0.000998, time: 0.10s
[INFO]: TRAIN epoch: 3 loss: 0.4716, grad_norm: 0.4457879364490509, lr: 0.000998, time: 0.10s
[INFO]: TRAIN epoch: 3 loss: 0.5657, grad_norm: 0.3834453225135803, lr: 0.000998, time: 0.10s
[INFO]: TRAIN epoch: 3 loss: 0.5169, grad_norm: 0.4028054177761078, lr: 0.000998, time: 0.10s
[INFO]: TRAIN epoch: 3 loss: 0.2733, grad_norm: 0.4738366901874542, lr: 0.000998, time: 0.11s
[INFO]: TRAIN epoch: 3 loss: 0.4712, grad_norm: 0.35832709074020386, lr: 0.000998, time: 0.10s
[INFO]: TRAIN epoch: 3 loss: 0.2612, grad_norm: 0.4426247179508209, lr: 0.000998, time: 0.10s
[INFO]: TRAIN epoch: 3 loss: 0.1626, grad_norm: 0.3236422538757324, lr: 0.000998, time: 0.11s
[INFO]: TRAIN epoch: 3 loss: 0.6517, grad_norm: 0.4416840374469757, lr: 0.000998, time: 0.10s
[INFO]: TRAIN epoch: 3 loss: 0.1950, grad_norm: 0.333838552236557, lr: 0.000998, time: 0.10s
[INFO]: TRAIN epoch: 3 loss: 0.4623, grad_norm: 0.3206290602684021, lr: 0.000998, time: 0.10s
[INFO]: TRAIN epoch: 3 loss: 0.8660, grad_norm: 0.386690229177475, lr: 0.000998, time: 0.10s
[INFO]: TRAIN epoch: 3 loss: 0.2012, grad_norm: 0.3532252907752991, lr: 0.000998, time: 0.10s
[INFO]: TRAIN epoch: 3 loss: 0.1954, grad_norm: 0.42465898394584656, lr: 0.000998, time: 0.10s
[INFO]: TRAIN epoch: 3 loss: 0.1583, grad_norm: 0.42992156744003296, lr: 0.000998, time: 0.10s
[INFO]: TRAIN epoch: 3 loss: 0.7372, grad_norm: 0.41479331254959106, lr: 0.000998, time: 0.11s
[INFO]: TRAIN epoch: 3 loss: 0.1563, grad_norm: 0.2829817533493042, lr: 0.000998, time: 0.10s
[INFO]: TRAIN epoch: 3 loss: 0.1106, grad_norm: 0.33750253915786743, lr: 0.000998, time: 0.10s
[INFO]: TRAIN epoch: 3 loss: 0.4074, grad_norm: 0.6359148621559143, lr: 0.000998, time: 0.10s
[INFO]: TRAIN epoch: 3 loss: 0.2334, grad_norm: 0.4387144148349762, lr: 0.000998, time: 0.10s
[INFO]: TRAIN epoch: 3 loss: 0.2088, grad_norm: 0.2734570801258087, lr: 0.000998, time: 0.10s
[INFO]: TRAIN epoch: 3 loss: 0.1005, grad_norm: 0.29059919714927673, lr: 0.000998, time: 0.10s
[INFO]: TRAIN epoch: 3 loss: 0.4846, grad_norm: 0.38855913281440735, lr: 0.000998, time: 0.11s
[INFO]: TRAIN epoch: 3 loss: 0.2726, grad_norm: 0.5227848291397095, lr: 0.000998, time: 0.10s
[INFO]: TRAIN epoch: 3 loss: 0.6193, grad_norm: 0.5223203897476196, lr: 0.000998, time: 0.10s
[INFO]: TRAIN epoch: 3 loss: 0.2167, grad_norm: 0.2796466052532196, lr: 0.000998, time: 0.11s
[INFO]: TRAIN epoch: 3 loss: 0.3872, grad_norm: 0.46395808458328247, lr: 0.000998, time: 0.11s
[INFO]: TRAIN epoch: 3 loss: 0.5432, grad_norm: 0.482937753200531, lr: 0.000998, time: 0.11s
[INFO]: TRAIN epoch: 3 loss: 0.4291, grad_norm: 0.37924349308013916, lr: 0.000998, time: 0.10s
[INFO]: TRAIN epoch: 3 loss: 0.2794, grad_norm: 0.43937864899635315, lr: 0.000998, time: 0.10s
[INFO]: TRAIN epoch: 3 loss: 0.2501, grad_norm: 0.33046096563339233, lr: 0.000998, time: 0.10s
[INFO]: TRAIN epoch: 3 loss: 0.2635, grad_norm: 0.3911932110786438, lr: 0.000998, time: 0.10s
[INFO]: TRAIN epoch: 3 loss: 0.4205, grad_norm: 0.540767252445221, lr: 0.000998, time: 0.11s
[INFO]: TRAIN epoch: 3 loss: 0.3362, grad_norm: 0.42026692628860474, lr: 0.000998, time: 0.11s
[INFO]: TRAIN epoch: 3 loss: 0.1673, grad_norm: 0.372111976146698, lr: 0.000998, time: 0.10s
[INFO]: TRAIN epoch: 3 loss: 0.4697, grad_norm: 0.36884963512420654, lr: 0.000998, time: 0.10s
[INFO]: TRAIN epoch: 3 loss: 0.4426, grad_norm: 0.3771737515926361, lr: 0.000998, time: 0.10s
[INFO]: TRAIN epoch: 3 loss: 0.5732, grad_norm: 0.4371093511581421, lr: 0.000998, time: 0.10s
[INFO]: TRAIN epoch: 3 loss: 0.5851, grad_norm: 0.4994069039821625, lr: 0.000998, time: 0.10s
[INFO]: TRAIN epoch: 3 loss: 0.7285, grad_norm: 0.6668898463249207, lr: 0.000998, time: 0.10s
[INFO]: TRAIN epoch: 3 loss: 0.4747, grad_norm: 0.5135664939880371, lr: 0.000998, time: 0.11s
[INFO]: TRAIN epoch: 3 loss: 0.6656, grad_norm: 0.4894469678401947, lr: 0.000998, time: 0.10s
[INFO]: TRAIN epoch: 3 loss: 0.6714, grad_norm: 0.5165924429893494, lr: 0.000998, time: 0.11s
[INFO]: TRAIN epoch: 3 loss: 0.5356, grad_norm: 0.574388861656189, lr: 0.000998, time: 0.10s
[INFO]: TRAIN epoch: 3 loss: 0.6472, grad_norm: 0.5890135765075684, lr: 0.000998, time: 0.11s
[INFO]: TRAIN epoch: 3 loss: 0.5969, grad_norm: 0.500091016292572, lr: 0.000998, time: 0.10s
[INFO]: TRAIN epoch: 3 loss: 0.1542, grad_norm: 0.31545376777648926, lr: 0.000998, time: 0.10s
[INFO]: TRAIN epoch: 3 loss: 0.4869, grad_norm: 0.4345075190067291, lr: 0.000998, time: 0.10s
[INFO]: TRAIN epoch: 3 loss: 0.5411, grad_norm: 0.40909528732299805, lr: 0.000998, time: 0.10s
[INFO]: TRAIN epoch: 3 loss: 0.3311, grad_norm: 0.4026402533054352, lr: 0.000998, time: 0.11s
[INFO]: TRAIN epoch: 3 loss: 0.3156, grad_norm: 0.37769585847854614, lr: 0.000998, time: 0.10s
[INFO]: TRAIN epoch: 3 loss: 0.5445, grad_norm: 0.39811527729034424, lr: 0.000998, time: 0.10s
[INFO]: TRAIN epoch: 3 loss: 0.1827, grad_norm: 0.36329036951065063, lr: 0.000998, time: 0.10s
[INFO]: TRAIN epoch: 3 loss: 0.1927, grad_norm: 0.4014908969402313, lr: 0.000998, time: 0.11s
[INFO]: TRAIN epoch: 3 loss: 0.1679, grad_norm: 0.309719055891037, lr: 0.000998, time: 0.10s
[INFO]: TRAIN epoch: 3 loss: 0.1676, grad_norm: 0.254483163356781, lr: 0.000998, time: 0.11s
[INFO]: TRAIN epoch: 3 loss: 0.2111, grad_norm: 0.37368878722190857, lr: 0.000998, time: 0.10s
[INFO]: TRAIN epoch: 3 loss: 0.5704, grad_norm: 0.4057132303714752, lr: 0.000998, time: 0.10s
[INFO]: TRAIN epoch: 3 loss: 0.5060, grad_norm: 0.3713318407535553, lr: 0.000998, time: 0.10s
[INFO]: TRAIN epoch: 3 loss: 0.2135, grad_norm: 0.52484130859375, lr: 0.000998, time: 0.10s
[INFO]: TRAIN epoch: 3 loss: 0.5772, grad_norm: 0.5959200859069824, lr: 0.000998, time: 0.10s
[INFO]: TRAIN epoch: 3 loss: 0.0894, grad_norm: 0.3231234848499298, lr: 0.000998, time: 0.10s
[INFO]: TRAIN epoch: 3 loss: 0.2375, grad_norm: 0.6216114163398743, lr: 0.000998, time: 0.10s
[INFO]: TRAIN epoch: 3 loss: 0.4265, grad_norm: 0.3523876965045929, lr: 0.000998, time: 0.10s
[INFO]: TRAIN epoch: 3 loss: 0.5679, grad_norm: 0.4124946892261505, lr: 0.000998, time: 0.11s
[INFO]: TRAIN epoch: 3 loss: 0.7563, grad_norm: 0.4159083962440491, lr: 0.000998, time: 0.11s
[INFO]: TRAIN epoch: 3 loss: 0.4227, grad_norm: 0.5363329648971558, lr: 0.000998, time: 0.11s
[INFO]: TRAIN epoch: 3 loss: 1.0718, grad_norm: 0.769343912601471, lr: 0.000998, time: 0.10s
[INFO]: TRAIN epoch: 3 loss: 0.6475, grad_norm: 0.40355250239372253, lr: 0.000998, time: 0.10s
[INFO]: TRAIN epoch: 3 loss: 0.6053, grad_norm: 0.37275072932243347, lr: 0.000998, time: 0.10s
[INFO]: TRAIN epoch: 3 loss: 0.3910, grad_norm: 0.31664589047431946, lr: 0.000998, time: 0.10s
[INFO]: TRAIN epoch: 3 loss: 0.4549, grad_norm: 0.48247209191322327, lr: 0.000998, time: 0.10s
[INFO]: TRAIN epoch: 3 loss: 0.5052, grad_norm: 0.39302730560302734, lr: 0.000998, time: 0.10s
[INFO]: TRAIN epoch: 3 loss: 0.3927, grad_norm: 0.42560482025146484, lr: 0.000998, time: 0.10s
[INFO]: TRAIN epoch: 3 loss: 0.4705, grad_norm: 0.35191455483436584, lr: 0.000998, time: 0.10s
[INFO]: TRAIN epoch: 3 loss: 0.5228, grad_norm: 0.4610343277454376, lr: 0.000998, time: 0.10s
[INFO]: TRAIN epoch: 3 loss: 0.3123, grad_norm: 0.36787301301956177, lr: 0.000998, time: 0.10s
[INFO]: TRAIN epoch: 3 loss: 0.3405, grad_norm: 0.3377150893211365, lr: 0.000998, time: 0.10s
[INFO]: TRAIN epoch: 3 loss: 0.5365, grad_norm: 0.46104761958122253, lr: 0.000998, time: 0.11s
[INFO]: TRAIN epoch: 3 loss: 0.2217, grad_norm: 0.34679028391838074, lr: 0.000998, time: 0.10s
[INFO]: TRAIN epoch: 3 loss: 0.2687, grad_norm: 0.42739740014076233, lr: 0.000998, time: 0.10s
[INFO]: TRAIN epoch: 3 loss: 0.6318, grad_norm: 0.37892597913742065, lr: 0.000998, time: 0.10s
[INFO]: TRAIN epoch: 3 loss: 0.4486, grad_norm: 0.41618695855140686, lr: 0.000998, time: 0.10s
[INFO]: TRAIN epoch: 3 loss: 0.3566, grad_norm: 0.41089847683906555, lr: 0.000998, time: 0.10s
[INFO]: TRAIN epoch: 3 loss: 0.1713, grad_norm: 0.28822973370552063, lr: 0.000998, time: 0.10s
[INFO]: TRAIN epoch: 3 loss: 0.3435, grad_norm: 0.3061351180076599, lr: 0.000998, time: 0.11s
[INFO]: TRAIN epoch: 3 loss: 0.2331, grad_norm: 0.44197434186935425, lr: 0.000998, time: 0.11s
[INFO]: TRAIN epoch: 3 loss: 0.2606, grad_norm: 0.3770162761211395, lr: 0.000998, time: 0.11s
[INFO]: TRAIN epoch: 3 loss: 0.4925, grad_norm: 0.41083285212516785, lr: 0.000998, time: 0.10s
[INFO]: TRAIN epoch: 3 loss: 0.1831, grad_norm: 0.32065144181251526, lr: 0.000998, time: 0.10s
[INFO]: TRAIN epoch: 3 loss: 0.2105, grad_norm: 0.48213714361190796, lr: 0.000998, time: 0.10s
[INFO]: TRAIN epoch: 3 loss: 0.4866, grad_norm: 0.4867449104785919, lr: 0.000998, time: 0.11s
[INFO]: TRAIN epoch: 3 loss: 0.3354, grad_norm: 0.5281131267547607, lr: 0.000998, time: 0.10s
[INFO]: TRAIN epoch: 3 loss: 0.1166, grad_norm: 0.3199384808540344, lr: 0.000998, time: 0.10s
[INFO]: TRAIN epoch: 3 loss: 0.1715, grad_norm: 0.3931220471858978, lr: 0.000998, time: 0.10s
[INFO]: TRAIN epoch: 3 loss: 0.9107, grad_norm: 0.7424110770225525, lr: 0.000998, time: 0.11s
[INFO]: TRAIN epoch: 3 loss: 0.2593, grad_norm: 0.4038049578666687, lr: 0.000998, time: 0.11s
[INFO]: TRAIN epoch: 3 loss: 0.7096, grad_norm: 0.5064526200294495, lr: 0.000998, time: 0.10s
[INFO]: TRAIN epoch: 3 loss: 0.6320, grad_norm: 0.5486411452293396, lr: 0.000998, time: 0.10s
[INFO]: TRAIN epoch: 3 loss: 0.5775, grad_norm: 0.37875205278396606, lr: 0.000998, time: 0.11s
[INFO]: TRAIN epoch: 3 loss: 0.2553, grad_norm: 0.5094373822212219, lr: 0.000998, time: 0.10s
[INFO]: TRAIN epoch: 3 loss: 0.4380, grad_norm: 0.4619799852371216, lr: 0.000998, time: 0.10s
[INFO]: TRAIN epoch: 3 loss: 0.2282, grad_norm: 0.37508153915405273, lr: 0.000998, time: 0.10s
[INFO]: TRAIN epoch: 3 loss: 0.5727, grad_norm: 0.6126653552055359, lr: 0.000998, time: 0.10s
[INFO]: TRAIN epoch: 3 loss: 0.8003, grad_norm: 0.4576535224914551, lr: 0.000998, time: 0.11s
[INFO]: TRAIN epoch: 3 loss: 0.4411, grad_norm: 0.34782686829566956, lr: 0.000998, time: 0.11s
[INFO]: TRAIN epoch: 3 loss: 0.1927, grad_norm: 0.34203484654426575, lr: 0.000998, time: 0.10s
[INFO]: TRAIN epoch: 3 loss: 0.4102, grad_norm: 0.3052436113357544, lr: 0.000998, time: 0.10s
[INFO]: TRAIN epoch: 3 loss: 0.5009, grad_norm: 0.4585396945476532, lr: 0.000998, time: 0.10s
[INFO]: TRAIN epoch: 3 loss: 0.5795, grad_norm: 0.4894465506076813, lr: 0.000998, time: 0.10s
[INFO]: TRAIN epoch: 3 loss: 0.3888, grad_norm: 0.4283553957939148, lr: 0.000998, time: 0.10s
[INFO]: TRAIN epoch: 3 loss: 0.5500, grad_norm: 0.5800129771232605, lr: 0.000998, time: 0.10s
[INFO]: TRAIN epoch: 3 loss: 0.2693, grad_norm: 0.3043985962867737, lr: 0.000998, time: 0.10s
[INFO]: TRAIN epoch: 3 loss: 0.5779, grad_norm: 0.6644270420074463, lr: 0.000998, time: 0.10s
[INFO]: TRAIN epoch: 3 loss: 0.2429, grad_norm: 0.36219075322151184, lr: 0.000998, time: 0.10s
[INFO]: TRAIN epoch: 3 loss: 0.6830, grad_norm: 0.35431334376335144, lr: 0.000998, time: 0.11s
[INFO]: TRAIN epoch: 3 loss: 0.2281, grad_norm: 0.4336496889591217, lr: 0.000998, time: 0.11s
[INFO]: TRAIN epoch: 3 loss: 0.4477, grad_norm: 0.4212433695793152, lr: 0.000998, time: 0.10s
[INFO]: TRAIN epoch: 3 loss: 0.4267, grad_norm: 0.4690490663051605, lr: 0.000998, time: 0.10s
[INFO]: TRAIN epoch: 3 loss: 0.2768, grad_norm: 0.43278828263282776, lr: 0.000998, time: 0.10s
[INFO]: TRAIN epoch: 3 loss: 0.4907, grad_norm: 0.4088025391101837, lr: 0.000998, time: 0.10s
[INFO]: TRAIN epoch: 3 loss: 0.3884, grad_norm: 0.40001362562179565, lr: 0.000998, time: 0.11s
[INFO]: TRAIN epoch: 3 loss: 0.2292, grad_norm: 0.33357906341552734, lr: 0.000998, time: 0.10s
[INFO]: TRAIN epoch: 3 loss: 0.1739, grad_norm: 0.34864240884780884, lr: 0.000998, time: 0.11s
[INFO]: TRAIN epoch: 3 loss: 0.6777, grad_norm: 0.5471658706665039, lr: 0.000998, time: 0.10s
[INFO]: TRAIN epoch: 3 loss: 0.2187, grad_norm: 0.5111989974975586, lr: 0.000998, time: 0.10s
[INFO]: TRAIN epoch: 3 loss: 0.2324, grad_norm: 0.31933826208114624, lr: 0.000998, time: 0.10s
[INFO]: TRAIN epoch: 3 loss: 0.2644, grad_norm: 0.46575137972831726, lr: 0.000998, time: 0.10s
[INFO]: TRAIN epoch: 3 loss: 0.2098, grad_norm: 0.46880853176116943, lr: 0.000998, time: 0.10s
[INFO]: TRAIN epoch: 3 loss: 0.4248, grad_norm: 0.38811221718788147, lr: 0.000998, time: 0.10s
[INFO]: TRAIN epoch: 3 loss: 0.5280, grad_norm: 0.39073657989501953, lr: 0.000998, time: 0.10s
[INFO]: TRAIN epoch: 3 loss: 0.1608, grad_norm: 0.2993244230747223, lr: 0.000998, time: 0.10s
[INFO]: TRAIN epoch: 3 loss: 0.4239, grad_norm: 0.3256138861179352, lr: 0.000998, time: 0.10s
[INFO]: TRAIN epoch: 3 loss: 0.1483, grad_norm: 0.253895103931427, lr: 0.000998, time: 0.10s
[INFO]: TRAIN epoch: 3 loss: 0.1813, grad_norm: 0.3309699296951294, lr: 0.000998, time: 0.10s
[INFO]: TRAIN epoch: 3 loss: 0.2833, grad_norm: 0.5153981447219849, lr: 0.000998, time: 0.10s
[INFO]: TRAIN epoch: 3 loss: 0.5786, grad_norm: 0.45163625478744507, lr: 0.000998, time: 0.10s
[INFO]: TRAIN epoch: 3 loss: 0.5191, grad_norm: 0.42490747570991516, lr: 0.000998, time: 0.10s
[INFO]: TRAIN epoch: 3 loss: 0.6698, grad_norm: 0.5253534913063049, lr: 0.000998, time: 0.10s
[INFO]: TRAIN epoch: 3 loss: 0.1911, grad_norm: 0.32600900530815125, lr: 0.000998, time: 0.10s
[INFO]: TRAIN epoch: 3 loss: 0.4431, grad_norm: 0.4127224385738373, lr: 0.000998, time: 0.10s
[INFO]: TRAIN epoch: 3 loss: 0.5015, grad_norm: 0.3407323658466339, lr: 0.000998, time: 0.11s
[INFO]: TRAIN epoch: 3 loss: 0.3160, grad_norm: 0.4626012146472931, lr: 0.000998, time: 0.10s
[INFO]: TRAIN epoch: 3 loss: 0.1069, grad_norm: 0.3145088851451874, lr: 0.000998, time: 0.10s
[INFO]: TRAIN epoch: 3 loss: 0.1873, grad_norm: 0.42177727818489075, lr: 0.000998, time: 0.10s
[INFO]: TRAIN epoch: 3 loss: 0.4041, grad_norm: 0.47230494022369385, lr: 0.000998, time: 0.10s
[INFO]: TRAIN epoch: 3 loss: 0.2897, grad_norm: 0.4760379195213318, lr: 0.000998, time: 0.10s
[INFO]: TRAIN epoch: 3 loss: 0.1115, grad_norm: 0.2667991816997528, lr: 0.000998, time: 0.10s
[INFO]: TRAIN epoch: 3 loss: 0.4539, grad_norm: 0.3398539423942566, lr: 0.000998, time: 0.10s
[INFO]: TRAIN epoch: 3 loss: 0.4115, grad_norm: 0.44945716857910156, lr: 0.000998, time: 0.10s
[INFO]: TRAIN epoch: 3 loss: 0.1585, grad_norm: 0.31649965047836304, lr: 0.000998, time: 0.10s
[INFO]: TRAIN epoch: 3 loss: 0.3835, grad_norm: 0.3371626138687134, lr: 0.000998, time: 0.11s
[INFO]: TRAIN epoch: 3 loss: 0.1245, grad_norm: 0.2270098477602005, lr: 0.000998, time: 0.10s
[INFO]: TRAIN epoch: 3 loss: 0.4473, grad_norm: 0.4696332514286041, lr: 0.000998, time: 0.10s
[INFO]: TRAIN epoch: 3 loss: 0.8027, grad_norm: 0.5307148098945618, lr: 0.000998, time: 0.11s
[INFO]: TRAIN epoch: 3 loss: 0.5576, grad_norm: 0.5023632645606995, lr: 0.000998, time: 0.10s
[INFO]: TRAIN epoch: 3 loss: 0.4222, grad_norm: 0.5879055261611938, lr: 0.000998, time: 0.10s
[INFO]: TRAIN epoch: 3 loss: 0.4823, grad_norm: 0.3834463655948639, lr: 0.000998, time: 0.10s
[INFO]: TRAIN epoch: 3 loss: 0.5730, grad_norm: 0.5784401297569275, lr: 0.000998, time: 0.11s
[INFO]: TRAIN epoch: 3 loss: 0.8353, grad_norm: 0.47179660201072693, lr: 0.000998, time: 0.10s
[INFO]: TRAIN epoch: 3 loss: 0.4601, grad_norm: 0.5488962531089783, lr: 0.000998, time: 0.11s
[INFO]: TRAIN epoch: 3 loss: 0.3826, grad_norm: 0.37238073348999023, lr: 0.000998, time: 0.11s
[INFO]: TRAIN epoch: 3 loss: 0.8149, grad_norm: 0.5374839901924133, lr: 0.000998, time: 0.10s
[INFO]: TRAIN epoch: 3 loss: 0.5107, grad_norm: 0.32907798886299133, lr: 0.000998, time: 0.10s
[INFO]: TRAIN epoch: 3 loss: 0.3901, grad_norm: 0.40801799297332764, lr: 0.000998, time: 0.10s
[INFO]: TRAIN epoch: 3 loss: 0.4076, grad_norm: 0.41860857605934143, lr: 0.000998, time: 0.10s
[INFO]: TRAIN epoch: 3 loss: 0.3293, grad_norm: 0.34756630659103394, lr: 0.000998, time: 0.11s
[INFO]: TRAIN epoch: 3 loss: 0.5217, grad_norm: 0.37306785583496094, lr: 0.000998, time: 0.10s
[INFO]: TRAIN epoch: 3 loss: 0.5099, grad_norm: 0.43784117698669434, lr: 0.000998, time: 0.11s
[INFO]: TRAIN epoch: 3 loss: 0.3287, grad_norm: 0.32697558403015137, lr: 0.000998, time: 0.11s
[INFO]: TRAIN epoch: 3 loss: 0.5893, grad_norm: 0.3197948634624481, lr: 0.000998, time: 0.10s
[INFO]: TRAIN epoch: 3 loss: 0.2378, grad_norm: 0.378692090511322, lr: 0.000998, time: 0.10s
[INFO]: TRAIN epoch: 3 loss: 0.2920, grad_norm: 0.2974303066730499, lr: 0.000998, time: 0.10s
[INFO]: TRAIN epoch: 3 loss: 0.6021, grad_norm: 0.4901531934738159, lr: 0.000998, time: 0.10s
[INFO]: TRAIN epoch: 3 loss: 0.2308, grad_norm: 0.32973551750183105, lr: 0.000998, time: 0.10s
[INFO]: TRAIN epoch: 3 loss: 0.5111, grad_norm: 0.4500485360622406, lr: 0.000998, time: 0.10s
[INFO]: TRAIN epoch: 3 loss: 0.4470, grad_norm: 0.3543165326118469, lr: 0.000998, time: 0.10s
[INFO]: TRAIN epoch: 3 loss: 0.5425, grad_norm: 0.51547771692276, lr: 0.000998, time: 0.10s
[INFO]: TRAIN epoch: 3 loss: 0.4701, grad_norm: 0.3392500579357147, lr: 0.000998, time: 0.10s
[INFO]: TRAIN epoch: 3 loss: 0.1706, grad_norm: 0.4567948877811432, lr: 0.000998, time: 0.10s
[INFO]: TRAIN epoch: 3 loss: 0.6814, grad_norm: 0.4647613763809204, lr: 0.000998, time: 0.10s
[INFO]: TRAIN epoch: 3 loss: 0.4627, grad_norm: 0.6098422408103943, lr: 0.000998, time: 0.10s
[INFO]: TRAIN epoch: 3 loss: 0.2355, grad_norm: 0.3694724440574646, lr: 0.000998, time: 0.11s
[INFO]: TRAIN epoch: 3 loss: 0.6837, grad_norm: 0.4377266466617584, lr: 0.000998, time: 0.10s
[INFO]: TRAIN epoch: 3 loss: 0.5722, grad_norm: 0.4381396472454071, lr: 0.000998, time: 0.10s
[INFO]: TRAIN epoch: 3 loss: 0.1921, grad_norm: 0.5099180340766907, lr: 0.000998, time: 0.10s
[INFO]: TRAIN epoch: 3 loss: 0.2990, grad_norm: 0.3610711395740509, lr: 0.000998, time: 0.10s
[INFO]: TRAIN epoch: 3 loss: 0.2450, grad_norm: 0.35103747248649597, lr: 0.000998, time: 0.10s
[INFO]: TRAIN epoch: 3 loss: 0.6085, grad_norm: 0.4396001696586609, lr: 0.000998, time: 0.10s
[INFO]: TRAIN epoch: 3 loss: 0.6563, grad_norm: 0.4911995530128479, lr: 0.000998, time: 0.11s
[INFO]: TRAIN epoch: 3 loss: 0.5926, grad_norm: 0.4771420657634735, lr: 0.000998, time: 0.10s
[INFO]: TRAIN epoch: 3 loss: 0.3801, grad_norm: 0.29668354988098145, lr: 0.000998, time: 0.11s
[INFO]: TRAIN epoch: 3 loss: 0.6819, grad_norm: 0.3589187264442444, lr: 0.000998, time: 0.10s
[INFO]: TRAIN epoch: 3 loss: 0.3134, grad_norm: 0.3423304557800293, lr: 0.000998, time: 0.10s
[INFO]: TRAIN epoch: 3 loss: 0.5693, grad_norm: 0.35962629318237305, lr: 0.000998, time: 0.10s
[INFO]: TRAIN epoch: 3 loss: 0.3712, grad_norm: 0.4385747015476227, lr: 0.000998, time: 0.10s
[INFO]: TRAIN epoch: 3 loss: 0.5112, grad_norm: 0.47446197271347046, lr: 0.000998, time: 0.11s
[INFO]: TRAIN epoch: 3 loss: 0.3070, grad_norm: 0.40271392464637756, lr: 0.000998, time: 0.10s
[INFO]: TRAIN epoch: 3 loss: 0.2825, grad_norm: 0.4855576455593109, lr: 0.000998, time: 0.10s
[INFO]: TRAIN epoch: 3 loss: 0.3296, grad_norm: 0.39269697666168213, lr: 0.000998, time: 0.10s
[INFO]: TRAIN epoch: 3 loss: 0.5302, grad_norm: 0.4067108631134033, lr: 0.000998, time: 0.10s
[INFO]: TRAIN epoch: 3 loss: 0.5471, grad_norm: 0.43751734495162964, lr: 0.000998, time: 0.10s
[INFO]: TRAIN epoch: 3 loss: 0.5688, grad_norm: 0.43347814679145813, lr: 0.000998, time: 0.10s
[INFO]: TRAIN epoch: 3 loss: 0.6612, grad_norm: 0.629620373249054, lr: 0.000998, time: 0.10s
[INFO]: TRAIN epoch: 3 loss: 0.2885, grad_norm: 0.4324910640716553, lr: 0.000998, time: 0.10s
[INFO]: TRAIN epoch: 3 loss: 0.1586, grad_norm: 0.3112160861492157, lr: 0.000998, time: 0.11s
[INFO]: TRAIN epoch: 3 loss: 0.2079, grad_norm: 0.30469465255737305, lr: 0.000998, time: 0.10s
[INFO]: TRAIN epoch: 3 loss: 0.3905, grad_norm: 0.46662577986717224, lr: 0.000998, time: 0.10s
[INFO]: TRAIN epoch: 3 loss: 0.6984, grad_norm: 0.49723583459854126, lr: 0.000998, time: 0.10s
[INFO]: TRAIN epoch: 3 loss: 0.1675, grad_norm: 0.3537335991859436, lr: 0.000998, time: 0.11s
[INFO]: TRAIN epoch: 3 loss: 0.5350, grad_norm: 0.590429425239563, lr: 0.000998, time: 0.10s
[INFO]: TRAIN epoch: 3 loss: 0.5477, grad_norm: 0.31954270601272583, lr: 0.000998, time: 0.11s
[INFO]: TRAIN epoch: 3 loss: 0.6935, grad_norm: 0.47907742857933044, lr: 0.000998, time: 0.10s
[INFO]: TRAIN epoch: 3 loss: 0.1690, grad_norm: 0.4020649194717407, lr: 0.000998, time: 0.10s
[INFO]: TRAIN epoch: 3 loss: 0.6766, grad_norm: 0.3936035633087158, lr: 0.000998, time: 0.10s
[INFO]: TRAIN epoch: 3 loss: 0.3554, grad_norm: 0.5246855616569519, lr: 0.000998, time: 0.10s
[INFO]: TRAIN epoch: 3 loss: 0.1745, grad_norm: 0.33003267645835876, lr: 0.000998, time: 0.10s
[INFO]: TRAIN epoch: 3 loss: 0.7249, grad_norm: 0.35316428542137146, lr: 0.000998, time: 0.10s
[INFO]: TRAIN epoch: 3 loss: 0.5954, grad_norm: 0.6337766647338867, lr: 0.000998, time: 0.10s
[INFO]: TRAIN epoch: 3 loss: 0.3155, grad_norm: 0.32366716861724854, lr: 0.000998, time: 0.10s
[INFO]: TRAIN epoch: 3 loss: 0.6411, grad_norm: 0.36984148621559143, lr: 0.000998, time: 0.10s
[INFO]: TRAIN epoch: 3 loss: 0.1787, grad_norm: 0.36448898911476135, lr: 0.000998, time: 0.11s
[INFO]: TRAIN epoch: 3 loss: 0.8230, grad_norm: 0.48351356387138367, lr: 0.000998, time: 0.10s
[INFO]: TRAIN epoch: 3 loss: 0.6655, grad_norm: 0.47327324748039246, lr: 0.000998, time: 0.10s
[INFO]: TRAIN epoch: 3 loss: 0.4160, grad_norm: 0.3636091649532318, lr: 0.000998, time: 0.10s
[INFO]: TRAIN epoch: 3 loss: 0.6406, grad_norm: 0.4035288989543915, lr: 0.000998, time: 0.10s
[INFO]: TRAIN epoch summary: 3 loss: 0.4230
[INFO]: VALIDATION epoch: 3 loss: 0.3633
[INFO]: TRAIN epoch: 4 loss: 0.1982, grad_norm: 0.36002182960510254, lr: 0.000996, time: 0.12s
[INFO]: TRAIN epoch: 4 loss: 0.4086, grad_norm: 0.4026917517185211, lr: 0.000996, time: 0.11s
[INFO]: TRAIN epoch: 4 loss: 0.1987, grad_norm: 0.5025703310966492, lr: 0.000996, time: 0.10s
[INFO]: TRAIN epoch: 4 loss: 0.1924, grad_norm: 0.29753848910331726, lr: 0.000996, time: 0.10s
[INFO]: TRAIN epoch: 4 loss: 0.5130, grad_norm: 0.591003954410553, lr: 0.000996, time: 0.10s
[INFO]: TRAIN epoch: 4 loss: 0.0940, grad_norm: 0.22549709677696228, lr: 0.000996, time: 0.10s
[INFO]: TRAIN epoch: 4 loss: 0.1280, grad_norm: 0.20318374037742615, lr: 0.000996, time: 0.10s
[INFO]: TRAIN epoch: 4 loss: 0.3874, grad_norm: 0.4489520490169525, lr: 0.000996, time: 0.11s
[INFO]: TRAIN epoch: 4 loss: 0.1574, grad_norm: 0.3083455264568329, lr: 0.000996, time: 0.10s
[INFO]: TRAIN epoch: 4 loss: 0.1704, grad_norm: 0.2980383634567261, lr: 0.000996, time: 0.10s
[INFO]: TRAIN epoch: 4 loss: 0.1690, grad_norm: 0.44412538409233093, lr: 0.000996, time: 0.10s
[INFO]: TRAIN epoch: 4 loss: 0.4963, grad_norm: 0.44891467690467834, lr: 0.000996, time: 0.11s
[INFO]: TRAIN epoch: 4 loss: 0.5769, grad_norm: 0.3660493493080139, lr: 0.000996, time: 0.11s
[INFO]: TRAIN epoch: 4 loss: 0.4335, grad_norm: 0.350410521030426, lr: 0.000996, time: 0.10s
[INFO]: TRAIN epoch: 4 loss: 0.3986, grad_norm: 0.3318220376968384, lr: 0.000996, time: 0.10s
[INFO]: TRAIN epoch: 4 loss: 0.5288, grad_norm: 0.5513191223144531, lr: 0.000996, time: 0.10s
[INFO]: TRAIN epoch: 4 loss: 0.1771, grad_norm: 0.383240669965744, lr: 0.000996, time: 0.10s
[INFO]: TRAIN epoch: 4 loss: 0.1399, grad_norm: 0.32463446259498596, lr: 0.000996, time: 0.10s
[INFO]: TRAIN epoch: 4 loss: 0.1122, grad_norm: 0.22098489105701447, lr: 0.000996, time: 0.10s
[INFO]: TRAIN epoch: 4 loss: 0.4516, grad_norm: 0.3637906014919281, lr: 0.000996, time: 0.10s
[INFO]: TRAIN epoch: 4 loss: 0.5614, grad_norm: 0.510209321975708, lr: 0.000996, time: 0.10s
[INFO]: TRAIN epoch: 4 loss: 0.4001, grad_norm: 0.6623164415359497, lr: 0.000996, time: 0.10s
[INFO]: TRAIN epoch: 4 loss: 0.1451, grad_norm: 0.2780589461326599, lr: 0.000996, time: 0.11s
[INFO]: TRAIN epoch: 4 loss: 0.5396, grad_norm: 0.3233211636543274, lr: 0.000996, time: 0.10s
[INFO]: TRAIN epoch: 4 loss: 0.2363, grad_norm: 0.42809274792671204, lr: 0.000996, time: 0.10s
[INFO]: TRAIN epoch: 4 loss: 0.4578, grad_norm: 0.42916741967201233, lr: 0.000996, time: 0.10s
[INFO]: TRAIN epoch: 4 loss: 0.4727, grad_norm: 0.33707213401794434, lr: 0.000996, time: 0.10s
[INFO]: TRAIN epoch: 4 loss: 0.2381, grad_norm: 0.30615678429603577, lr: 0.000996, time: 0.10s
[INFO]: TRAIN epoch: 4 loss: 0.2100, grad_norm: 0.2564600110054016, lr: 0.000996, time: 0.11s
[INFO]: TRAIN epoch: 4 loss: 0.3938, grad_norm: 0.3578416705131531, lr: 0.000996, time: 0.10s
[INFO]: TRAIN epoch: 4 loss: 0.6807, grad_norm: 0.4003898799419403, lr: 0.000996, time: 0.11s
[INFO]: TRAIN epoch: 4 loss: 0.7021, grad_norm: 0.4239473342895508, lr: 0.000996, time: 0.11s
[INFO]: TRAIN epoch: 4 loss: 0.1231, grad_norm: 0.29660701751708984, lr: 0.000996, time: 0.10s
[INFO]: TRAIN epoch: 4 loss: 0.5796, grad_norm: 0.3541759252548218, lr: 0.000996, time: 0.10s
[INFO]: TRAIN epoch: 4 loss: 0.1078, grad_norm: 0.29209432005882263, lr: 0.000996, time: 0.10s
[INFO]: TRAIN epoch: 4 loss: 0.0984, grad_norm: 0.2152189314365387, lr: 0.000996, time: 0.10s
[INFO]: TRAIN epoch: 4 loss: 0.1248, grad_norm: 0.28358879685401917, lr: 0.000996, time: 0.10s
[INFO]: TRAIN epoch: 4 loss: 0.4745, grad_norm: 0.37452012300491333, lr: 0.000996, time: 0.11s
[INFO]: TRAIN epoch: 4 loss: 0.3653, grad_norm: 0.4453035593032837, lr: 0.000996, time: 0.10s
[INFO]: TRAIN epoch: 4 loss: 0.6405, grad_norm: 0.5099791288375854, lr: 0.000996, time: 0.11s
[INFO]: TRAIN epoch: 4 loss: 0.3536, grad_norm: 0.28710052371025085, lr: 0.000996, time: 0.10s
[INFO]: TRAIN epoch: 4 loss: 0.4824, grad_norm: 0.4197959303855896, lr: 0.000996, time: 0.10s
[INFO]: TRAIN epoch: 4 loss: 0.1034, grad_norm: 0.31070494651794434, lr: 0.000996, time: 0.10s
[INFO]: TRAIN epoch: 4 loss: 0.5047, grad_norm: 0.3616512715816498, lr: 0.000996, time: 0.10s
[INFO]: TRAIN epoch: 4 loss: 0.0583, grad_norm: 0.18423926830291748, lr: 0.000996, time: 0.10s
[INFO]: TRAIN epoch: 4 loss: 0.2292, grad_norm: 0.4839003086090088, lr: 0.000996, time: 0.10s
[INFO]: TRAIN epoch: 4 loss: 0.0701, grad_norm: 0.14311182498931885, lr: 0.000996, time: 0.10s
[INFO]: TRAIN epoch: 4 loss: 0.1681, grad_norm: 0.38487130403518677, lr: 0.000996, time: 0.10s
[INFO]: TRAIN epoch: 4 loss: 0.0900, grad_norm: 0.3601471483707428, lr: 0.000996, time: 0.10s
[INFO]: TRAIN epoch: 4 loss: 0.4628, grad_norm: 0.4119117558002472, lr: 0.000996, time: 0.11s
[INFO]: TRAIN epoch: 4 loss: 0.4208, grad_norm: 0.3688868284225464, lr: 0.000996, time: 0.10s
[INFO]: TRAIN epoch: 4 loss: 0.4896, grad_norm: 0.3635510504245758, lr: 0.000996, time: 0.11s
[INFO]: TRAIN epoch: 4 loss: 0.8488, grad_norm: 0.5503894686698914, lr: 0.000996, time: 0.11s
[INFO]: TRAIN epoch: 4 loss: 0.6053, grad_norm: 0.5293365120887756, lr: 0.000996, time: 0.10s
[INFO]: TRAIN epoch: 4 loss: 0.4650, grad_norm: 0.3394067883491516, lr: 0.000996, time: 0.10s
[INFO]: TRAIN epoch: 4 loss: 0.4551, grad_norm: 0.4764268100261688, lr: 0.000996, time: 0.10s
[INFO]: TRAIN epoch: 4 loss: 0.5795, grad_norm: 0.464615136384964, lr: 0.000996, time: 0.11s
[INFO]: TRAIN epoch: 4 loss: 0.2388, grad_norm: 0.4675976037979126, lr: 0.000996, time: 0.10s
[INFO]: TRAIN epoch: 4 loss: 0.8810, grad_norm: 0.5295390486717224, lr: 0.000996, time: 0.11s
[INFO]: TRAIN epoch: 4 loss: 0.1234, grad_norm: 0.44578176736831665, lr: 0.000996, time: 0.10s
[INFO]: TRAIN epoch: 4 loss: 0.3973, grad_norm: 0.7100120186805725, lr: 0.000996, time: 0.10s
[INFO]: TRAIN epoch: 4 loss: 0.1948, grad_norm: 0.3796112835407257, lr: 0.000996, time: 0.10s
[INFO]: TRAIN epoch: 4 loss: 0.2575, grad_norm: 0.4082643687725067, lr: 0.000996, time: 0.11s
[INFO]: TRAIN epoch: 4 loss: 0.3715, grad_norm: 0.3444182574748993, lr: 0.000996, time: 0.11s
[INFO]: TRAIN epoch: 4 loss: 0.1796, grad_norm: 0.2972102165222168, lr: 0.000996, time: 0.11s
[INFO]: TRAIN epoch: 4 loss: 0.6287, grad_norm: 0.40697428584098816, lr: 0.000996, time: 0.10s
[INFO]: TRAIN epoch: 4 loss: 0.4049, grad_norm: 0.46160605549812317, lr: 0.000996, time: 0.11s
[INFO]: TRAIN epoch: 4 loss: 0.6648, grad_norm: 0.4965151846408844, lr: 0.000996, time: 0.10s
[INFO]: TRAIN epoch: 4 loss: 0.2735, grad_norm: 0.41716328263282776, lr: 0.000996, time: 0.10s
[INFO]: TRAIN epoch: 4 loss: 0.6157, grad_norm: 0.5131329894065857, lr: 0.000996, time: 0.10s
[INFO]: TRAIN epoch: 4 loss: 0.1244, grad_norm: 0.2895511984825134, lr: 0.000996, time: 0.11s
[INFO]: TRAIN epoch: 4 loss: 0.4400, grad_norm: 0.3953314423561096, lr: 0.000996, time: 0.11s
[INFO]: TRAIN epoch: 4 loss: 0.0874, grad_norm: 0.3054085373878479, lr: 0.000996, time: 0.10s
[INFO]: TRAIN epoch: 4 loss: 0.2780, grad_norm: 0.4113839268684387, lr: 0.000996, time: 0.10s
[INFO]: TRAIN epoch: 4 loss: 0.5289, grad_norm: 0.43490493297576904, lr: 0.000996, time: 0.11s
[INFO]: TRAIN epoch: 4 loss: 0.1493, grad_norm: 0.32461053133010864, lr: 0.000996, time: 0.11s
[INFO]: TRAIN epoch: 4 loss: 0.5038, grad_norm: 0.5526549816131592, lr: 0.000996, time: 0.10s
[INFO]: TRAIN epoch: 4 loss: 0.2516, grad_norm: 0.44666314125061035, lr: 0.000996, time: 0.10s
[INFO]: TRAIN epoch: 4 loss: 0.5216, grad_norm: 0.41938942670822144, lr: 0.000996, time: 0.10s
[INFO]: TRAIN epoch: 4 loss: 0.6140, grad_norm: 0.3380849063396454, lr: 0.000996, time: 0.10s
[INFO]: TRAIN epoch: 4 loss: 0.4707, grad_norm: 0.5629618167877197, lr: 0.000996, time: 0.10s
[INFO]: TRAIN epoch: 4 loss: 0.5069, grad_norm: 0.47851869463920593, lr: 0.000996, time: 0.10s
[INFO]: TRAIN epoch: 4 loss: 0.6671, grad_norm: 0.46883922815322876, lr: 0.000996, time: 0.10s
[INFO]: TRAIN epoch: 4 loss: 0.4864, grad_norm: 0.38782840967178345, lr: 0.000996, time: 0.11s
[INFO]: TRAIN epoch: 4 loss: 0.1302, grad_norm: 0.34933990240097046, lr: 0.000996, time: 0.10s
[INFO]: TRAIN epoch: 4 loss: 0.6410, grad_norm: 0.3563695251941681, lr: 0.000996, time: 0.11s
[INFO]: TRAIN epoch: 4 loss: 0.1937, grad_norm: 0.3210192322731018, lr: 0.000996, time: 0.10s
[INFO]: TRAIN epoch: 4 loss: 0.4811, grad_norm: 0.2747002840042114, lr: 0.000996, time: 0.10s
[INFO]: TRAIN epoch: 4 loss: 0.5152, grad_norm: 0.4074474573135376, lr: 0.000996, time: 0.11s
[INFO]: TRAIN epoch: 4 loss: 0.4330, grad_norm: 0.3143770694732666, lr: 0.000996, time: 0.10s
[INFO]: TRAIN epoch: 4 loss: 0.1605, grad_norm: 0.35058075189590454, lr: 0.000996, time: 0.10s
[INFO]: TRAIN epoch: 4 loss: 0.1536, grad_norm: 0.3306697607040405, lr: 0.000996, time: 0.10s
[INFO]: TRAIN epoch: 4 loss: 0.4249, grad_norm: 0.3401234745979309, lr: 0.000996, time: 0.10s
[INFO]: TRAIN epoch: 4 loss: 0.1312, grad_norm: 0.3009936213493347, lr: 0.000996, time: 0.10s
[INFO]: TRAIN epoch: 4 loss: 0.5827, grad_norm: 0.6166420578956604, lr: 0.000996, time: 0.10s
[INFO]: TRAIN epoch: 4 loss: 0.4854, grad_norm: 0.48911672830581665, lr: 0.000996, time: 0.10s
[INFO]: TRAIN epoch: 4 loss: 0.4548, grad_norm: 0.4451550245285034, lr: 0.000996, time: 0.10s
[INFO]: TRAIN epoch: 4 loss: 0.1070, grad_norm: 0.2277824580669403, lr: 0.000996, time: 0.10s
[INFO]: TRAIN epoch: 4 loss: 0.0895, grad_norm: 0.30967476963996887, lr: 0.000996, time: 0.10s
[INFO]: TRAIN epoch: 4 loss: 0.1588, grad_norm: 0.3624092638492584, lr: 0.000996, time: 0.10s
[INFO]: TRAIN epoch: 4 loss: 0.0959, grad_norm: 0.3290206789970398, lr: 0.000996, time: 0.10s
[INFO]: TRAIN epoch: 4 loss: 0.4004, grad_norm: 0.43438637256622314, lr: 0.000996, time: 0.10s
[INFO]: TRAIN epoch: 4 loss: 0.1728, grad_norm: 0.5099503397941589, lr: 0.000996, time: 0.10s
[INFO]: TRAIN epoch: 4 loss: 0.1960, grad_norm: 0.507348358631134, lr: 0.000996, time: 0.10s
[INFO]: TRAIN epoch: 4 loss: 0.4789, grad_norm: 0.47073784470558167, lr: 0.000996, time: 0.10s
[INFO]: TRAIN epoch: 4 loss: 0.2339, grad_norm: 0.4532924294471741, lr: 0.000996, time: 0.10s
[INFO]: TRAIN epoch: 4 loss: 0.3062, grad_norm: 0.5041717290878296, lr: 0.000996, time: 0.10s
[INFO]: TRAIN epoch: 4 loss: 0.2269, grad_norm: 0.38206014037132263, lr: 0.000996, time: 0.10s
[INFO]: TRAIN epoch: 4 loss: 0.0996, grad_norm: 0.3105875849723816, lr: 0.000996, time: 0.10s
[INFO]: TRAIN epoch: 4 loss: 0.1710, grad_norm: 0.3626174330711365, lr: 0.000996, time: 0.10s
[INFO]: TRAIN epoch: 4 loss: 0.5174, grad_norm: 0.35065993666648865, lr: 0.000996, time: 0.10s
[INFO]: TRAIN epoch: 4 loss: 0.2388, grad_norm: 0.45483121275901794, lr: 0.000996, time: 0.10s
[INFO]: TRAIN epoch: 4 loss: 0.6415, grad_norm: 0.5172167420387268, lr: 0.000996, time: 0.10s
[INFO]: TRAIN epoch: 4 loss: 0.1463, grad_norm: 0.4402303397655487, lr: 0.000996, time: 0.10s
[INFO]: TRAIN epoch: 4 loss: 0.3520, grad_norm: 0.5292708277702332, lr: 0.000996, time: 0.10s
[INFO]: TRAIN epoch: 4 loss: 0.4514, grad_norm: 0.466654896736145, lr: 0.000996, time: 0.10s
[INFO]: TRAIN epoch: 4 loss: 0.2803, grad_norm: 0.4462817311286926, lr: 0.000996, time: 0.10s
[INFO]: TRAIN epoch: 4 loss: 0.6380, grad_norm: 0.42064833641052246, lr: 0.000996, time: 0.10s
[INFO]: TRAIN epoch: 4 loss: 0.4456, grad_norm: 0.29470399022102356, lr: 0.000996, time: 0.10s
[INFO]: TRAIN epoch: 4 loss: 0.3998, grad_norm: 0.5073549151420593, lr: 0.000996, time: 0.10s
[INFO]: TRAIN epoch: 4 loss: 0.3702, grad_norm: 0.3146592676639557, lr: 0.000996, time: 0.10s
[INFO]: TRAIN epoch: 4 loss: 0.1131, grad_norm: 0.2949608862400055, lr: 0.000996, time: 0.10s
[INFO]: TRAIN epoch: 4 loss: 0.3739, grad_norm: 0.36358916759490967, lr: 0.000996, time: 0.10s
[INFO]: TRAIN epoch: 4 loss: 0.5654, grad_norm: 0.3954083025455475, lr: 0.000996, time: 0.10s
[INFO]: TRAIN epoch: 4 loss: 0.2104, grad_norm: 0.32497072219848633, lr: 0.000996, time: 0.10s
[INFO]: TRAIN epoch: 4 loss: 0.2976, grad_norm: 0.5500598549842834, lr: 0.000996, time: 0.11s
[INFO]: TRAIN epoch: 4 loss: 0.1749, grad_norm: 0.4396534860134125, lr: 0.000996, time: 0.10s
[INFO]: TRAIN epoch: 4 loss: 0.3014, grad_norm: 0.4323539435863495, lr: 0.000996, time: 0.10s
[INFO]: TRAIN epoch: 4 loss: 0.4723, grad_norm: 0.3608248829841614, lr: 0.000996, time: 0.10s
[INFO]: TRAIN epoch: 4 loss: 0.2014, grad_norm: 0.41092967987060547, lr: 0.000996, time: 0.10s
[INFO]: TRAIN epoch: 4 loss: 0.5836, grad_norm: 0.4981227517127991, lr: 0.000996, time: 0.10s
[INFO]: TRAIN epoch: 4 loss: 0.4873, grad_norm: 0.5000039935112, lr: 0.000996, time: 0.10s
[INFO]: TRAIN epoch: 4 loss: 0.2897, grad_norm: 0.3370886743068695, lr: 0.000996, time: 0.11s
[INFO]: TRAIN epoch: 4 loss: 0.2897, grad_norm: 0.36687973141670227, lr: 0.000996, time: 0.11s
[INFO]: TRAIN epoch: 4 loss: 0.3579, grad_norm: 0.6328122615814209, lr: 0.000996, time: 0.10s
[INFO]: TRAIN epoch: 4 loss: 0.5886, grad_norm: 0.4775116443634033, lr: 0.000996, time: 0.10s
[INFO]: TRAIN epoch: 4 loss: 0.2808, grad_norm: 0.43035003542900085, lr: 0.000996, time: 0.10s
[INFO]: TRAIN epoch: 4 loss: 0.7050, grad_norm: 0.6321613788604736, lr: 0.000996, time: 0.10s
[INFO]: TRAIN epoch: 4 loss: 0.3983, grad_norm: 0.3928527235984802, lr: 0.000996, time: 0.10s
[INFO]: TRAIN epoch: 4 loss: 0.2814, grad_norm: 0.37688004970550537, lr: 0.000996, time: 0.10s
[INFO]: TRAIN epoch: 4 loss: 0.6922, grad_norm: 0.5411249995231628, lr: 0.000996, time: 0.11s
[INFO]: TRAIN epoch: 4 loss: 0.1564, grad_norm: 0.29046499729156494, lr: 0.000996, time: 0.10s
[INFO]: TRAIN epoch: 4 loss: 0.5025, grad_norm: 0.3462221920490265, lr: 0.000996, time: 0.10s
[INFO]: TRAIN epoch: 4 loss: 0.3883, grad_norm: 0.37154918909072876, lr: 0.000996, time: 0.11s
[INFO]: TRAIN epoch: 4 loss: 0.1590, grad_norm: 0.2664884328842163, lr: 0.000996, time: 0.11s
[INFO]: TRAIN epoch: 4 loss: 0.3974, grad_norm: 0.32352113723754883, lr: 0.000996, time: 0.10s
[INFO]: TRAIN epoch: 4 loss: 0.1861, grad_norm: 0.3122594356536865, lr: 0.000996, time: 0.11s
[INFO]: TRAIN epoch: 4 loss: 0.7779, grad_norm: 0.55936598777771, lr: 0.000996, time: 0.10s
[INFO]: TRAIN epoch: 4 loss: 0.2027, grad_norm: 0.28497347235679626, lr: 0.000996, time: 0.10s
[INFO]: TRAIN epoch: 4 loss: 0.1824, grad_norm: 0.360150545835495, lr: 0.000996, time: 0.10s
[INFO]: TRAIN epoch: 4 loss: 0.3800, grad_norm: 0.3896993398666382, lr: 0.000996, time: 0.10s
[INFO]: TRAIN epoch: 4 loss: 0.5885, grad_norm: 0.44758108258247375, lr: 0.000996, time: 0.10s
[INFO]: TRAIN epoch: 4 loss: 0.4422, grad_norm: 0.5283333659172058, lr: 0.000996, time: 0.10s
[INFO]: TRAIN epoch: 4 loss: 0.4479, grad_norm: 0.48141589760780334, lr: 0.000996, time: 0.11s
[INFO]: TRAIN epoch: 4 loss: 0.5693, grad_norm: 0.43995633721351624, lr: 0.000996, time: 0.10s
[INFO]: TRAIN epoch: 4 loss: 0.2170, grad_norm: 0.42648735642433167, lr: 0.000996, time: 0.10s
[INFO]: TRAIN epoch: 4 loss: 0.5615, grad_norm: 0.4823604226112366, lr: 0.000996, time: 0.10s
[INFO]: TRAIN epoch: 4 loss: 0.3420, grad_norm: 0.38146430253982544, lr: 0.000996, time: 0.11s
[INFO]: TRAIN epoch: 4 loss: 0.2042, grad_norm: 0.39185279607772827, lr: 0.000996, time: 0.10s
[INFO]: TRAIN epoch: 4 loss: 0.7942, grad_norm: 0.47337591648101807, lr: 0.000996, time: 0.11s
[INFO]: TRAIN epoch: 4 loss: 0.3624, grad_norm: 0.3472335934638977, lr: 0.000996, time: 0.11s
[INFO]: TRAIN epoch: 4 loss: 0.3634, grad_norm: 0.533691942691803, lr: 0.000996, time: 0.11s
[INFO]: TRAIN epoch: 4 loss: 0.6191, grad_norm: 0.3992648720741272, lr: 0.000996, time: 0.10s
[INFO]: TRAIN epoch: 4 loss: 0.5461, grad_norm: 0.3994235396385193, lr: 0.000996, time: 0.10s
[INFO]: TRAIN epoch: 4 loss: 0.6356, grad_norm: 0.576149582862854, lr: 0.000996, time: 0.10s
[INFO]: TRAIN epoch: 4 loss: 0.4264, grad_norm: 0.32405900955200195, lr: 0.000996, time: 0.10s
[INFO]: TRAIN epoch: 4 loss: 0.6263, grad_norm: 0.6256361603736877, lr: 0.000996, time: 0.10s
[INFO]: TRAIN epoch: 4 loss: 0.3597, grad_norm: 0.2753981351852417, lr: 0.000996, time: 0.10s
[INFO]: TRAIN epoch: 4 loss: 0.4174, grad_norm: 0.33517247438430786, lr: 0.000996, time: 0.10s
[INFO]: TRAIN epoch: 4 loss: 0.7990, grad_norm: 0.4058353304862976, lr: 0.000996, time: 0.10s
[INFO]: TRAIN epoch: 4 loss: 0.4727, grad_norm: 0.38953614234924316, lr: 0.000996, time: 0.10s
[INFO]: TRAIN epoch: 4 loss: 0.1848, grad_norm: 0.44889524579048157, lr: 0.000996, time: 0.10s
[INFO]: TRAIN epoch: 4 loss: 0.4283, grad_norm: 0.5172651410102844, lr: 0.000996, time: 0.11s
[INFO]: TRAIN epoch: 4 loss: 0.3766, grad_norm: 0.29794615507125854, lr: 0.000996, time: 0.10s
[INFO]: TRAIN epoch: 4 loss: 0.3876, grad_norm: 0.3761013150215149, lr: 0.000996, time: 0.10s
[INFO]: TRAIN epoch: 4 loss: 0.6109, grad_norm: 0.4567582905292511, lr: 0.000996, time: 0.10s
[INFO]: TRAIN epoch: 4 loss: 0.9856, grad_norm: 0.514837920665741, lr: 0.000996, time: 0.10s
[INFO]: TRAIN epoch: 4 loss: 0.2075, grad_norm: 0.341347336769104, lr: 0.000996, time: 0.10s
[INFO]: TRAIN epoch: 4 loss: 0.4601, grad_norm: 0.3947035074234009, lr: 0.000996, time: 0.10s
[INFO]: TRAIN epoch: 4 loss: 0.1406, grad_norm: 0.31279805302619934, lr: 0.000996, time: 0.10s
[INFO]: TRAIN epoch: 4 loss: 0.5465, grad_norm: 0.5286831259727478, lr: 0.000996, time: 0.10s
[INFO]: TRAIN epoch: 4 loss: 0.4351, grad_norm: 0.3639511466026306, lr: 0.000996, time: 0.10s
[INFO]: TRAIN epoch: 4 loss: 0.5306, grad_norm: 0.3746585547924042, lr: 0.000996, time: 0.10s
[INFO]: TRAIN epoch: 4 loss: 0.3585, grad_norm: 0.5276799201965332, lr: 0.000996, time: 0.11s
[INFO]: TRAIN epoch: 4 loss: 0.2895, grad_norm: 0.2984771430492401, lr: 0.000996, time: 0.10s
[INFO]: TRAIN epoch: 4 loss: 0.2436, grad_norm: 0.5218459367752075, lr: 0.000996, time: 0.10s
[INFO]: TRAIN epoch: 4 loss: 0.4139, grad_norm: 0.30754369497299194, lr: 0.000996, time: 0.10s
[INFO]: TRAIN epoch: 4 loss: 0.6112, grad_norm: 0.3376365900039673, lr: 0.000996, time: 0.10s
[INFO]: TRAIN epoch: 4 loss: 0.4074, grad_norm: 0.43720462918281555, lr: 0.000996, time: 0.11s
[INFO]: TRAIN epoch: 4 loss: 0.2454, grad_norm: 0.38408562541007996, lr: 0.000996, time: 0.10s
[INFO]: TRAIN epoch: 4 loss: 0.1941, grad_norm: 0.36950361728668213, lr: 0.000996, time: 0.10s
[INFO]: TRAIN epoch: 4 loss: 0.4500, grad_norm: 0.48655545711517334, lr: 0.000996, time: 0.10s
[INFO]: TRAIN epoch: 4 loss: 0.3146, grad_norm: 0.3294159471988678, lr: 0.000996, time: 0.10s
[INFO]: TRAIN epoch: 4 loss: 0.2036, grad_norm: 0.308742880821228, lr: 0.000996, time: 0.10s
[INFO]: TRAIN epoch: 4 loss: 0.5742, grad_norm: 0.48121482133865356, lr: 0.000996, time: 0.10s
[INFO]: TRAIN epoch: 4 loss: 0.1527, grad_norm: 0.2575564384460449, lr: 0.000996, time: 0.10s
[INFO]: TRAIN epoch: 4 loss: 0.5227, grad_norm: 0.5635274052619934, lr: 0.000996, time: 0.10s
[INFO]: TRAIN epoch: 4 loss: 0.5871, grad_norm: 0.3307567536830902, lr: 0.000996, time: 0.10s
[INFO]: TRAIN epoch: 4 loss: 0.4944, grad_norm: 0.42300522327423096, lr: 0.000996, time: 0.11s
[INFO]: TRAIN epoch: 4 loss: 0.0980, grad_norm: 0.25684288144111633, lr: 0.000996, time: 0.10s
[INFO]: TRAIN epoch: 4 loss: 0.5155, grad_norm: 0.3925395905971527, lr: 0.000996, time: 0.10s
[INFO]: TRAIN epoch: 4 loss: 0.1948, grad_norm: 0.479123592376709, lr: 0.000996, time: 0.10s
[INFO]: TRAIN epoch: 4 loss: 0.1071, grad_norm: 0.1758405566215515, lr: 0.000996, time: 0.10s
[INFO]: TRAIN epoch: 4 loss: 0.1498, grad_norm: 0.41052791476249695, lr: 0.000996, time: 0.10s
[INFO]: TRAIN epoch: 4 loss: 0.0994, grad_norm: 0.26573309302330017, lr: 0.000996, time: 0.10s
[INFO]: TRAIN epoch: 4 loss: 0.4531, grad_norm: 0.4392940104007721, lr: 0.000996, time: 0.10s
[INFO]: TRAIN epoch: 4 loss: 0.5347, grad_norm: 0.48320963978767395, lr: 0.000996, time: 0.10s
[INFO]: TRAIN epoch: 4 loss: 0.3579, grad_norm: 0.3177672028541565, lr: 0.000996, time: 0.10s
[INFO]: TRAIN epoch: 4 loss: 0.4406, grad_norm: 0.49737849831581116, lr: 0.000996, time: 0.10s
[INFO]: TRAIN epoch: 4 loss: 0.1986, grad_norm: 0.43410956859588623, lr: 0.000996, time: 0.11s
[INFO]: TRAIN epoch: 4 loss: 0.6532, grad_norm: 0.5122239589691162, lr: 0.000996, time: 0.10s
[INFO]: TRAIN epoch: 4 loss: 0.2340, grad_norm: 0.33922192454338074, lr: 0.000996, time: 0.10s
[INFO]: TRAIN epoch: 4 loss: 0.5182, grad_norm: 0.48843878507614136, lr: 0.000996, time: 0.10s
[INFO]: TRAIN epoch: 4 loss: 0.4563, grad_norm: 0.42897120118141174, lr: 0.000996, time: 0.10s
[INFO]: TRAIN epoch: 4 loss: 0.2481, grad_norm: 0.44617950916290283, lr: 0.000996, time: 0.10s
[INFO]: TRAIN epoch: 4 loss: 0.1033, grad_norm: 0.26678401231765747, lr: 0.000996, time: 0.10s
[INFO]: TRAIN epoch: 4 loss: 0.3268, grad_norm: 0.48481810092926025, lr: 0.000996, time: 0.10s
[INFO]: TRAIN epoch: 4 loss: 0.4665, grad_norm: 0.38913533091545105, lr: 0.000996, time: 0.10s
[INFO]: TRAIN epoch: 4 loss: 0.5629, grad_norm: 0.4666329026222229, lr: 0.000996, time: 0.10s
[INFO]: TRAIN epoch: 4 loss: 0.6420, grad_norm: 0.47447195649147034, lr: 0.000996, time: 0.10s
[INFO]: TRAIN epoch: 4 loss: 0.5761, grad_norm: 0.4786664545536041, lr: 0.000996, time: 0.10s
[INFO]: TRAIN epoch: 4 loss: 0.4040, grad_norm: 0.44658100605010986, lr: 0.000996, time: 0.10s
[INFO]: TRAIN epoch: 4 loss: 0.0975, grad_norm: 0.2260366827249527, lr: 0.000996, time: 0.10s
[INFO]: TRAIN epoch: 4 loss: 0.1317, grad_norm: 0.2897111177444458, lr: 0.000996, time: 0.10s
[INFO]: TRAIN epoch: 4 loss: 0.9853, grad_norm: 0.5806230902671814, lr: 0.000996, time: 0.10s
[INFO]: TRAIN epoch: 4 loss: 0.5604, grad_norm: 0.3858776390552521, lr: 0.000996, time: 0.10s
[INFO]: TRAIN epoch: 4 loss: 0.4506, grad_norm: 0.5448487997055054, lr: 0.000996, time: 0.11s
[INFO]: TRAIN epoch: 4 loss: 0.2361, grad_norm: 0.3759176731109619, lr: 0.000996, time: 0.10s
[INFO]: TRAIN epoch: 4 loss: 0.4897, grad_norm: 0.37479618191719055, lr: 0.000996, time: 0.10s
[INFO]: TRAIN epoch: 4 loss: 0.1218, grad_norm: 0.3288283944129944, lr: 0.000996, time: 0.10s
[INFO]: TRAIN epoch: 4 loss: 0.5070, grad_norm: 0.46940505504608154, lr: 0.000996, time: 0.10s
[INFO]: TRAIN epoch: 4 loss: 0.1565, grad_norm: 0.427521288394928, lr: 0.000996, time: 0.10s
[INFO]: TRAIN epoch: 4 loss: 0.1154, grad_norm: 0.327473521232605, lr: 0.000996, time: 0.10s
[INFO]: TRAIN epoch: 4 loss: 0.2216, grad_norm: 0.37735751271247864, lr: 0.000996, time: 0.10s
[INFO]: TRAIN epoch: 4 loss: 0.5741, grad_norm: 0.4869212210178375, lr: 0.000996, time: 0.10s
[INFO]: TRAIN epoch: 4 loss: 0.4357, grad_norm: 0.45054295659065247, lr: 0.000996, time: 0.10s
[INFO]: TRAIN epoch: 4 loss: 0.2126, grad_norm: 0.2982494831085205, lr: 0.000996, time: 0.10s
[INFO]: TRAIN epoch: 4 loss: 0.4667, grad_norm: 0.39611130952835083, lr: 0.000996, time: 0.10s
[INFO]: TRAIN epoch: 4 loss: 0.2708, grad_norm: 0.37399226427078247, lr: 0.000996, time: 0.11s
[INFO]: TRAIN epoch: 4 loss: 0.4520, grad_norm: 0.3930297791957855, lr: 0.000996, time: 0.10s
[INFO]: TRAIN epoch: 4 loss: 0.5177, grad_norm: 0.37128812074661255, lr: 0.000996, time: 0.10s
[INFO]: TRAIN epoch: 4 loss: 0.4588, grad_norm: 0.5064501762390137, lr: 0.000996, time: 0.11s
[INFO]: TRAIN epoch: 4 loss: 0.3383, grad_norm: 0.40662097930908203, lr: 0.000996, time: 0.10s
[INFO]: TRAIN epoch: 4 loss: 0.7465, grad_norm: 0.37527716159820557, lr: 0.000996, time: 0.11s
[INFO]: TRAIN epoch: 4 loss: 0.6226, grad_norm: 0.4862483739852905, lr: 0.000996, time: 0.10s
[INFO]: TRAIN epoch: 4 loss: 0.1488, grad_norm: 0.3421475887298584, lr: 0.000996, time: 0.10s
[INFO]: TRAIN epoch: 4 loss: 0.1360, grad_norm: 0.3550078868865967, lr: 0.000996, time: 0.10s
[INFO]: TRAIN epoch: 4 loss: 0.3872, grad_norm: 0.3145703077316284, lr: 0.000996, time: 0.10s
[INFO]: TRAIN epoch: 4 loss: 0.2529, grad_norm: 0.3598344326019287, lr: 0.000996, time: 0.11s
[INFO]: TRAIN epoch: 4 loss: 0.5201, grad_norm: 0.32939469814300537, lr: 0.000996, time: 0.11s
[INFO]: TRAIN epoch: 4 loss: 0.4924, grad_norm: 0.35924002528190613, lr: 0.000996, time: 0.10s
[INFO]: TRAIN epoch: 4 loss: 0.1136, grad_norm: 0.2839299142360687, lr: 0.000996, time: 0.11s
[INFO]: TRAIN epoch: 4 loss: 0.1195, grad_norm: 0.2958078682422638, lr: 0.000996, time: 0.11s
[INFO]: TRAIN epoch: 4 loss: 0.3115, grad_norm: 0.3075263500213623, lr: 0.000996, time: 0.10s
[INFO]: TRAIN epoch: 4 loss: 0.5321, grad_norm: 0.4382385015487671, lr: 0.000996, time: 0.10s
[INFO]: TRAIN epoch: 4 loss: 0.5185, grad_norm: 0.5314074158668518, lr: 0.000996, time: 0.10s
[INFO]: TRAIN epoch: 4 loss: 0.5054, grad_norm: 0.40666213631629944, lr: 0.000996, time: 0.10s
[INFO]: TRAIN epoch: 4 loss: 0.4721, grad_norm: 0.4601447582244873, lr: 0.000996, time: 0.10s
[INFO]: TRAIN epoch: 4 loss: 0.1296, grad_norm: 0.42045724391937256, lr: 0.000996, time: 0.10s
[INFO]: TRAIN epoch: 4 loss: 0.3249, grad_norm: 0.4301949143409729, lr: 0.000996, time: 0.10s
[INFO]: TRAIN epoch: 4 loss: 0.5665, grad_norm: 0.5219311714172363, lr: 0.000996, time: 0.10s
[INFO]: TRAIN epoch: 4 loss: 0.7695, grad_norm: 0.49731317162513733, lr: 0.000996, time: 0.10s
[INFO]: TRAIN epoch: 4 loss: 0.2539, grad_norm: 0.26628047227859497, lr: 0.000996, time: 0.10s
[INFO]: TRAIN epoch: 4 loss: 0.4556, grad_norm: 0.46444934606552124, lr: 0.000996, time: 0.10s
[INFO]: TRAIN epoch: 4 loss: 0.1098, grad_norm: 0.19393691420555115, lr: 0.000996, time: 0.10s
[INFO]: TRAIN epoch: 4 loss: 0.3784, grad_norm: 0.39858904480934143, lr: 0.000996, time: 0.10s
[INFO]: TRAIN epoch: 4 loss: 0.2248, grad_norm: 0.34898045659065247, lr: 0.000996, time: 0.10s
[INFO]: TRAIN epoch: 4 loss: 0.2431, grad_norm: 0.3126966953277588, lr: 0.000996, time: 0.10s
[INFO]: TRAIN epoch: 4 loss: 0.3571, grad_norm: 0.44510260224342346, lr: 0.000996, time: 0.10s
[INFO]: TRAIN epoch: 4 loss: 0.5916, grad_norm: 0.39851221442222595, lr: 0.000996, time: 0.10s
[INFO]: TRAIN epoch: 4 loss: 0.2348, grad_norm: 0.31376248598098755, lr: 0.000996, time: 0.10s
[INFO]: TRAIN epoch: 4 loss: 0.2983, grad_norm: 0.3363513946533203, lr: 0.000996, time: 0.10s
[INFO]: TRAIN epoch: 4 loss: 0.5287, grad_norm: 0.40074479579925537, lr: 0.000996, time: 0.10s
[INFO]: TRAIN epoch: 4 loss: 0.7724, grad_norm: 0.3700355589389801, lr: 0.000996, time: 0.10s
[INFO]: TRAIN epoch: 4 loss: 0.5969, grad_norm: 0.4478512108325958, lr: 0.000996, time: 0.10s
[INFO]: TRAIN epoch: 4 loss: 0.3699, grad_norm: 0.36538371443748474, lr: 0.000996, time: 0.10s
[INFO]: TRAIN epoch: 4 loss: 0.5261, grad_norm: 0.6101130843162537, lr: 0.000996, time: 0.10s
[INFO]: TRAIN epoch: 4 loss: 0.2305, grad_norm: 0.4247485101222992, lr: 0.000996, time: 0.10s
[INFO]: TRAIN epoch: 4 loss: 0.4078, grad_norm: 0.3192501366138458, lr: 0.000996, time: 0.10s
[INFO]: TRAIN epoch: 4 loss: 0.5028, grad_norm: 0.34319448471069336, lr: 0.000996, time: 0.10s
[INFO]: TRAIN epoch: 4 loss: 0.1471, grad_norm: 0.3033253848552704, lr: 0.000996, time: 0.10s
[INFO]: TRAIN epoch: 4 loss: 0.5345, grad_norm: 0.4291185140609741, lr: 0.000996, time: 0.10s
[INFO]: TRAIN epoch: 4 loss: 0.2058, grad_norm: 0.31459590792655945, lr: 0.000996, time: 0.10s
[INFO]: TRAIN epoch: 4 loss: 0.3093, grad_norm: 0.36423566937446594, lr: 0.000996, time: 0.10s
[INFO]: TRAIN epoch: 4 loss: 0.6868, grad_norm: 0.4269486367702484, lr: 0.000996, time: 0.10s
[INFO]: TRAIN epoch: 4 loss: 0.6152, grad_norm: 0.4569149315357208, lr: 0.000996, time: 0.10s
[INFO]: TRAIN epoch: 4 loss: 0.5291, grad_norm: 0.5849642753601074, lr: 0.000996, time: 0.10s
[INFO]: TRAIN epoch: 4 loss: 0.5897, grad_norm: 0.4842952787876129, lr: 0.000996, time: 0.10s
[INFO]: TRAIN epoch: 4 loss: 0.1811, grad_norm: 0.4413158595561981, lr: 0.000996, time: 0.10s
[INFO]: TRAIN epoch: 4 loss: 0.7685, grad_norm: 0.4303935468196869, lr: 0.000996, time: 0.10s
[INFO]: TRAIN epoch: 4 loss: 0.3135, grad_norm: 0.3650479316711426, lr: 0.000996, time: 0.10s
[INFO]: TRAIN epoch: 4 loss: 0.4620, grad_norm: 0.3421122431755066, lr: 0.000996, time: 0.10s
[INFO]: TRAIN epoch: 4 loss: 0.2168, grad_norm: 0.33123186230659485, lr: 0.000996, time: 0.10s
[INFO]: TRAIN epoch: 4 loss: 0.5623, grad_norm: 0.36230286955833435, lr: 0.000996, time: 0.10s
[INFO]: TRAIN epoch: 4 loss: 0.5896, grad_norm: 0.4095050096511841, lr: 0.000996, time: 0.10s
[INFO]: TRAIN epoch: 4 loss: 0.3869, grad_norm: 0.32072827219963074, lr: 0.000996, time: 0.11s
[INFO]: TRAIN epoch: 4 loss: 0.4093, grad_norm: 0.4348922073841095, lr: 0.000996, time: 0.10s
[INFO]: TRAIN epoch: 4 loss: 0.4473, grad_norm: 0.3252752721309662, lr: 0.000996, time: 0.10s
[INFO]: TRAIN epoch: 4 loss: 0.5538, grad_norm: 0.4186675250530243, lr: 0.000996, time: 0.10s
[INFO]: TRAIN epoch: 4 loss: 0.4449, grad_norm: 0.3212377727031708, lr: 0.000996, time: 0.10s
[INFO]: TRAIN epoch: 4 loss: 0.5429, grad_norm: 0.3572913110256195, lr: 0.000996, time: 0.10s
[INFO]: TRAIN epoch: 4 loss: 0.5017, grad_norm: 0.367538720369339, lr: 0.000996, time: 0.10s
[INFO]: TRAIN epoch: 4 loss: 0.4903, grad_norm: 0.39841899275779724, lr: 0.000996, time: 0.10s
[INFO]: TRAIN epoch: 4 loss: 0.1860, grad_norm: 0.3580498695373535, lr: 0.000996, time: 0.10s
[INFO]: TRAIN epoch: 4 loss: 0.2158, grad_norm: 0.3097313642501831, lr: 0.000996, time: 0.10s
[INFO]: TRAIN epoch: 4 loss: 0.1362, grad_norm: 0.2736436128616333, lr: 0.000996, time: 0.10s
[INFO]: TRAIN epoch: 4 loss: 0.6074, grad_norm: 0.5286842584609985, lr: 0.000996, time: 0.10s
[INFO]: TRAIN epoch: 4 loss: 0.4328, grad_norm: 0.3083658814430237, lr: 0.000996, time: 0.10s
[INFO]: TRAIN epoch: 4 loss: 0.3625, grad_norm: 0.41926127672195435, lr: 0.000996, time: 0.10s
[INFO]: TRAIN epoch: 4 loss: 0.6532, grad_norm: 0.2756154537200928, lr: 0.000996, time: 0.10s
[INFO]: TRAIN epoch: 4 loss: 0.3951, grad_norm: 0.4550502896308899, lr: 0.000996, time: 0.10s
[INFO]: TRAIN epoch: 4 loss: 0.3259, grad_norm: 0.47893378138542175, lr: 0.000996, time: 0.10s
[INFO]: TRAIN epoch: 4 loss: 0.2075, grad_norm: 0.3451572358608246, lr: 0.000996, time: 0.10s
[INFO]: TRAIN epoch: 4 loss: 0.3975, grad_norm: 0.4672043025493622, lr: 0.000996, time: 0.10s
[INFO]: TRAIN epoch: 4 loss: 0.4978, grad_norm: 0.3111962378025055, lr: 0.000996, time: 0.10s
[INFO]: TRAIN epoch: 4 loss: 0.7674, grad_norm: 0.7009839415550232, lr: 0.000996, time: 0.11s
[INFO]: TRAIN epoch: 4 loss: 0.4705, grad_norm: 0.49897870421409607, lr: 0.000996, time: 0.10s
[INFO]: TRAIN epoch: 4 loss: 0.7341, grad_norm: 0.5152782201766968, lr: 0.000996, time: 0.10s
[INFO]: TRAIN epoch: 4 loss: 0.5030, grad_norm: 0.38581353425979614, lr: 0.000996, time: 0.10s
[INFO]: TRAIN epoch: 4 loss: 0.1544, grad_norm: 0.3428587019443512, lr: 0.000996, time: 0.10s
[INFO]: TRAIN epoch: 4 loss: 0.3892, grad_norm: 0.385614275932312, lr: 0.000996, time: 0.10s
[INFO]: TRAIN epoch: 4 loss: 0.2647, grad_norm: 0.3534964621067047, lr: 0.000996, time: 0.10s
[INFO]: TRAIN epoch: 4 loss: 0.1381, grad_norm: 0.36411893367767334, lr: 0.000996, time: 0.10s
[INFO]: TRAIN epoch: 4 loss: 0.4946, grad_norm: 0.47344329953193665, lr: 0.000996, time: 0.10s
[INFO]: TRAIN epoch: 4 loss: 0.5041, grad_norm: 0.36089828610420227, lr: 0.000996, time: 0.10s
[INFO]: TRAIN epoch: 4 loss: 0.4144, grad_norm: 0.37635210156440735, lr: 0.000996, time: 0.10s
[INFO]: TRAIN epoch: 4 loss: 0.1750, grad_norm: 0.3443918824195862, lr: 0.000996, time: 0.10s
[INFO]: TRAIN epoch: 4 loss: 0.4959, grad_norm: 0.42830759286880493, lr: 0.000996, time: 0.10s
[INFO]: TRAIN epoch: 4 loss: 0.2404, grad_norm: 0.39383184909820557, lr: 0.000996, time: 0.10s
[INFO]: TRAIN epoch: 4 loss: 0.3083, grad_norm: 0.5078128576278687, lr: 0.000996, time: 0.10s
[INFO]: TRAIN epoch: 4 loss: 0.3390, grad_norm: 0.5630326271057129, lr: 0.000996, time: 0.10s
[INFO]: TRAIN epoch: 4 loss: 0.4126, grad_norm: 0.344577431678772, lr: 0.000996, time: 0.10s
[INFO]: TRAIN epoch: 4 loss: 0.4393, grad_norm: 0.4690084755420685, lr: 0.000996, time: 0.11s
[INFO]: TRAIN epoch: 4 loss: 0.4108, grad_norm: 0.3028651773929596, lr: 0.000996, time: 0.10s
[INFO]: TRAIN epoch: 4 loss: 0.2415, grad_norm: 0.31850725412368774, lr: 0.000996, time: 0.10s
[INFO]: TRAIN epoch: 4 loss: 0.2495, grad_norm: 0.3356943428516388, lr: 0.000996, time: 0.10s
[INFO]: TRAIN epoch: 4 loss: 0.4851, grad_norm: 0.4412802755832672, lr: 0.000996, time: 0.10s
[INFO]: TRAIN epoch: 4 loss: 0.5481, grad_norm: 0.6229571104049683, lr: 0.000996, time: 0.10s
[INFO]: TRAIN epoch: 4 loss: 0.4427, grad_norm: 0.36455291509628296, lr: 0.000996, time: 0.10s
[INFO]: TRAIN epoch: 4 loss: 0.3605, grad_norm: 0.40635889768600464, lr: 0.000996, time: 0.10s
[INFO]: TRAIN epoch: 4 loss: 0.5499, grad_norm: 0.366219162940979, lr: 0.000996, time: 0.10s
[INFO]: TRAIN epoch: 4 loss: 0.4095, grad_norm: 0.3583419620990753, lr: 0.000996, time: 0.10s
[INFO]: TRAIN epoch: 4 loss: 0.7245, grad_norm: 0.4256886839866638, lr: 0.000996, time: 0.10s
[INFO]: TRAIN epoch: 4 loss: 0.4326, grad_norm: 0.4604720175266266, lr: 0.000996, time: 0.10s
[INFO]: TRAIN epoch: 4 loss: 0.4993, grad_norm: 0.30970948934555054, lr: 0.000996, time: 0.10s
[INFO]: TRAIN epoch: 4 loss: 0.5430, grad_norm: 0.4347732961177826, lr: 0.000996, time: 0.10s
[INFO]: TRAIN epoch: 4 loss: 0.2653, grad_norm: 0.35497570037841797, lr: 0.000996, time: 0.10s
[INFO]: TRAIN epoch: 4 loss: 0.4154, grad_norm: 0.345575213432312, lr: 0.000996, time: 0.10s
[INFO]: TRAIN epoch: 4 loss: 0.4260, grad_norm: 0.38615843653678894, lr: 0.000996, time: 0.10s
[INFO]: TRAIN epoch: 4 loss: 0.4904, grad_norm: 0.4062266945838928, lr: 0.000996, time: 0.10s
[INFO]: TRAIN epoch: 4 loss: 0.3615, grad_norm: 0.3958558738231659, lr: 0.000996, time: 0.10s
[INFO]: TRAIN epoch: 4 loss: 0.2452, grad_norm: 0.36606189608573914, lr: 0.000996, time: 0.10s
[INFO]: TRAIN epoch: 4 loss: 0.4239, grad_norm: 0.495838463306427, lr: 0.000996, time: 0.10s
[INFO]: TRAIN epoch: 4 loss: 0.2400, grad_norm: 0.3380592465400696, lr: 0.000996, time: 0.10s
[INFO]: TRAIN epoch: 4 loss: 0.5227, grad_norm: 0.4339476525783539, lr: 0.000996, time: 0.10s
[INFO]: TRAIN epoch: 4 loss: 0.6719, grad_norm: 0.37364429235458374, lr: 0.000996, time: 0.10s
[INFO]: TRAIN epoch: 4 loss: 0.4162, grad_norm: 0.28729164600372314, lr: 0.000996, time: 0.10s
[INFO]: TRAIN epoch: 4 loss: 0.1917, grad_norm: 0.40269631147384644, lr: 0.000996, time: 0.10s
[INFO]: TRAIN epoch: 4 loss: 0.3206, grad_norm: 0.3598916530609131, lr: 0.000996, time: 0.10s
[INFO]: TRAIN epoch: 4 loss: 0.1900, grad_norm: 0.34340569376945496, lr: 0.000996, time: 0.10s
[INFO]: TRAIN epoch: 4 loss: 0.2477, grad_norm: 0.3013620674610138, lr: 0.000996, time: 0.10s
[INFO]: TRAIN epoch: 4 loss: 0.2499, grad_norm: 0.41051608324050903, lr: 0.000996, time: 0.10s
[INFO]: TRAIN epoch: 4 loss: 0.2595, grad_norm: 0.359754353761673, lr: 0.000996, time: 0.10s
[INFO]: TRAIN epoch: 4 loss: 0.3919, grad_norm: 0.4306112825870514, lr: 0.000996, time: 0.10s
[INFO]: TRAIN epoch: 4 loss: 0.8249, grad_norm: 0.673658549785614, lr: 0.000996, time: 0.10s
[INFO]: TRAIN epoch: 4 loss: 0.1576, grad_norm: 0.34975817799568176, lr: 0.000996, time: 0.10s
[INFO]: TRAIN epoch: 4 loss: 0.1697, grad_norm: 0.36489832401275635, lr: 0.000996, time: 0.10s
[INFO]: TRAIN epoch: 4 loss: 0.5263, grad_norm: 0.5218460559844971, lr: 0.000996, time: 0.10s
[INFO]: TRAIN epoch: 4 loss: 0.2541, grad_norm: 0.41064098477363586, lr: 0.000996, time: 0.10s
[INFO]: TRAIN epoch: 4 loss: 0.6168, grad_norm: 0.41692036390304565, lr: 0.000996, time: 0.10s
[INFO]: TRAIN epoch: 4 loss: 0.6446, grad_norm: 0.6682736873626709, lr: 0.000996, time: 0.10s
[INFO]: TRAIN epoch: 4 loss: 0.2754, grad_norm: 0.39031413197517395, lr: 0.000996, time: 0.10s
[INFO]: TRAIN epoch: 4 loss: 0.5132, grad_norm: 0.3557552099227905, lr: 0.000996, time: 0.10s
[INFO]: TRAIN epoch: 4 loss: 0.1282, grad_norm: 0.31908005475997925, lr: 0.000996, time: 0.10s
[INFO]: TRAIN epoch: 4 loss: 0.4344, grad_norm: 0.336090624332428, lr: 0.000996, time: 0.10s
[INFO]: TRAIN epoch: 4 loss: 0.1499, grad_norm: 0.3035908043384552, lr: 0.000996, time: 0.10s
[INFO]: TRAIN epoch: 4 loss: 0.3287, grad_norm: 0.4087125360965729, lr: 0.000996, time: 0.10s
[INFO]: TRAIN epoch: 4 loss: 0.5379, grad_norm: 0.3714964687824249, lr: 0.000996, time: 0.10s
[INFO]: TRAIN epoch: 4 loss: 0.5245, grad_norm: 0.3374834954738617, lr: 0.000996, time: 0.10s
[INFO]: TRAIN epoch: 4 loss: 0.5968, grad_norm: 0.501387357711792, lr: 0.000996, time: 0.10s
[INFO]: TRAIN epoch: 4 loss: 0.6435, grad_norm: 0.49030163884162903, lr: 0.000996, time: 0.10s
[INFO]: TRAIN epoch: 4 loss: 0.0953, grad_norm: 0.2511100769042969, lr: 0.000996, time: 0.10s
[INFO]: TRAIN epoch: 4 loss: 0.1689, grad_norm: 0.2914527952671051, lr: 0.000996, time: 0.10s
[INFO]: TRAIN epoch: 4 loss: 0.1385, grad_norm: 0.26928335428237915, lr: 0.000996, time: 0.10s
[INFO]: TRAIN epoch: 4 loss: 0.4104, grad_norm: 0.4754043221473694, lr: 0.000996, time: 0.10s
[INFO]: TRAIN epoch: 4 loss: 0.3338, grad_norm: 0.32447269558906555, lr: 0.000996, time: 0.10s
[INFO]: TRAIN epoch: 4 loss: 0.1088, grad_norm: 0.20819316804409027, lr: 0.000996, time: 0.10s
[INFO]: TRAIN epoch: 4 loss: 0.3760, grad_norm: 0.42800891399383545, lr: 0.000996, time: 0.10s
[INFO]: TRAIN epoch: 4 loss: 0.4244, grad_norm: 0.4368698000907898, lr: 0.000996, time: 0.10s
[INFO]: TRAIN epoch: 4 loss: 0.0937, grad_norm: 0.25126275420188904, lr: 0.000996, time: 0.10s
[INFO]: TRAIN epoch: 4 loss: 0.6620, grad_norm: 0.5063611268997192, lr: 0.000996, time: 0.10s
[INFO]: TRAIN epoch: 4 loss: 0.4519, grad_norm: 0.348837286233902, lr: 0.000996, time: 0.10s
[INFO]: TRAIN epoch: 4 loss: 0.6122, grad_norm: 0.47850853204727173, lr: 0.000996, time: 0.10s
[INFO]: TRAIN epoch: 4 loss: 0.3873, grad_norm: 0.4042573869228363, lr: 0.000996, time: 0.10s
[INFO]: TRAIN epoch: 4 loss: 0.0669, grad_norm: 0.1808149367570877, lr: 0.000996, time: 0.10s
[INFO]: TRAIN epoch: 4 loss: 0.4209, grad_norm: 0.33147522807121277, lr: 0.000996, time: 0.10s
[INFO]: TRAIN epoch: 4 loss: 0.3121, grad_norm: 0.5988268256187439, lr: 0.000996, time: 0.10s
[INFO]: TRAIN epoch: 4 loss: 0.3941, grad_norm: 0.34258338809013367, lr: 0.000996, time: 0.10s
[INFO]: TRAIN epoch: 4 loss: 0.0716, grad_norm: 0.21132300794124603, lr: 0.000996, time: 0.10s
[INFO]: TRAIN epoch: 4 loss: 0.2047, grad_norm: 0.3843666613101959, lr: 0.000996, time: 0.10s
[INFO]: TRAIN epoch: 4 loss: 0.3458, grad_norm: 0.33269307017326355, lr: 0.000996, time: 0.10s
[INFO]: TRAIN epoch: 4 loss: 0.2857, grad_norm: 0.4876774549484253, lr: 0.000996, time: 0.10s
[INFO]: TRAIN epoch: 4 loss: 0.5838, grad_norm: 0.4292145073413849, lr: 0.000996, time: 0.10s
[INFO]: TRAIN epoch: 4 loss: 0.2414, grad_norm: 0.3553468585014343, lr: 0.000996, time: 0.10s
[INFO]: TRAIN epoch: 4 loss: 0.5594, grad_norm: 0.5113067030906677, lr: 0.000996, time: 0.10s
[INFO]: TRAIN epoch: 4 loss: 0.1877, grad_norm: 0.26899367570877075, lr: 0.000996, time: 0.10s
[INFO]: TRAIN epoch: 4 loss: 0.5965, grad_norm: 0.42260313034057617, lr: 0.000996, time: 0.10s
[INFO]: TRAIN epoch: 4 loss: 0.2308, grad_norm: 0.3459271490573883, lr: 0.000996, time: 0.10s
[INFO]: TRAIN epoch: 4 loss: 0.6845, grad_norm: 0.3469126522541046, lr: 0.000996, time: 0.10s
[INFO]: TRAIN epoch: 4 loss: 0.4153, grad_norm: 0.3133070766925812, lr: 0.000996, time: 0.10s
[INFO]: TRAIN epoch: 4 loss: 0.1038, grad_norm: 0.20560237765312195, lr: 0.000996, time: 0.10s
[INFO]: TRAIN epoch: 4 loss: 0.4883, grad_norm: 0.40027421712875366, lr: 0.000996, time: 0.10s
[INFO]: TRAIN epoch: 4 loss: 0.3266, grad_norm: 0.31535524129867554, lr: 0.000996, time: 0.10s
[INFO]: TRAIN epoch: 4 loss: 0.5774, grad_norm: 0.2799155116081238, lr: 0.000996, time: 0.10s
[INFO]: TRAIN epoch: 4 loss: 0.2601, grad_norm: 0.4156131446361542, lr: 0.000996, time: 0.10s
[INFO]: TRAIN epoch: 4 loss: 0.1521, grad_norm: 0.35775235295295715, lr: 0.000996, time: 0.10s
[INFO]: TRAIN epoch: 4 loss: 0.3133, grad_norm: 0.35173025727272034, lr: 0.000996, time: 0.10s
[INFO]: TRAIN epoch: 4 loss: 0.8844, grad_norm: 0.6383417844772339, lr: 0.000996, time: 0.10s
[INFO]: TRAIN epoch: 4 loss: 0.4259, grad_norm: 0.3976285755634308, lr: 0.000996, time: 0.10s
[INFO]: TRAIN epoch: 4 loss: 0.3115, grad_norm: 0.4525848925113678, lr: 0.000996, time: 0.10s
[INFO]: TRAIN epoch: 4 loss: 0.2797, grad_norm: 0.2646706700325012, lr: 0.000996, time: 0.10s
[INFO]: TRAIN epoch: 4 loss: 0.1564, grad_norm: 0.359825074672699, lr: 0.000996, time: 0.10s
[INFO]: TRAIN epoch: 4 loss: 0.4807, grad_norm: 0.2911403477191925, lr: 0.000996, time: 0.10s
[INFO]: TRAIN epoch: 4 loss: 0.6458, grad_norm: 0.3694985806941986, lr: 0.000996, time: 0.10s
[INFO]: TRAIN epoch: 4 loss: 0.1256, grad_norm: 0.2961331307888031, lr: 0.000996, time: 0.10s
[INFO]: TRAIN epoch: 4 loss: 0.8497, grad_norm: 0.48182860016822815, lr: 0.000996, time: 0.10s
[INFO]: TRAIN epoch: 4 loss: 0.3942, grad_norm: 0.3421710133552551, lr: 0.000996, time: 0.10s
[INFO]: TRAIN epoch: 4 loss: 0.7494, grad_norm: 0.46280938386917114, lr: 0.000996, time: 0.10s
[INFO]: TRAIN epoch: 4 loss: 0.3865, grad_norm: 0.3884841799736023, lr: 0.000996, time: 0.10s
[INFO]: TRAIN epoch: 4 loss: 0.6711, grad_norm: 0.3946394920349121, lr: 0.000996, time: 0.10s
[INFO]: TRAIN epoch: 4 loss: 0.2254, grad_norm: 0.371395468711853, lr: 0.000996, time: 0.10s
[INFO]: TRAIN epoch: 4 loss: 0.2528, grad_norm: 0.4043850302696228, lr: 0.000996, time: 0.10s
[INFO]: TRAIN epoch: 4 loss: 0.1482, grad_norm: 0.28185805678367615, lr: 0.000996, time: 0.10s
[INFO]: TRAIN epoch: 4 loss: 0.4404, grad_norm: 0.283342182636261, lr: 0.000996, time: 0.10s
[INFO]: TRAIN epoch: 4 loss: 0.6668, grad_norm: 0.5326277017593384, lr: 0.000996, time: 0.10s
[INFO]: TRAIN epoch: 4 loss: 0.1719, grad_norm: 0.29182472825050354, lr: 0.000996, time: 0.10s
[INFO]: TRAIN epoch: 4 loss: 0.5140, grad_norm: 0.49825724959373474, lr: 0.000996, time: 0.10s
[INFO]: TRAIN epoch: 4 loss: 0.4520, grad_norm: 0.3914644122123718, lr: 0.000996, time: 0.10s
[INFO]: TRAIN epoch: 4 loss: 0.3247, grad_norm: 0.40960144996643066, lr: 0.000996, time: 0.10s
[INFO]: TRAIN epoch: 4 loss: 0.4655, grad_norm: 0.4644566476345062, lr: 0.000996, time: 0.10s
[INFO]: TRAIN epoch: 4 loss: 0.2759, grad_norm: 0.3052484095096588, lr: 0.000996, time: 0.10s
[INFO]: TRAIN epoch: 4 loss: 0.2040, grad_norm: 0.2885010540485382, lr: 0.000996, time: 0.10s
[INFO]: TRAIN epoch: 4 loss: 0.2545, grad_norm: 0.331625759601593, lr: 0.000996, time: 0.10s
[INFO]: TRAIN epoch: 4 loss: 0.3160, grad_norm: 0.35490652918815613, lr: 0.000996, time: 0.10s
[INFO]: TRAIN epoch: 4 loss: 1.0076, grad_norm: 0.6753572821617126, lr: 0.000996, time: 0.10s
[INFO]: TRAIN epoch: 4 loss: 0.3935, grad_norm: 0.4117772579193115, lr: 0.000996, time: 0.10s
[INFO]: TRAIN epoch: 4 loss: 0.5494, grad_norm: 0.34952569007873535, lr: 0.000996, time: 0.10s
[INFO]: TRAIN epoch: 4 loss: 0.3839, grad_norm: 0.367980033159256, lr: 0.000996, time: 0.10s
[INFO]: TRAIN epoch: 4 loss: 0.2870, grad_norm: 0.4684145450592041, lr: 0.000996, time: 0.10s
[INFO]: TRAIN epoch: 4 loss: 0.1299, grad_norm: 0.34488576650619507, lr: 0.000996, time: 0.10s
[INFO]: TRAIN epoch summary: 4 loss: 0.3853
[INFO]: VALIDATION epoch: 4 loss: 0.3336
[INFO]: TRAIN epoch: 5 loss: 0.2899, grad_norm: 0.2720227539539337, lr: 0.000994, time: 0.10s
[INFO]: TRAIN epoch: 5 loss: 0.7515, grad_norm: 0.42956894636154175, lr: 0.000994, time: 0.11s
[INFO]: TRAIN epoch: 5 loss: 0.3422, grad_norm: 0.3541196286678314, lr: 0.000994, time: 0.10s
[INFO]: TRAIN epoch: 5 loss: 0.6331, grad_norm: 0.39470338821411133, lr: 0.000994, time: 0.10s
[INFO]: TRAIN epoch: 5 loss: 0.2568, grad_norm: 0.31091588735580444, lr: 0.000994, time: 0.10s
[INFO]: TRAIN epoch: 5 loss: 0.5924, grad_norm: 0.4577573537826538, lr: 0.000994, time: 0.10s
[INFO]: TRAIN epoch: 5 loss: 0.1775, grad_norm: 0.3704102635383606, lr: 0.000994, time: 0.10s
[INFO]: TRAIN epoch: 5 loss: 0.1141, grad_norm: 0.271035373210907, lr: 0.000994, time: 0.10s
[INFO]: TRAIN epoch: 5 loss: 0.1932, grad_norm: 0.36791688203811646, lr: 0.000994, time: 0.10s
[INFO]: TRAIN epoch: 5 loss: 0.7678, grad_norm: 0.4654792845249176, lr: 0.000994, time: 0.10s
[INFO]: TRAIN epoch: 5 loss: 0.3653, grad_norm: 0.3476298153400421, lr: 0.000994, time: 0.10s
[INFO]: TRAIN epoch: 5 loss: 0.2740, grad_norm: 0.5448048114776611, lr: 0.000994, time: 0.10s
[INFO]: TRAIN epoch: 5 loss: 0.4682, grad_norm: 0.3599138557910919, lr: 0.000994, time: 0.10s
[INFO]: TRAIN epoch: 5 loss: 0.6966, grad_norm: 0.5200526714324951, lr: 0.000994, time: 0.10s
[INFO]: TRAIN epoch: 5 loss: 0.0844, grad_norm: 0.2149721384048462, lr: 0.000994, time: 0.10s
[INFO]: TRAIN epoch: 5 loss: 0.1924, grad_norm: 0.3474135398864746, lr: 0.000994, time: 0.10s
[INFO]: TRAIN epoch: 5 loss: 0.0978, grad_norm: 0.18939930200576782, lr: 0.000994, time: 0.10s
[INFO]: TRAIN epoch: 5 loss: 0.4323, grad_norm: 0.33832475543022156, lr: 0.000994, time: 0.10s
[INFO]: TRAIN epoch: 5 loss: 0.4126, grad_norm: 0.37892216444015503, lr: 0.000994, time: 0.10s
[INFO]: TRAIN epoch: 5 loss: 0.4017, grad_norm: 0.4982580840587616, lr: 0.000994, time: 0.10s
[INFO]: TRAIN epoch: 5 loss: 0.8394, grad_norm: 0.4950622022151947, lr: 0.000994, time: 0.10s
[INFO]: TRAIN epoch: 5 loss: 0.4417, grad_norm: 0.3474970757961273, lr: 0.000994, time: 0.10s
[INFO]: TRAIN epoch: 5 loss: 0.7560, grad_norm: 0.47203943133354187, lr: 0.000994, time: 0.10s
[INFO]: TRAIN epoch: 5 loss: 0.1494, grad_norm: 0.414669394493103, lr: 0.000994, time: 0.10s
[INFO]: TRAIN epoch: 5 loss: 0.1494, grad_norm: 0.3294651508331299, lr: 0.000994, time: 0.10s
[INFO]: TRAIN epoch: 5 loss: 0.4013, grad_norm: 0.44623932242393494, lr: 0.000994, time: 0.10s
[INFO]: TRAIN epoch: 5 loss: 0.5122, grad_norm: 0.2750706374645233, lr: 0.000994, time: 0.10s
[INFO]: TRAIN epoch: 5 loss: 0.0903, grad_norm: 0.24478191137313843, lr: 0.000994, time: 0.10s
[INFO]: TRAIN epoch: 5 loss: 0.1894, grad_norm: 0.3687642216682434, lr: 0.000994, time: 0.10s
[INFO]: TRAIN epoch: 5 loss: 0.4287, grad_norm: 0.39029768109321594, lr: 0.000994, time: 0.10s
[INFO]: TRAIN epoch: 5 loss: 0.1790, grad_norm: 0.335235595703125, lr: 0.000994, time: 0.10s
[INFO]: TRAIN epoch: 5 loss: 0.4730, grad_norm: 0.3651863634586334, lr: 0.000994, time: 0.10s
[INFO]: TRAIN epoch: 5 loss: 0.4932, grad_norm: 0.3765028119087219, lr: 0.000994, time: 0.10s
[INFO]: TRAIN epoch: 5 loss: 0.5331, grad_norm: 0.5308704376220703, lr: 0.000994, time: 0.10s
[INFO]: TRAIN epoch: 5 loss: 0.5726, grad_norm: 0.36104148626327515, lr: 0.000994, time: 0.10s
[INFO]: TRAIN epoch: 5 loss: 0.2344, grad_norm: 0.44508299231529236, lr: 0.000994, time: 0.10s
[INFO]: TRAIN epoch: 5 loss: 0.5284, grad_norm: 0.30155473947525024, lr: 0.000994, time: 0.10s
[INFO]: TRAIN epoch: 5 loss: 0.0723, grad_norm: 0.2501888573169708, lr: 0.000994, time: 0.10s
[INFO]: TRAIN epoch: 5 loss: 0.2132, grad_norm: 0.42212361097335815, lr: 0.000994, time: 0.10s
[INFO]: TRAIN epoch: 5 loss: 0.1616, grad_norm: 0.3367754817008972, lr: 0.000994, time: 0.10s
[INFO]: TRAIN epoch: 5 loss: 0.5383, grad_norm: 0.9024158716201782, lr: 0.000994, time: 0.10s
[INFO]: TRAIN epoch: 5 loss: 0.2365, grad_norm: 0.3895378112792969, lr: 0.000994, time: 0.10s
[INFO]: TRAIN epoch: 5 loss: 0.2541, grad_norm: 0.3011783957481384, lr: 0.000994, time: 0.10s
[INFO]: TRAIN epoch: 5 loss: 0.5236, grad_norm: 0.4380415976047516, lr: 0.000994, time: 0.10s
[INFO]: TRAIN epoch: 5 loss: 0.6508, grad_norm: 0.6177611947059631, lr: 0.000994, time: 0.10s
[INFO]: TRAIN epoch: 5 loss: 0.5301, grad_norm: 0.44306397438049316, lr: 0.000994, time: 0.10s
[INFO]: TRAIN epoch: 5 loss: 0.1980, grad_norm: 0.4552152156829834, lr: 0.000994, time: 0.10s
[INFO]: TRAIN epoch: 5 loss: 0.6038, grad_norm: 0.3541085422039032, lr: 0.000994, time: 0.10s
[INFO]: TRAIN epoch: 5 loss: 0.5287, grad_norm: 0.42754119634628296, lr: 0.000994, time: 0.10s
[INFO]: TRAIN epoch: 5 loss: 0.4166, grad_norm: 0.36185359954833984, lr: 0.000994, time: 0.10s
[INFO]: TRAIN epoch: 5 loss: 0.4718, grad_norm: 0.3850254416465759, lr: 0.000994, time: 0.10s
[INFO]: TRAIN epoch: 5 loss: 0.5134, grad_norm: 0.37030765414237976, lr: 0.000994, time: 0.10s
[INFO]: TRAIN epoch: 5 loss: 0.4384, grad_norm: 0.3913623094558716, lr: 0.000994, time: 0.10s
[INFO]: TRAIN epoch: 5 loss: 0.1936, grad_norm: 1.1332685947418213, lr: 0.000994, time: 0.10s
[INFO]: TRAIN epoch: 5 loss: 0.4106, grad_norm: 0.358948290348053, lr: 0.000994, time: 0.10s
[INFO]: TRAIN epoch: 5 loss: 0.1776, grad_norm: 0.3663904666900635, lr: 0.000994, time: 0.10s
[INFO]: TRAIN epoch: 5 loss: 0.6951, grad_norm: 0.33925995230674744, lr: 0.000994, time: 0.10s
[INFO]: TRAIN epoch: 5 loss: 0.1512, grad_norm: 0.24996206164360046, lr: 0.000994, time: 0.10s
[INFO]: TRAIN epoch: 5 loss: 0.5603, grad_norm: 0.39583519101142883, lr: 0.000994, time: 0.10s
[INFO]: TRAIN epoch: 5 loss: 0.6524, grad_norm: 0.3145480155944824, lr: 0.000994, time: 0.10s
[INFO]: TRAIN epoch: 5 loss: 0.1923, grad_norm: 0.35247182846069336, lr: 0.000994, time: 0.10s
[INFO]: TRAIN epoch: 5 loss: 0.1511, grad_norm: 0.4380466341972351, lr: 0.000994, time: 0.10s
[INFO]: TRAIN epoch: 5 loss: 0.5194, grad_norm: 0.4584902822971344, lr: 0.000994, time: 0.10s
[INFO]: TRAIN epoch: 5 loss: 0.3542, grad_norm: 0.3933102488517761, lr: 0.000994, time: 0.10s
[INFO]: TRAIN epoch: 5 loss: 0.4404, grad_norm: 0.5098046064376831, lr: 0.000994, time: 0.10s
[INFO]: TRAIN epoch: 5 loss: 0.1538, grad_norm: 0.34624820947647095, lr: 0.000994, time: 0.10s
[INFO]: TRAIN epoch: 5 loss: 0.4311, grad_norm: 0.42527180910110474, lr: 0.000994, time: 0.10s
[INFO]: TRAIN epoch: 5 loss: 0.3046, grad_norm: 0.569814920425415, lr: 0.000994, time: 0.11s
[INFO]: TRAIN epoch: 5 loss: 0.4538, grad_norm: 0.3874358832836151, lr: 0.000994, time: 0.10s
[INFO]: TRAIN epoch: 5 loss: 0.3679, grad_norm: 0.4378965497016907, lr: 0.000994, time: 0.10s
[INFO]: TRAIN epoch: 5 loss: 0.6366, grad_norm: 0.42492201924324036, lr: 0.000994, time: 0.10s
[INFO]: TRAIN epoch: 5 loss: 0.3710, grad_norm: 0.40771153569221497, lr: 0.000994, time: 0.10s
[INFO]: TRAIN epoch: 5 loss: 0.1512, grad_norm: 0.2705846428871155, lr: 0.000994, time: 0.10s
[INFO]: TRAIN epoch: 5 loss: 0.6110, grad_norm: 0.6078953742980957, lr: 0.000994, time: 0.10s
[INFO]: TRAIN epoch: 5 loss: 0.4601, grad_norm: 0.4786072075366974, lr: 0.000994, time: 0.10s
[INFO]: TRAIN epoch: 5 loss: 0.3463, grad_norm: 0.39449673891067505, lr: 0.000994, time: 0.10s
[INFO]: TRAIN epoch: 5 loss: 0.3022, grad_norm: 0.3922823965549469, lr: 0.000994, time: 0.10s
[INFO]: TRAIN epoch: 5 loss: 0.2178, grad_norm: 0.28884491324424744, lr: 0.000994, time: 0.10s
[INFO]: TRAIN epoch: 5 loss: 0.4974, grad_norm: 0.6205914616584778, lr: 0.000994, time: 0.10s
[INFO]: TRAIN epoch: 5 loss: 0.6188, grad_norm: 0.4321594536304474, lr: 0.000994, time: 0.10s
[INFO]: TRAIN epoch: 5 loss: 0.4812, grad_norm: 0.2943970561027527, lr: 0.000994, time: 0.10s
[INFO]: TRAIN epoch: 5 loss: 0.3295, grad_norm: 0.4127252697944641, lr: 0.000994, time: 0.10s
[INFO]: TRAIN epoch: 5 loss: 0.5255, grad_norm: 0.44049397110939026, lr: 0.000994, time: 0.10s
[INFO]: TRAIN epoch: 5 loss: 0.5100, grad_norm: 0.6021102666854858, lr: 0.000994, time: 0.10s
[INFO]: TRAIN epoch: 5 loss: 0.4935, grad_norm: 0.4237578511238098, lr: 0.000994, time: 0.10s
[INFO]: TRAIN epoch: 5 loss: 0.1677, grad_norm: 0.31747373938560486, lr: 0.000994, time: 0.10s
[INFO]: TRAIN epoch: 5 loss: 0.1221, grad_norm: 0.28324568271636963, lr: 0.000994, time: 0.10s
[INFO]: TRAIN epoch: 5 loss: 0.3176, grad_norm: 0.41085299849510193, lr: 0.000994, time: 0.11s
[INFO]: TRAIN epoch: 5 loss: 0.1236, grad_norm: 0.3001275956630707, lr: 0.000994, time: 0.10s
[INFO]: TRAIN epoch: 5 loss: 0.3172, grad_norm: 0.29415664076805115, lr: 0.000994, time: 0.10s
[INFO]: TRAIN epoch: 5 loss: 0.6626, grad_norm: 0.41745543479919434, lr: 0.000994, time: 0.10s
[INFO]: TRAIN epoch: 5 loss: 0.3745, grad_norm: 0.3752352297306061, lr: 0.000994, time: 0.10s
[INFO]: TRAIN epoch: 5 loss: 0.4717, grad_norm: 0.5313676595687866, lr: 0.000994, time: 0.10s
[INFO]: TRAIN epoch: 5 loss: 0.1552, grad_norm: 0.3598408102989197, lr: 0.000994, time: 0.10s
[INFO]: TRAIN epoch: 5 loss: 0.2043, grad_norm: 0.3592957854270935, lr: 0.000994, time: 0.10s
[INFO]: TRAIN epoch: 5 loss: 0.6504, grad_norm: 0.32972872257232666, lr: 0.000994, time: 0.10s
[INFO]: TRAIN epoch: 5 loss: 0.5137, grad_norm: 0.41528043150901794, lr: 0.000994, time: 0.10s
[INFO]: TRAIN epoch: 5 loss: 0.4382, grad_norm: 0.35029757022857666, lr: 0.000994, time: 0.10s
[INFO]: TRAIN epoch: 5 loss: 0.2426, grad_norm: 0.25581932067871094, lr: 0.000994, time: 0.10s
[INFO]: TRAIN epoch: 5 loss: 0.2928, grad_norm: 0.4362986087799072, lr: 0.000994, time: 0.10s
[INFO]: TRAIN epoch: 5 loss: 0.1062, grad_norm: 0.2767806649208069, lr: 0.000994, time: 0.10s
[INFO]: TRAIN epoch: 5 loss: 0.5615, grad_norm: 0.46380192041397095, lr: 0.000994, time: 0.10s
[INFO]: TRAIN epoch: 5 loss: 0.1051, grad_norm: 0.3937438726425171, lr: 0.000994, time: 0.10s
[INFO]: TRAIN epoch: 5 loss: 0.3592, grad_norm: 0.41308119893074036, lr: 0.000994, time: 0.10s
[INFO]: TRAIN epoch: 5 loss: 0.5771, grad_norm: 0.42948195338249207, lr: 0.000994, time: 0.10s
[INFO]: TRAIN epoch: 5 loss: 0.4687, grad_norm: 0.5406298041343689, lr: 0.000994, time: 0.10s
[INFO]: TRAIN epoch: 5 loss: 0.1323, grad_norm: 0.3970935344696045, lr: 0.000994, time: 0.10s
[INFO]: TRAIN epoch: 5 loss: 0.0940, grad_norm: 0.26800018548965454, lr: 0.000994, time: 0.10s
[INFO]: TRAIN epoch: 5 loss: 0.2921, grad_norm: 0.3925744295120239, lr: 0.000994, time: 0.11s
[INFO]: TRAIN epoch: 5 loss: 0.0965, grad_norm: 0.29345715045928955, lr: 0.000994, time: 0.10s
[INFO]: TRAIN epoch: 5 loss: 0.1139, grad_norm: 0.24233689904212952, lr: 0.000994, time: 0.10s
[INFO]: TRAIN epoch: 5 loss: 0.3014, grad_norm: 0.4966101348400116, lr: 0.000994, time: 0.10s
[INFO]: TRAIN epoch: 5 loss: 0.3792, grad_norm: 0.42818599939346313, lr: 0.000994, time: 0.10s
[INFO]: TRAIN epoch: 5 loss: 0.1583, grad_norm: 0.4467190206050873, lr: 0.000994, time: 0.10s
[INFO]: TRAIN epoch: 5 loss: 0.2590, grad_norm: 0.4434519112110138, lr: 0.000994, time: 0.10s
[INFO]: TRAIN epoch: 5 loss: 0.1662, grad_norm: 0.33900657296180725, lr: 0.000994, time: 0.10s
[INFO]: TRAIN epoch: 5 loss: 0.3413, grad_norm: 0.4867810606956482, lr: 0.000994, time: 0.10s
[INFO]: TRAIN epoch: 5 loss: 0.1314, grad_norm: 0.2588236629962921, lr: 0.000994, time: 0.10s
[INFO]: TRAIN epoch: 5 loss: 0.5685, grad_norm: 0.458268404006958, lr: 0.000994, time: 0.10s
[INFO]: TRAIN epoch: 5 loss: 0.4166, grad_norm: 0.5067562460899353, lr: 0.000994, time: 0.10s
[INFO]: TRAIN epoch: 5 loss: 0.3528, grad_norm: 0.4619997441768646, lr: 0.000994, time: 0.10s
[INFO]: TRAIN epoch: 5 loss: 0.2080, grad_norm: 0.37389805912971497, lr: 0.000994, time: 0.10s
[INFO]: TRAIN epoch: 5 loss: 0.4657, grad_norm: 0.6098455786705017, lr: 0.000994, time: 0.10s
[INFO]: TRAIN epoch: 5 loss: 0.5702, grad_norm: 0.46409910917282104, lr: 0.000994, time: 0.10s
[INFO]: TRAIN epoch: 5 loss: 0.1280, grad_norm: 0.28353822231292725, lr: 0.000994, time: 0.10s
[INFO]: TRAIN epoch: 5 loss: 0.1243, grad_norm: 0.26527854800224304, lr: 0.000994, time: 0.10s
[INFO]: TRAIN epoch: 5 loss: 0.7094, grad_norm: 0.4826183319091797, lr: 0.000994, time: 0.10s
[INFO]: TRAIN epoch: 5 loss: 0.4502, grad_norm: 0.2874680161476135, lr: 0.000994, time: 0.25s
[INFO]: TRAIN epoch: 5 loss: 0.3648, grad_norm: 0.5457735061645508, lr: 0.000994, time: 0.10s
[INFO]: TRAIN epoch: 5 loss: 0.3000, grad_norm: 0.4647020101547241, lr: 0.000994, time: 0.10s
[INFO]: TRAIN epoch: 5 loss: 0.1969, grad_norm: 0.3746372163295746, lr: 0.000994, time: 0.10s
[INFO]: TRAIN epoch: 5 loss: 0.1647, grad_norm: 0.33055397868156433, lr: 0.000994, time: 0.10s
[INFO]: TRAIN epoch: 5 loss: 0.1180, grad_norm: 0.24869725108146667, lr: 0.000994, time: 0.10s
[INFO]: TRAIN epoch: 5 loss: 0.2220, grad_norm: 0.29701459407806396, lr: 0.000994, time: 0.10s
[INFO]: TRAIN epoch: 5 loss: 0.4583, grad_norm: 0.4116889536380768, lr: 0.000994, time: 0.10s
[INFO]: TRAIN epoch: 5 loss: 0.5633, grad_norm: 0.39168477058410645, lr: 0.000994, time: 0.10s
[INFO]: TRAIN epoch: 5 loss: 0.1959, grad_norm: 0.4533008933067322, lr: 0.000994, time: 0.10s
[INFO]: TRAIN epoch: 5 loss: 0.1974, grad_norm: 0.4097903370857239, lr: 0.000994, time: 0.10s
[INFO]: TRAIN epoch: 5 loss: 0.1685, grad_norm: 0.2712920904159546, lr: 0.000994, time: 0.10s
[INFO]: TRAIN epoch: 5 loss: 0.4987, grad_norm: 0.457488477230072, lr: 0.000994, time: 0.10s
[INFO]: TRAIN epoch: 5 loss: 0.3807, grad_norm: 0.573401689529419, lr: 0.000994, time: 0.10s
[INFO]: TRAIN epoch: 5 loss: 0.1497, grad_norm: 0.3931802213191986, lr: 0.000994, time: 0.10s
[INFO]: TRAIN epoch: 5 loss: 0.3947, grad_norm: 0.3102107644081116, lr: 0.000994, time: 0.10s
[INFO]: TRAIN epoch: 5 loss: 0.1964, grad_norm: 0.3159478008747101, lr: 0.000994, time: 0.10s
[INFO]: TRAIN epoch: 5 loss: 0.5648, grad_norm: 0.4526674449443817, lr: 0.000994, time: 0.10s
[INFO]: TRAIN epoch: 5 loss: 0.4168, grad_norm: 0.3903931975364685, lr: 0.000994, time: 0.11s
[INFO]: TRAIN epoch: 5 loss: 0.4443, grad_norm: 0.42292165756225586, lr: 0.000994, time: 0.10s
[INFO]: TRAIN epoch: 5 loss: 0.6917, grad_norm: 0.6425315737724304, lr: 0.000994, time: 0.11s
[INFO]: TRAIN epoch: 5 loss: 0.4552, grad_norm: 0.33529341220855713, lr: 0.000994, time: 0.10s
[INFO]: TRAIN epoch: 5 loss: 0.1126, grad_norm: 0.27153798937797546, lr: 0.000994, time: 0.10s
[INFO]: TRAIN epoch: 5 loss: 0.4711, grad_norm: 0.41703230142593384, lr: 0.000994, time: 0.11s
[INFO]: TRAIN epoch: 5 loss: 0.1819, grad_norm: 0.25617891550064087, lr: 0.000994, time: 0.11s
[INFO]: TRAIN epoch: 5 loss: 0.3680, grad_norm: 0.3398555517196655, lr: 0.000994, time: 0.10s
[INFO]: TRAIN epoch: 5 loss: 0.2915, grad_norm: 0.4534268081188202, lr: 0.000994, time: 0.11s
[INFO]: TRAIN epoch: 5 loss: 0.2951, grad_norm: 0.2650367319583893, lr: 0.000994, time: 0.10s
[INFO]: TRAIN epoch: 5 loss: 0.3874, grad_norm: 0.35117119550704956, lr: 0.000994, time: 0.11s
[INFO]: TRAIN epoch: 5 loss: 0.3753, grad_norm: 0.5549590587615967, lr: 0.000994, time: 0.10s
[INFO]: TRAIN epoch: 5 loss: 0.6823, grad_norm: 0.4240760803222656, lr: 0.000994, time: 0.11s
[INFO]: TRAIN epoch: 5 loss: 0.2829, grad_norm: 0.3128352761268616, lr: 0.000994, time: 0.11s
[INFO]: TRAIN epoch: 5 loss: 0.5982, grad_norm: 0.37008801102638245, lr: 0.000994, time: 0.11s
[INFO]: TRAIN epoch: 5 loss: 0.1348, grad_norm: 0.23692631721496582, lr: 0.000994, time: 0.10s
[INFO]: TRAIN epoch: 5 loss: 0.3903, grad_norm: 0.3077378273010254, lr: 0.000994, time: 0.10s
[INFO]: TRAIN epoch: 5 loss: 0.3665, grad_norm: 0.33857598900794983, lr: 0.000994, time: 0.10s
[INFO]: TRAIN epoch: 5 loss: 0.5386, grad_norm: 0.338012158870697, lr: 0.000994, time: 0.10s
[INFO]: TRAIN epoch: 5 loss: 0.1784, grad_norm: 0.2754319906234741, lr: 0.000994, time: 0.10s
[INFO]: TRAIN epoch: 5 loss: 0.4269, grad_norm: 0.42948710918426514, lr: 0.000994, time: 0.11s
[INFO]: TRAIN epoch: 5 loss: 0.2950, grad_norm: 0.42549562454223633, lr: 0.000994, time: 0.10s
[INFO]: TRAIN epoch: 5 loss: 0.4129, grad_norm: 0.3388913869857788, lr: 0.000994, time: 0.10s
[INFO]: TRAIN epoch: 5 loss: 0.1318, grad_norm: 0.33182385563850403, lr: 0.000994, time: 0.10s
[INFO]: TRAIN epoch: 5 loss: 0.5524, grad_norm: 0.311636358499527, lr: 0.000994, time: 0.11s
[INFO]: TRAIN epoch: 5 loss: 0.3989, grad_norm: 0.3237265348434448, lr: 0.000994, time: 0.10s
[INFO]: TRAIN epoch: 5 loss: 0.3567, grad_norm: 0.3882792890071869, lr: 0.000994, time: 0.10s
[INFO]: TRAIN epoch: 5 loss: 0.2488, grad_norm: 0.32406875491142273, lr: 0.000994, time: 0.11s
[INFO]: TRAIN epoch: 5 loss: 0.2576, grad_norm: 0.3176746368408203, lr: 0.000994, time: 0.11s
[INFO]: TRAIN epoch: 5 loss: 0.4924, grad_norm: 0.43098554015159607, lr: 0.000994, time: 0.11s
[INFO]: TRAIN epoch: 5 loss: 0.3639, grad_norm: 0.37572523951530457, lr: 0.000994, time: 0.10s
[INFO]: TRAIN epoch: 5 loss: 0.0887, grad_norm: 0.20108768343925476, lr: 0.000994, time: 0.10s
[INFO]: TRAIN epoch: 5 loss: 0.4579, grad_norm: 0.3328385055065155, lr: 0.000994, time: 0.10s
[INFO]: TRAIN epoch: 5 loss: 0.5037, grad_norm: 0.472159206867218, lr: 0.000994, time: 0.10s
[INFO]: TRAIN epoch: 5 loss: 0.4459, grad_norm: 0.3232541084289551, lr: 0.000994, time: 0.10s
[INFO]: TRAIN epoch: 5 loss: 0.3735, grad_norm: 0.3727489411830902, lr: 0.000994, time: 0.10s
[INFO]: TRAIN epoch: 5 loss: 0.4926, grad_norm: 0.4998575448989868, lr: 0.000994, time: 0.10s
[INFO]: TRAIN epoch: 5 loss: 0.4140, grad_norm: 0.33512547612190247, lr: 0.000994, time: 0.10s
[INFO]: TRAIN epoch: 5 loss: 0.3856, grad_norm: 0.32184475660324097, lr: 0.000994, time: 0.10s
[INFO]: TRAIN epoch: 5 loss: 0.2499, grad_norm: 0.3404137194156647, lr: 0.000994, time: 0.11s
[INFO]: TRAIN epoch: 5 loss: 0.0707, grad_norm: 0.15776579082012177, lr: 0.000994, time: 0.10s
[INFO]: TRAIN epoch: 5 loss: 0.4274, grad_norm: 0.4927486777305603, lr: 0.000994, time: 0.10s
[INFO]: TRAIN epoch: 5 loss: 0.1472, grad_norm: 0.3441093862056732, lr: 0.000994, time: 0.10s
[INFO]: TRAIN epoch: 5 loss: 0.5225, grad_norm: 0.3753487765789032, lr: 0.000994, time: 0.10s
[INFO]: TRAIN epoch: 5 loss: 0.4332, grad_norm: 0.3055928647518158, lr: 0.000994, time: 0.10s
[INFO]: TRAIN epoch: 5 loss: 0.4354, grad_norm: 0.4849553406238556, lr: 0.000994, time: 0.10s
[INFO]: TRAIN epoch: 5 loss: 0.1400, grad_norm: 0.27021098136901855, lr: 0.000994, time: 0.11s
[INFO]: TRAIN epoch: 5 loss: 0.1088, grad_norm: 0.3073388934135437, lr: 0.000994, time: 0.11s
[INFO]: TRAIN epoch: 5 loss: 0.4344, grad_norm: 0.35901954770088196, lr: 0.000994, time: 0.10s
[INFO]: TRAIN epoch: 5 loss: 0.3927, grad_norm: 0.45501917600631714, lr: 0.000994, time: 0.11s
[INFO]: TRAIN epoch: 5 loss: 0.3929, grad_norm: 0.26793232560157776, lr: 0.000994, time: 0.10s
[INFO]: TRAIN epoch: 5 loss: 0.1959, grad_norm: 0.2988578975200653, lr: 0.000994, time: 0.10s
[INFO]: TRAIN epoch: 5 loss: 0.0970, grad_norm: 0.24617314338684082, lr: 0.000994, time: 0.11s
[INFO]: TRAIN epoch: 5 loss: 0.2409, grad_norm: 0.5089170932769775, lr: 0.000994, time: 0.10s
[INFO]: TRAIN epoch: 5 loss: 0.5239, grad_norm: 0.3579680919647217, lr: 0.000994, time: 0.10s
[INFO]: TRAIN epoch: 5 loss: 0.6137, grad_norm: 0.407168447971344, lr: 0.000994, time: 0.11s
[INFO]: TRAIN epoch: 5 loss: 0.2288, grad_norm: 0.33078810572624207, lr: 0.000994, time: 0.10s
[INFO]: TRAIN epoch: 5 loss: 0.6024, grad_norm: 0.3769814968109131, lr: 0.000994, time: 0.10s
[INFO]: TRAIN epoch: 5 loss: 0.3439, grad_norm: 0.37973499298095703, lr: 0.000994, time: 0.10s
[INFO]: TRAIN epoch: 5 loss: 0.4437, grad_norm: 0.5701503753662109, lr: 0.000994, time: 0.11s
[INFO]: TRAIN epoch: 5 loss: 0.3026, grad_norm: 0.430499792098999, lr: 0.000994, time: 0.10s
[INFO]: TRAIN epoch: 5 loss: 0.6827, grad_norm: 0.5560551881790161, lr: 0.000994, time: 0.11s
[INFO]: TRAIN epoch: 5 loss: 0.2350, grad_norm: 0.3714104890823364, lr: 0.000994, time: 0.10s
[INFO]: TRAIN epoch: 5 loss: 0.7246, grad_norm: 0.37676259875297546, lr: 0.000994, time: 0.11s
[INFO]: TRAIN epoch: 5 loss: 0.5893, grad_norm: 0.43885892629623413, lr: 0.000994, time: 0.11s
[INFO]: TRAIN epoch: 5 loss: 0.0989, grad_norm: 0.25523504614830017, lr: 0.000994, time: 0.11s
[INFO]: TRAIN epoch: 5 loss: 0.5998, grad_norm: 0.4585253596305847, lr: 0.000994, time: 0.11s
[INFO]: TRAIN epoch: 5 loss: 0.4203, grad_norm: 0.26243868470191956, lr: 0.000994, time: 0.10s
[INFO]: TRAIN epoch: 5 loss: 0.6070, grad_norm: 0.3319467008113861, lr: 0.000994, time: 0.10s
[INFO]: TRAIN epoch: 5 loss: 0.3737, grad_norm: 0.2676365375518799, lr: 0.000994, time: 0.10s
[INFO]: TRAIN epoch: 5 loss: 0.3573, grad_norm: 0.27192258834838867, lr: 0.000994, time: 0.10s
[INFO]: TRAIN epoch: 5 loss: 0.1339, grad_norm: 0.29111576080322266, lr: 0.000994, time: 0.10s
[INFO]: TRAIN epoch: 5 loss: 0.4378, grad_norm: 0.4312770664691925, lr: 0.000994, time: 0.11s
[INFO]: TRAIN epoch: 5 loss: 0.4260, grad_norm: 0.37507694959640503, lr: 0.000994, time: 0.10s
[INFO]: TRAIN epoch: 5 loss: 0.3726, grad_norm: 0.35398608446121216, lr: 0.000994, time: 0.10s
[INFO]: TRAIN epoch: 5 loss: 0.3626, grad_norm: 0.4067302644252777, lr: 0.000994, time: 0.10s
[INFO]: TRAIN epoch: 5 loss: 0.4436, grad_norm: 0.26235342025756836, lr: 0.000994, time: 0.11s
[INFO]: TRAIN epoch: 5 loss: 0.2485, grad_norm: 0.27697503566741943, lr: 0.000994, time: 0.10s
[INFO]: TRAIN epoch: 5 loss: 0.0712, grad_norm: 0.21149183809757233, lr: 0.000994, time: 0.11s
[INFO]: TRAIN epoch: 5 loss: 0.2061, grad_norm: 0.39032843708992004, lr: 0.000994, time: 0.10s
[INFO]: TRAIN epoch: 5 loss: 0.4589, grad_norm: 0.48142462968826294, lr: 0.000994, time: 0.10s
[INFO]: TRAIN epoch: 5 loss: 0.4859, grad_norm: 0.5077036023139954, lr: 0.000994, time: 0.10s
[INFO]: TRAIN epoch: 5 loss: 0.6013, grad_norm: 0.4582238793373108, lr: 0.000994, time: 0.11s
[INFO]: TRAIN epoch: 5 loss: 0.4539, grad_norm: 0.37558481097221375, lr: 0.000994, time: 0.10s
[INFO]: TRAIN epoch: 5 loss: 0.4526, grad_norm: 0.5256295204162598, lr: 0.000994, time: 0.11s
[INFO]: TRAIN epoch: 5 loss: 0.5863, grad_norm: 0.47941434383392334, lr: 0.000994, time: 0.10s
[INFO]: TRAIN epoch: 5 loss: 0.1366, grad_norm: 0.30201980471611023, lr: 0.000994, time: 0.10s
[INFO]: TRAIN epoch: 5 loss: 0.0951, grad_norm: 0.203996479511261, lr: 0.000994, time: 0.11s
[INFO]: TRAIN epoch: 5 loss: 0.7168, grad_norm: 0.6555438041687012, lr: 0.000994, time: 0.11s
[INFO]: TRAIN epoch: 5 loss: 0.4439, grad_norm: 0.2705284059047699, lr: 0.000994, time: 0.11s
[INFO]: TRAIN epoch: 5 loss: 0.8031, grad_norm: 0.5166270136833191, lr: 0.000994, time: 0.11s
[INFO]: TRAIN epoch: 5 loss: 0.3232, grad_norm: 0.341448575258255, lr: 0.000994, time: 0.11s
[INFO]: TRAIN epoch: 5 loss: 0.2901, grad_norm: 0.34618210792541504, lr: 0.000994, time: 0.10s
[INFO]: TRAIN epoch: 5 loss: 0.6633, grad_norm: 0.49432840943336487, lr: 0.000994, time: 0.10s
[INFO]: TRAIN epoch: 5 loss: 0.4256, grad_norm: 0.3022617697715759, lr: 0.000994, time: 0.10s
[INFO]: TRAIN epoch: 5 loss: 0.6304, grad_norm: 0.27936771512031555, lr: 0.000994, time: 0.10s
[INFO]: TRAIN epoch: 5 loss: 0.2180, grad_norm: 0.44059309363365173, lr: 0.000994, time: 0.10s
[INFO]: TRAIN epoch: 5 loss: 0.9376, grad_norm: 0.3863450884819031, lr: 0.000994, time: 0.11s
[INFO]: TRAIN epoch: 5 loss: 0.3217, grad_norm: 0.2686549127101898, lr: 0.000994, time: 0.11s
[INFO]: TRAIN epoch: 5 loss: 0.1310, grad_norm: 0.3620995283126831, lr: 0.000994, time: 0.11s
[INFO]: TRAIN epoch: 5 loss: 0.4853, grad_norm: 0.4580194056034088, lr: 0.000994, time: 0.10s
[INFO]: TRAIN epoch: 5 loss: 0.2188, grad_norm: 0.25357890129089355, lr: 0.000994, time: 0.10s
[INFO]: TRAIN epoch: 5 loss: 0.2176, grad_norm: 0.24878105521202087, lr: 0.000994, time: 0.11s
[INFO]: TRAIN epoch: 5 loss: 0.2854, grad_norm: 0.34641239047050476, lr: 0.000994, time: 0.10s
[INFO]: TRAIN epoch: 5 loss: 0.3447, grad_norm: 0.5003554821014404, lr: 0.000994, time: 0.10s
[INFO]: TRAIN epoch: 5 loss: 0.5152, grad_norm: 0.38679561018943787, lr: 0.000994, time: 0.10s
[INFO]: TRAIN epoch: 5 loss: 0.3769, grad_norm: 0.35626959800720215, lr: 0.000994, time: 0.11s
[INFO]: TRAIN epoch: 5 loss: 0.5360, grad_norm: 0.348006933927536, lr: 0.000994, time: 0.10s
[INFO]: TRAIN epoch: 5 loss: 0.4524, grad_norm: 0.3144960403442383, lr: 0.000994, time: 0.10s
[INFO]: TRAIN epoch: 5 loss: 0.4237, grad_norm: 0.3518844246864319, lr: 0.000994, time: 0.10s
[INFO]: TRAIN epoch: 5 loss: 0.4034, grad_norm: 0.4821995198726654, lr: 0.000994, time: 0.11s
[INFO]: TRAIN epoch: 5 loss: 0.5543, grad_norm: 0.49099063873291016, lr: 0.000994, time: 0.10s
[INFO]: TRAIN epoch: 5 loss: 0.3403, grad_norm: 0.368525892496109, lr: 0.000994, time: 0.10s
[INFO]: TRAIN epoch: 5 loss: 0.2724, grad_norm: 0.3465091586112976, lr: 0.000994, time: 0.11s
[INFO]: TRAIN epoch: 5 loss: 0.1844, grad_norm: 0.3620368540287018, lr: 0.000994, time: 0.10s
[INFO]: TRAIN epoch: 5 loss: 0.5083, grad_norm: 0.33559852838516235, lr: 0.000994, time: 0.10s
[INFO]: TRAIN epoch: 5 loss: 0.5050, grad_norm: 0.555896520614624, lr: 0.000994, time: 0.10s
[INFO]: TRAIN epoch: 5 loss: 0.3825, grad_norm: 0.32919445633888245, lr: 0.000994, time: 0.11s
[INFO]: TRAIN epoch: 5 loss: 0.3564, grad_norm: 0.4107263386249542, lr: 0.000994, time: 0.11s
[INFO]: TRAIN epoch: 5 loss: 0.4009, grad_norm: 0.30292433500289917, lr: 0.000994, time: 0.10s
[INFO]: TRAIN epoch: 5 loss: 0.2091, grad_norm: 0.4223017394542694, lr: 0.000994, time: 0.10s
[INFO]: TRAIN epoch: 5 loss: 0.4092, grad_norm: 0.33884745836257935, lr: 0.000994, time: 0.10s
[INFO]: TRAIN epoch: 5 loss: 0.2084, grad_norm: 0.3206094801425934, lr: 0.000994, time: 0.10s
[INFO]: TRAIN epoch: 5 loss: 0.2511, grad_norm: 0.3137965202331543, lr: 0.000994, time: 0.10s
[INFO]: TRAIN epoch: 5 loss: 0.5212, grad_norm: 0.6300609707832336, lr: 0.000994, time: 0.10s
[INFO]: TRAIN epoch: 5 loss: 0.2014, grad_norm: 0.31932225823402405, lr: 0.000994, time: 0.11s
[INFO]: TRAIN epoch: 5 loss: 0.3823, grad_norm: 0.3944571912288666, lr: 0.000994, time: 0.10s
[INFO]: TRAIN epoch: 5 loss: 0.1706, grad_norm: 0.35484713315963745, lr: 0.000994, time: 0.10s
[INFO]: TRAIN epoch: 5 loss: 0.2522, grad_norm: 0.3271452784538269, lr: 0.000994, time: 0.10s
[INFO]: TRAIN epoch: 5 loss: 0.5360, grad_norm: 0.343257874250412, lr: 0.000994, time: 0.10s
[INFO]: TRAIN epoch: 5 loss: 0.5055, grad_norm: 0.4998610019683838, lr: 0.000994, time: 0.11s
[INFO]: TRAIN epoch: 5 loss: 0.1230, grad_norm: 0.34534120559692383, lr: 0.000994, time: 0.11s
[INFO]: TRAIN epoch: 5 loss: 0.9305, grad_norm: 0.5133481025695801, lr: 0.000994, time: 0.10s
[INFO]: TRAIN epoch: 5 loss: 0.3475, grad_norm: 0.4031792879104614, lr: 0.000994, time: 0.10s
[INFO]: TRAIN epoch: 5 loss: 0.5748, grad_norm: 0.4153328537940979, lr: 0.000994, time: 0.10s
[INFO]: TRAIN epoch: 5 loss: 0.1013, grad_norm: 0.21986791491508484, lr: 0.000994, time: 0.10s
[INFO]: TRAIN epoch: 5 loss: 0.2212, grad_norm: 0.39214223623275757, lr: 0.000994, time: 0.11s
[INFO]: TRAIN epoch: 5 loss: 0.3840, grad_norm: 0.48238858580589294, lr: 0.000994, time: 0.11s
[INFO]: TRAIN epoch: 5 loss: 0.2005, grad_norm: 0.3658597469329834, lr: 0.000994, time: 0.10s
[INFO]: TRAIN epoch: 5 loss: 0.4133, grad_norm: 0.4083835184574127, lr: 0.000994, time: 0.10s
[INFO]: TRAIN epoch: 5 loss: 0.4609, grad_norm: 0.3709925711154938, lr: 0.000994, time: 0.11s
[INFO]: TRAIN epoch: 5 loss: 0.2960, grad_norm: 0.4414583146572113, lr: 0.000994, time: 0.11s
[INFO]: TRAIN epoch: 5 loss: 0.4506, grad_norm: 0.3797367215156555, lr: 0.000994, time: 0.10s
[INFO]: TRAIN epoch: 5 loss: 0.0884, grad_norm: 0.233100026845932, lr: 0.000994, time: 0.10s
[INFO]: TRAIN epoch: 5 loss: 0.2639, grad_norm: 0.433234840631485, lr: 0.000994, time: 0.11s
[INFO]: TRAIN epoch: 5 loss: 0.6845, grad_norm: 0.574298083782196, lr: 0.000994, time: 0.10s
[INFO]: TRAIN epoch: 5 loss: 0.5390, grad_norm: 0.49643534421920776, lr: 0.000994, time: 0.10s
[INFO]: TRAIN epoch: 5 loss: 0.2125, grad_norm: 0.2924984395503998, lr: 0.000994, time: 0.11s
[INFO]: TRAIN epoch: 5 loss: 0.1777, grad_norm: 0.32035598158836365, lr: 0.000994, time: 0.10s
[INFO]: TRAIN epoch: 5 loss: 0.1122, grad_norm: 0.26749852299690247, lr: 0.000994, time: 0.10s
[INFO]: TRAIN epoch: 5 loss: 0.2149, grad_norm: 0.46272504329681396, lr: 0.000994, time: 0.10s
[INFO]: TRAIN epoch: 5 loss: 0.5416, grad_norm: 0.4161188006401062, lr: 0.000994, time: 0.11s
[INFO]: TRAIN epoch: 5 loss: 0.7407, grad_norm: 0.5224298238754272, lr: 0.000994, time: 0.11s
[INFO]: TRAIN epoch: 5 loss: 0.4059, grad_norm: 0.4146237373352051, lr: 0.000994, time: 0.10s
[INFO]: TRAIN epoch: 5 loss: 0.3059, grad_norm: 0.38883835077285767, lr: 0.000994, time: 0.11s
[INFO]: TRAIN epoch: 5 loss: 0.2800, grad_norm: 0.2550123929977417, lr: 0.000994, time: 0.11s
[INFO]: TRAIN epoch: 5 loss: 0.4281, grad_norm: 0.389600545167923, lr: 0.000994, time: 0.10s
[INFO]: TRAIN epoch: 5 loss: 0.5140, grad_norm: 0.39248642325401306, lr: 0.000994, time: 0.10s
[INFO]: TRAIN epoch: 5 loss: 0.5210, grad_norm: 0.44570761919021606, lr: 0.000994, time: 0.11s
[INFO]: TRAIN epoch: 5 loss: 0.4505, grad_norm: 0.39421209692955017, lr: 0.000994, time: 0.10s
[INFO]: TRAIN epoch: 5 loss: 0.2523, grad_norm: 0.3221692442893982, lr: 0.000994, time: 0.10s
[INFO]: TRAIN epoch: 5 loss: 0.1832, grad_norm: 0.461028516292572, lr: 0.000994, time: 0.10s
[INFO]: TRAIN epoch: 5 loss: 0.5865, grad_norm: 0.6608657240867615, lr: 0.000994, time: 0.10s
[INFO]: TRAIN epoch: 5 loss: 0.3734, grad_norm: 0.34598085284233093, lr: 0.000994, time: 0.11s
[INFO]: TRAIN epoch: 5 loss: 0.2147, grad_norm: 0.3222309947013855, lr: 0.000994, time: 0.10s
[INFO]: TRAIN epoch: 5 loss: 0.4962, grad_norm: 0.4288710653781891, lr: 0.000994, time: 0.10s
[INFO]: TRAIN epoch: 5 loss: 0.4849, grad_norm: 0.4105454683303833, lr: 0.000994, time: 0.10s
[INFO]: TRAIN epoch: 5 loss: 0.4294, grad_norm: 0.34369510412216187, lr: 0.000994, time: 0.10s
[INFO]: TRAIN epoch: 5 loss: 0.3739, grad_norm: 0.32446566224098206, lr: 0.000994, time: 0.11s
[INFO]: TRAIN epoch: 5 loss: 0.1098, grad_norm: 0.2815868854522705, lr: 0.000994, time: 0.10s
[INFO]: TRAIN epoch: 5 loss: 0.3920, grad_norm: 0.399948388338089, lr: 0.000994, time: 0.11s
[INFO]: TRAIN epoch: 5 loss: 0.4000, grad_norm: 0.3849635422229767, lr: 0.000994, time: 0.10s
[INFO]: TRAIN epoch: 5 loss: 0.1270, grad_norm: 0.22384995222091675, lr: 0.000994, time: 0.10s
[INFO]: TRAIN epoch: 5 loss: 0.4828, grad_norm: 0.4043077826499939, lr: 0.000994, time: 0.10s
[INFO]: TRAIN epoch: 5 loss: 0.5249, grad_norm: 0.34553006291389465, lr: 0.000994, time: 0.11s
[INFO]: TRAIN epoch: 5 loss: 0.5041, grad_norm: 0.3874560296535492, lr: 0.000994, time: 0.10s
[INFO]: TRAIN epoch: 5 loss: 0.4185, grad_norm: 0.34602123498916626, lr: 0.000994, time: 0.10s
[INFO]: TRAIN epoch: 5 loss: 0.6138, grad_norm: 0.46485981345176697, lr: 0.000994, time: 0.11s
[INFO]: TRAIN epoch: 5 loss: 0.3883, grad_norm: 0.3552355170249939, lr: 0.000994, time: 0.11s
[INFO]: TRAIN epoch: 5 loss: 0.3883, grad_norm: 0.39235439896583557, lr: 0.000994, time: 0.10s
[INFO]: TRAIN epoch: 5 loss: 0.2486, grad_norm: 0.4185986816883087, lr: 0.000994, time: 0.11s
[INFO]: TRAIN epoch: 5 loss: 0.2319, grad_norm: 0.40596485137939453, lr: 0.000994, time: 0.11s
[INFO]: TRAIN epoch: 5 loss: 0.2411, grad_norm: 0.477184534072876, lr: 0.000994, time: 0.11s
[INFO]: TRAIN epoch: 5 loss: 0.4398, grad_norm: 0.4622456431388855, lr: 0.000994, time: 0.10s
[INFO]: TRAIN epoch: 5 loss: 0.1337, grad_norm: 0.30819079279899597, lr: 0.000994, time: 0.10s
[INFO]: TRAIN epoch: 5 loss: 0.2315, grad_norm: 0.25549113750457764, lr: 0.000994, time: 0.11s
[INFO]: TRAIN epoch: 5 loss: 0.3999, grad_norm: 0.29814979434013367, lr: 0.000994, time: 0.10s
[INFO]: TRAIN epoch: 5 loss: 0.1911, grad_norm: 0.3419334888458252, lr: 0.000994, time: 0.11s
[INFO]: TRAIN epoch: 5 loss: 0.5369, grad_norm: 0.3857070803642273, lr: 0.000994, time: 0.11s
[INFO]: TRAIN epoch: 5 loss: 0.2010, grad_norm: 0.3512794077396393, lr: 0.000994, time: 0.10s
[INFO]: TRAIN epoch: 5 loss: 0.2326, grad_norm: 0.29710736870765686, lr: 0.000994, time: 0.11s
[INFO]: TRAIN epoch: 5 loss: 0.4276, grad_norm: 0.3929985463619232, lr: 0.000994, time: 0.10s
[INFO]: TRAIN epoch: 5 loss: 0.1605, grad_norm: 0.2965305745601654, lr: 0.000994, time: 0.11s
[INFO]: TRAIN epoch: 5 loss: 0.2456, grad_norm: 0.43074822425842285, lr: 0.000994, time: 0.11s
[INFO]: TRAIN epoch: 5 loss: 0.4467, grad_norm: 0.34098026156425476, lr: 0.000994, time: 0.10s
[INFO]: TRAIN epoch: 5 loss: 0.1113, grad_norm: 0.21717111766338348, lr: 0.000994, time: 0.10s
[INFO]: TRAIN epoch: 5 loss: 0.1781, grad_norm: 0.4050717353820801, lr: 0.000994, time: 0.11s
[INFO]: TRAIN epoch: 5 loss: 0.2070, grad_norm: 0.22313472628593445, lr: 0.000994, time: 0.11s
[INFO]: TRAIN epoch: 5 loss: 0.2273, grad_norm: 0.3491798937320709, lr: 0.000994, time: 0.11s
[INFO]: TRAIN epoch: 5 loss: 0.4277, grad_norm: 0.3770372271537781, lr: 0.000994, time: 0.11s
[INFO]: TRAIN epoch: 5 loss: 0.3352, grad_norm: 0.42707550525665283, lr: 0.000994, time: 0.11s
[INFO]: TRAIN epoch: 5 loss: 0.4095, grad_norm: 0.5616044998168945, lr: 0.000994, time: 0.11s
[INFO]: TRAIN epoch: 5 loss: 0.2597, grad_norm: 0.4076916575431824, lr: 0.000994, time: 0.10s
[INFO]: TRAIN epoch: 5 loss: 0.3836, grad_norm: 0.35506027936935425, lr: 0.000994, time: 0.10s
[INFO]: TRAIN epoch: 5 loss: 0.0821, grad_norm: 0.20638243854045868, lr: 0.000994, time: 0.11s
[INFO]: TRAIN epoch: 5 loss: 0.3052, grad_norm: 0.4088493883609772, lr: 0.000994, time: 0.11s
[INFO]: TRAIN epoch: 5 loss: 0.4137, grad_norm: 0.35258710384368896, lr: 0.000994, time: 0.10s
[INFO]: TRAIN epoch: 5 loss: 0.3947, grad_norm: 0.39501678943634033, lr: 0.000994, time: 0.10s
[INFO]: TRAIN epoch: 5 loss: 0.5781, grad_norm: 0.40924274921417236, lr: 0.000994, time: 0.10s
[INFO]: TRAIN epoch: 5 loss: 0.0906, grad_norm: 0.20356348156929016, lr: 0.000994, time: 0.10s
[INFO]: TRAIN epoch: 5 loss: 0.2651, grad_norm: 0.4146798551082611, lr: 0.000994, time: 0.10s
[INFO]: TRAIN epoch: 5 loss: 0.0812, grad_norm: 0.17120052874088287, lr: 0.000994, time: 0.11s
[INFO]: TRAIN epoch: 5 loss: 0.0918, grad_norm: 0.1975443959236145, lr: 0.000994, time: 0.11s
[INFO]: TRAIN epoch: 5 loss: 0.4972, grad_norm: 0.4943048059940338, lr: 0.000994, time: 0.10s
[INFO]: TRAIN epoch: 5 loss: 1.0068, grad_norm: 0.7379599213600159, lr: 0.000994, time: 0.11s
[INFO]: TRAIN epoch: 5 loss: 0.0815, grad_norm: 0.14082521200180054, lr: 0.000994, time: 0.11s
[INFO]: TRAIN epoch: 5 loss: 0.1623, grad_norm: 0.4087335467338562, lr: 0.000994, time: 0.10s
[INFO]: TRAIN epoch: 5 loss: 0.4702, grad_norm: 0.5078449249267578, lr: 0.000994, time: 0.10s
[INFO]: TRAIN epoch: 5 loss: 0.2885, grad_norm: 0.35575026273727417, lr: 0.000994, time: 0.11s
[INFO]: TRAIN epoch: 5 loss: 0.2016, grad_norm: 0.39273691177368164, lr: 0.000994, time: 0.10s
[INFO]: TRAIN epoch: 5 loss: 0.2012, grad_norm: 0.3761661648750305, lr: 0.000994, time: 0.10s
[INFO]: TRAIN epoch: 5 loss: 0.1622, grad_norm: 0.22935901582241058, lr: 0.000994, time: 0.11s
[INFO]: TRAIN epoch: 5 loss: 0.1431, grad_norm: 0.2801436483860016, lr: 0.000994, time: 0.11s
[INFO]: TRAIN epoch: 5 loss: 0.2699, grad_norm: 0.32443511486053467, lr: 0.000994, time: 0.11s
[INFO]: TRAIN epoch: 5 loss: 0.2287, grad_norm: 0.334459125995636, lr: 0.000994, time: 0.11s
[INFO]: TRAIN epoch: 5 loss: 0.3936, grad_norm: 0.43051981925964355, lr: 0.000994, time: 0.10s
[INFO]: TRAIN epoch: 5 loss: 0.3944, grad_norm: 0.45805203914642334, lr: 0.000994, time: 0.10s
[INFO]: TRAIN epoch: 5 loss: 0.3715, grad_norm: 0.4350861608982086, lr: 0.000994, time: 0.10s
[INFO]: TRAIN epoch: 5 loss: 0.1082, grad_norm: 0.2721930742263794, lr: 0.000994, time: 0.10s
[INFO]: TRAIN epoch: 5 loss: 0.7735, grad_norm: 0.458425372838974, lr: 0.000994, time: 0.11s
[INFO]: TRAIN epoch: 5 loss: 0.2017, grad_norm: 0.4689236283302307, lr: 0.000994, time: 0.10s
[INFO]: TRAIN epoch: 5 loss: 0.5708, grad_norm: 0.4373722970485687, lr: 0.000994, time: 0.10s
[INFO]: TRAIN epoch: 5 loss: 0.2549, grad_norm: 0.3731704354286194, lr: 0.000994, time: 0.10s
[INFO]: TRAIN epoch: 5 loss: 0.2419, grad_norm: 0.42474478483200073, lr: 0.000994, time: 0.11s
[INFO]: TRAIN epoch: 5 loss: 0.1681, grad_norm: 0.34093570709228516, lr: 0.000994, time: 0.11s
[INFO]: TRAIN epoch: 5 loss: 0.6724, grad_norm: 0.4543520510196686, lr: 0.000994, time: 0.11s
[INFO]: TRAIN epoch: 5 loss: 0.3550, grad_norm: 0.37512722611427307, lr: 0.000994, time: 0.11s
[INFO]: TRAIN epoch: 5 loss: 0.1691, grad_norm: 0.2759401500225067, lr: 0.000994, time: 0.10s
[INFO]: TRAIN epoch: 5 loss: 0.5504, grad_norm: 0.5012094974517822, lr: 0.000994, time: 0.10s
[INFO]: TRAIN epoch: 5 loss: 0.4273, grad_norm: 0.32840365171432495, lr: 0.000994, time: 0.10s
[INFO]: TRAIN epoch: 5 loss: 0.5001, grad_norm: 0.3644486665725708, lr: 0.000994, time: 0.10s
[INFO]: TRAIN epoch: 5 loss: 0.3102, grad_norm: 0.38479191064834595, lr: 0.000994, time: 0.11s
[INFO]: TRAIN epoch: 5 loss: 0.0982, grad_norm: 0.2534351348876953, lr: 0.000994, time: 0.10s
[INFO]: TRAIN epoch: 5 loss: 0.5112, grad_norm: 0.382872074842453, lr: 0.000994, time: 0.10s
[INFO]: TRAIN epoch: 5 loss: 0.1972, grad_norm: 0.3087899386882782, lr: 0.000994, time: 0.11s
[INFO]: TRAIN epoch: 5 loss: 0.2044, grad_norm: 0.33750665187835693, lr: 0.000994, time: 0.10s
[INFO]: TRAIN epoch: 5 loss: 0.2191, grad_norm: 0.33050867915153503, lr: 0.000994, time: 0.11s
[INFO]: TRAIN epoch: 5 loss: 0.1721, grad_norm: 0.30475053191185, lr: 0.000994, time: 0.10s
[INFO]: TRAIN epoch: 5 loss: 0.3219, grad_norm: 0.2554130554199219, lr: 0.000994, time: 0.10s
[INFO]: TRAIN epoch: 5 loss: 0.3210, grad_norm: 0.4345163404941559, lr: 0.000994, time: 0.11s
[INFO]: TRAIN epoch: 5 loss: 0.1964, grad_norm: 0.26426392793655396, lr: 0.000994, time: 0.10s
[INFO]: TRAIN epoch: 5 loss: 0.6111, grad_norm: 0.40446019172668457, lr: 0.000994, time: 0.10s
[INFO]: TRAIN epoch: 5 loss: 0.8362, grad_norm: 0.38598185777664185, lr: 0.000994, time: 0.10s
[INFO]: TRAIN epoch: 5 loss: 0.1375, grad_norm: 0.2623172402381897, lr: 0.000994, time: 0.10s
[INFO]: TRAIN epoch: 5 loss: 0.4118, grad_norm: 0.3526895344257355, lr: 0.000994, time: 0.10s
[INFO]: TRAIN epoch: 5 loss: 0.4358, grad_norm: 0.34858065843582153, lr: 0.000994, time: 0.10s
[INFO]: TRAIN epoch: 5 loss: 0.2272, grad_norm: 0.4127746522426605, lr: 0.000994, time: 0.11s
[INFO]: TRAIN epoch: 5 loss: 0.4878, grad_norm: 0.47221672534942627, lr: 0.000994, time: 0.11s
[INFO]: TRAIN epoch: 5 loss: 0.6305, grad_norm: 0.547576367855072, lr: 0.000994, time: 0.10s
[INFO]: TRAIN epoch: 5 loss: 0.4025, grad_norm: 0.32487836480140686, lr: 0.000994, time: 0.10s
[INFO]: TRAIN epoch: 5 loss: 0.5289, grad_norm: 0.5050683617591858, lr: 0.000994, time: 0.11s
[INFO]: TRAIN epoch: 5 loss: 0.3617, grad_norm: 0.3630530834197998, lr: 0.000994, time: 0.10s
[INFO]: TRAIN epoch: 5 loss: 0.4682, grad_norm: 0.320051908493042, lr: 0.000994, time: 0.10s
[INFO]: TRAIN epoch: 5 loss: 0.7879, grad_norm: 0.3866947591304779, lr: 0.000994, time: 0.11s
[INFO]: TRAIN epoch: 5 loss: 0.2413, grad_norm: 0.3854658305644989, lr: 0.000994, time: 0.10s
[INFO]: TRAIN epoch: 5 loss: 0.2022, grad_norm: 0.3291429281234741, lr: 0.000994, time: 0.10s
[INFO]: TRAIN epoch: 5 loss: 0.5196, grad_norm: 0.48723697662353516, lr: 0.000994, time: 0.11s
[INFO]: TRAIN epoch: 5 loss: 0.1727, grad_norm: 0.3477851152420044, lr: 0.000994, time: 0.10s
[INFO]: TRAIN epoch: 5 loss: 0.4697, grad_norm: 0.47332504391670227, lr: 0.000994, time: 0.10s
[INFO]: TRAIN epoch: 5 loss: 0.1147, grad_norm: 0.2679062485694885, lr: 0.000994, time: 0.10s
[INFO]: TRAIN epoch: 5 loss: 0.4082, grad_norm: 0.4225444495677948, lr: 0.000994, time: 0.11s
[INFO]: TRAIN epoch: 5 loss: 0.4015, grad_norm: 0.4154718518257141, lr: 0.000994, time: 0.11s
[INFO]: TRAIN epoch: 5 loss: 0.5433, grad_norm: 0.3446812927722931, lr: 0.000994, time: 0.11s
[INFO]: TRAIN epoch: 5 loss: 0.5724, grad_norm: 0.4977813959121704, lr: 0.000994, time: 0.10s
[INFO]: TRAIN epoch: 5 loss: 0.4381, grad_norm: 0.4417375922203064, lr: 0.000994, time: 0.10s
[INFO]: TRAIN epoch: 5 loss: 0.1171, grad_norm: 0.28288841247558594, lr: 0.000994, time: 0.10s
[INFO]: TRAIN epoch: 5 loss: 0.3353, grad_norm: 0.4632517397403717, lr: 0.000994, time: 0.10s
[INFO]: TRAIN epoch: 5 loss: 0.4836, grad_norm: 0.31695687770843506, lr: 0.000994, time: 0.10s
[INFO]: TRAIN epoch: 5 loss: 0.1498, grad_norm: 0.2773711383342743, lr: 0.000994, time: 0.10s
[INFO]: TRAIN epoch: 5 loss: 0.3924, grad_norm: 0.312762975692749, lr: 0.000994, time: 0.10s
[INFO]: TRAIN epoch: 5 loss: 0.1309, grad_norm: 0.22722621262073517, lr: 0.000994, time: 0.10s
[INFO]: TRAIN epoch: 5 loss: 0.1324, grad_norm: 0.3104516267776489, lr: 0.000994, time: 0.10s
[INFO]: TRAIN epoch: 5 loss: 0.3224, grad_norm: 0.38243043422698975, lr: 0.000994, time: 0.11s
[INFO]: TRAIN epoch: 5 loss: 0.1671, grad_norm: 0.3109899163246155, lr: 0.000994, time: 0.10s
[INFO]: TRAIN epoch: 5 loss: 0.1324, grad_norm: 0.3658389449119568, lr: 0.000994, time: 0.10s
[INFO]: TRAIN epoch: 5 loss: 0.3870, grad_norm: 0.4937821626663208, lr: 0.000994, time: 0.11s
[INFO]: TRAIN epoch: 5 loss: 0.3178, grad_norm: 0.351602703332901, lr: 0.000994, time: 0.10s
[INFO]: TRAIN epoch: 5 loss: 0.4068, grad_norm: 0.3673930764198303, lr: 0.000994, time: 0.10s
[INFO]: TRAIN epoch: 5 loss: 0.3189, grad_norm: 0.3196018636226654, lr: 0.000994, time: 0.10s
[INFO]: TRAIN epoch: 5 loss: 0.2155, grad_norm: 0.30360594391822815, lr: 0.000994, time: 0.11s
[INFO]: TRAIN epoch: 5 loss: 0.3785, grad_norm: 0.3594169020652771, lr: 0.000994, time: 0.10s
[INFO]: TRAIN epoch: 5 loss: 0.1008, grad_norm: 0.29279395937919617, lr: 0.000994, time: 0.10s
[INFO]: TRAIN epoch: 5 loss: 0.1862, grad_norm: 0.3142246603965759, lr: 0.000994, time: 0.10s
[INFO]: TRAIN epoch: 5 loss: 0.3983, grad_norm: 0.39372411370277405, lr: 0.000994, time: 0.11s
[INFO]: TRAIN epoch: 5 loss: 0.3493, grad_norm: 0.32894036173820496, lr: 0.000994, time: 0.10s
[INFO]: TRAIN epoch: 5 loss: 0.1530, grad_norm: 0.40996241569519043, lr: 0.000994, time: 0.10s
[INFO]: TRAIN epoch: 5 loss: 0.1372, grad_norm: 0.310671329498291, lr: 0.000994, time: 0.10s
[INFO]: TRAIN epoch: 5 loss: 0.1033, grad_norm: 0.23275971412658691, lr: 0.000994, time: 0.10s
[INFO]: TRAIN epoch: 5 loss: 0.4751, grad_norm: 0.4602530896663666, lr: 0.000994, time: 0.10s
[INFO]: TRAIN epoch: 5 loss: 0.4358, grad_norm: 0.4189150631427765, lr: 0.000994, time: 0.10s
[INFO]: TRAIN epoch: 5 loss: 0.0866, grad_norm: 0.22598481178283691, lr: 0.000994, time: 0.10s
[INFO]: TRAIN epoch: 5 loss: 0.2926, grad_norm: 0.3501509726047516, lr: 0.000994, time: 0.11s
[INFO]: TRAIN epoch: 5 loss: 0.1025, grad_norm: 0.21484999358654022, lr: 0.000994, time: 0.10s
[INFO]: TRAIN epoch: 5 loss: 0.1892, grad_norm: 0.2614544630050659, lr: 0.000994, time: 0.10s
[INFO]: TRAIN epoch: 5 loss: 0.2228, grad_norm: 0.33142372965812683, lr: 0.000994, time: 0.11s
[INFO]: TRAIN epoch summary: 5 loss: 0.3576
[INFO]: VALIDATION epoch: 5 loss: 0.3300
[INFO]: TRAIN epoch: 6 loss: 0.1546, grad_norm: 0.25065115094184875, lr: 0.000991, time: 0.12s
[INFO]: TRAIN epoch: 6 loss: 0.1290, grad_norm: 0.2870214283466339, lr: 0.000991, time: 0.10s
[INFO]: TRAIN epoch: 6 loss: 0.1405, grad_norm: 0.2764476239681244, lr: 0.000991, time: 0.10s
[INFO]: TRAIN epoch: 6 loss: 0.4314, grad_norm: 0.3329390287399292, lr: 0.000991, time: 0.11s
[INFO]: TRAIN epoch: 6 loss: 0.2293, grad_norm: 0.4484618902206421, lr: 0.000991, time: 0.10s
[INFO]: TRAIN epoch: 6 loss: 0.0682, grad_norm: 0.20350724458694458, lr: 0.000991, time: 0.10s
[INFO]: TRAIN epoch: 6 loss: 0.4217, grad_norm: 0.3906887173652649, lr: 0.000991, time: 0.10s
[INFO]: TRAIN epoch: 6 loss: 0.7172, grad_norm: 0.37249261140823364, lr: 0.000991, time: 0.11s
[INFO]: TRAIN epoch: 6 loss: 0.3583, grad_norm: 0.4719315767288208, lr: 0.000991, time: 0.10s
[INFO]: TRAIN epoch: 6 loss: 0.1696, grad_norm: 0.27887415885925293, lr: 0.000991, time: 0.11s
[INFO]: TRAIN epoch: 6 loss: 0.0769, grad_norm: 0.22098836302757263, lr: 0.000991, time: 0.10s
[INFO]: TRAIN epoch: 6 loss: 0.0697, grad_norm: 0.1971113383769989, lr: 0.000991, time: 0.11s
[INFO]: TRAIN epoch: 6 loss: 0.6704, grad_norm: 0.5691605806350708, lr: 0.000991, time: 0.11s
[INFO]: TRAIN epoch: 6 loss: 0.5897, grad_norm: 0.4140872359275818, lr: 0.000991, time: 0.11s
[INFO]: TRAIN epoch: 6 loss: 0.5302, grad_norm: 0.36174625158309937, lr: 0.000991, time: 0.10s
[INFO]: TRAIN epoch: 6 loss: 0.3520, grad_norm: 0.2955581545829773, lr: 0.000991, time: 0.10s
[INFO]: TRAIN epoch: 6 loss: 0.3223, grad_norm: 0.30220988392829895, lr: 0.000991, time: 0.10s
[INFO]: TRAIN epoch: 6 loss: 0.2682, grad_norm: 0.4063076376914978, lr: 0.000991, time: 0.10s
[INFO]: TRAIN epoch: 6 loss: 0.3134, grad_norm: 0.38131818175315857, lr: 0.000991, time: 0.10s
[INFO]: TRAIN epoch: 6 loss: 0.1481, grad_norm: 0.2622734010219574, lr: 0.000991, time: 0.10s
[INFO]: TRAIN epoch: 6 loss: 0.1754, grad_norm: 0.24037805199623108, lr: 0.000991, time: 0.11s
[INFO]: TRAIN epoch: 6 loss: 0.1556, grad_norm: 0.39734792709350586, lr: 0.000991, time: 0.10s
[INFO]: TRAIN epoch: 6 loss: 0.2487, grad_norm: 0.26800084114074707, lr: 0.000991, time: 0.10s
[INFO]: TRAIN epoch: 6 loss: 0.3410, grad_norm: 0.4172336757183075, lr: 0.000991, time: 0.10s
[INFO]: TRAIN epoch: 6 loss: 0.5469, grad_norm: 0.3569018542766571, lr: 0.000991, time: 0.11s
[INFO]: TRAIN epoch: 6 loss: 0.6071, grad_norm: 0.3955869674682617, lr: 0.000991, time: 0.11s
[INFO]: TRAIN epoch: 6 loss: 0.3253, grad_norm: 0.38627609610557556, lr: 0.000991, time: 0.10s
[INFO]: TRAIN epoch: 6 loss: 0.1853, grad_norm: 0.428207129240036, lr: 0.000991, time: 0.10s
[INFO]: TRAIN epoch: 6 loss: 0.3294, grad_norm: 0.3877451419830322, lr: 0.000991, time: 0.10s
[INFO]: TRAIN epoch: 6 loss: 0.4796, grad_norm: 0.40000128746032715, lr: 0.000991, time: 0.11s
[INFO]: TRAIN epoch: 6 loss: 0.7828, grad_norm: 0.5247757434844971, lr: 0.000991, time: 0.11s
[INFO]: TRAIN epoch: 6 loss: 0.0768, grad_norm: 0.18195682764053345, lr: 0.000991, time: 0.10s
[INFO]: TRAIN epoch: 6 loss: 0.1769, grad_norm: 0.34875378012657166, lr: 0.000991, time: 0.10s
[INFO]: TRAIN epoch: 6 loss: 0.3649, grad_norm: 0.3257717788219452, lr: 0.000991, time: 0.11s
[INFO]: TRAIN epoch: 6 loss: 0.3818, grad_norm: 0.37990114092826843, lr: 0.000991, time: 0.11s
[INFO]: TRAIN epoch: 6 loss: 0.0543, grad_norm: 0.14111407101154327, lr: 0.000991, time: 0.11s
[INFO]: TRAIN epoch: 6 loss: 0.0875, grad_norm: 0.21337592601776123, lr: 0.000991, time: 0.10s
[INFO]: TRAIN epoch: 6 loss: 0.2971, grad_norm: 0.30320024490356445, lr: 0.000991, time: 0.11s
[INFO]: TRAIN epoch: 6 loss: 0.0567, grad_norm: 0.13471172749996185, lr: 0.000991, time: 0.10s
[INFO]: TRAIN epoch: 6 loss: 0.3282, grad_norm: 0.38909912109375, lr: 0.000991, time: 0.11s
[INFO]: TRAIN epoch: 6 loss: 0.2629, grad_norm: 0.6462898850440979, lr: 0.000991, time: 0.10s
[INFO]: TRAIN epoch: 6 loss: 0.7692, grad_norm: 0.4970366656780243, lr: 0.000991, time: 0.11s
[INFO]: TRAIN epoch: 6 loss: 0.1163, grad_norm: 0.2945304811000824, lr: 0.000991, time: 0.10s
[INFO]: TRAIN epoch: 6 loss: 0.2571, grad_norm: 0.35748642683029175, lr: 0.000991, time: 0.11s
[INFO]: TRAIN epoch: 6 loss: 0.0770, grad_norm: 0.1508198231458664, lr: 0.000991, time: 0.10s
[INFO]: TRAIN epoch: 6 loss: 0.3610, grad_norm: 0.34572961926460266, lr: 0.000991, time: 0.10s
[INFO]: TRAIN epoch: 6 loss: 0.5622, grad_norm: 0.42142993211746216, lr: 0.000991, time: 0.11s
[INFO]: TRAIN epoch: 6 loss: 0.7953, grad_norm: 0.6241700053215027, lr: 0.000991, time: 0.10s
[INFO]: TRAIN epoch: 6 loss: 0.4216, grad_norm: 0.35751357674598694, lr: 0.000991, time: 0.10s
[INFO]: TRAIN epoch: 6 loss: 0.4823, grad_norm: 0.5746023654937744, lr: 0.000991, time: 0.10s
[INFO]: TRAIN epoch: 6 loss: 0.1736, grad_norm: 0.33339524269104004, lr: 0.000991, time: 0.11s
[INFO]: TRAIN epoch: 6 loss: 0.1814, grad_norm: 0.31944531202316284, lr: 0.000991, time: 0.10s
[INFO]: TRAIN epoch: 6 loss: 0.4818, grad_norm: 0.44683292508125305, lr: 0.000991, time: 0.10s
[INFO]: TRAIN epoch: 6 loss: 0.2259, grad_norm: 0.33016201853752136, lr: 0.000991, time: 0.11s
[INFO]: TRAIN epoch: 6 loss: 0.2304, grad_norm: 0.2512194514274597, lr: 0.000991, time: 0.10s
[INFO]: TRAIN epoch: 6 loss: 0.4386, grad_norm: 0.40809187293052673, lr: 0.000991, time: 0.10s
[INFO]: TRAIN epoch: 6 loss: 0.1395, grad_norm: 0.3050641417503357, lr: 0.000991, time: 0.11s
[INFO]: TRAIN epoch: 6 loss: 0.1725, grad_norm: 0.26079806685447693, lr: 0.000991, time: 0.11s
[INFO]: TRAIN epoch: 6 loss: 0.3123, grad_norm: 0.28987789154052734, lr: 0.000991, time: 0.10s
[INFO]: TRAIN epoch: 6 loss: 0.4985, grad_norm: 0.46796295046806335, lr: 0.000991, time: 0.11s
[INFO]: TRAIN epoch: 6 loss: 0.3419, grad_norm: 0.30735817551612854, lr: 0.000991, time: 0.11s
[INFO]: TRAIN epoch: 6 loss: 0.4066, grad_norm: 0.3809036910533905, lr: 0.000991, time: 0.10s
[INFO]: TRAIN epoch: 6 loss: 0.3323, grad_norm: 0.3441583812236786, lr: 0.000991, time: 0.11s
[INFO]: TRAIN epoch: 6 loss: 0.1583, grad_norm: 0.3036114573478699, lr: 0.000991, time: 0.11s
[INFO]: TRAIN epoch: 6 loss: 0.1057, grad_norm: 0.23932237923145294, lr: 0.000991, time: 0.11s
[INFO]: TRAIN epoch: 6 loss: 0.3518, grad_norm: 0.3665194511413574, lr: 0.000991, time: 0.10s
[INFO]: TRAIN epoch: 6 loss: 0.2437, grad_norm: 0.405875027179718, lr: 0.000991, time: 0.11s
[INFO]: TRAIN epoch: 6 loss: 0.3347, grad_norm: 0.4342253804206848, lr: 0.000991, time: 0.10s
[INFO]: TRAIN epoch: 6 loss: 0.0806, grad_norm: 0.24758408963680267, lr: 0.000991, time: 0.10s
[INFO]: TRAIN epoch: 6 loss: 0.2120, grad_norm: 0.2784939408302307, lr: 0.000991, time: 0.11s
[INFO]: TRAIN epoch: 6 loss: 0.2773, grad_norm: 0.37050965428352356, lr: 0.000991, time: 0.11s
[INFO]: TRAIN epoch: 6 loss: 0.0991, grad_norm: 0.27641531825065613, lr: 0.000991, time: 0.10s
[INFO]: TRAIN epoch: 6 loss: 0.4119, grad_norm: 0.4563530385494232, lr: 0.000991, time: 0.10s
[INFO]: TRAIN epoch: 6 loss: 0.2902, grad_norm: 0.35476449131965637, lr: 0.000991, time: 0.11s
[INFO]: TRAIN epoch: 6 loss: 0.4967, grad_norm: 0.59965980052948, lr: 0.000991, time: 0.11s
[INFO]: TRAIN epoch: 6 loss: 0.3899, grad_norm: 0.5891920924186707, lr: 0.000991, time: 0.10s
[INFO]: TRAIN epoch: 6 loss: 0.4360, grad_norm: 0.3840230703353882, lr: 0.000991, time: 0.10s
[INFO]: TRAIN epoch: 6 loss: 0.1126, grad_norm: 0.20838616788387299, lr: 0.000991, time: 0.10s
[INFO]: TRAIN epoch: 6 loss: 0.4968, grad_norm: 0.49237343668937683, lr: 0.000991, time: 0.10s
[INFO]: TRAIN epoch: 6 loss: 0.3627, grad_norm: 0.2866584360599518, lr: 0.000991, time: 0.10s
[INFO]: TRAIN epoch: 6 loss: 0.2882, grad_norm: 0.38888102769851685, lr: 0.000991, time: 0.11s
[INFO]: TRAIN epoch: 6 loss: 0.3466, grad_norm: 0.38922399282455444, lr: 0.000991, time: 0.10s
[INFO]: TRAIN epoch: 6 loss: 0.1258, grad_norm: 0.3066050112247467, lr: 0.000991, time: 0.10s
[INFO]: TRAIN epoch: 6 loss: 0.1172, grad_norm: 0.27464714646339417, lr: 0.000991, time: 0.10s
[INFO]: TRAIN epoch: 6 loss: 0.3359, grad_norm: 0.3692895472049713, lr: 0.000991, time: 0.10s
[INFO]: TRAIN epoch: 6 loss: 0.1571, grad_norm: 0.29740190505981445, lr: 0.000991, time: 0.11s
[INFO]: TRAIN epoch: 6 loss: 0.0740, grad_norm: 0.16499674320220947, lr: 0.000991, time: 0.10s
[INFO]: TRAIN epoch: 6 loss: 0.1432, grad_norm: 0.3473386764526367, lr: 0.000991, time: 0.10s
[INFO]: TRAIN epoch: 6 loss: 0.3793, grad_norm: 0.39123332500457764, lr: 0.000991, time: 0.10s
[INFO]: TRAIN epoch: 6 loss: 0.7477, grad_norm: 0.4474007785320282, lr: 0.000991, time: 0.10s
[INFO]: TRAIN epoch: 6 loss: 0.4872, grad_norm: 0.467692494392395, lr: 0.000991, time: 0.10s
[INFO]: TRAIN epoch: 6 loss: 0.3885, grad_norm: 0.38987067341804504, lr: 0.000991, time: 0.10s
[INFO]: TRAIN epoch: 6 loss: 0.0808, grad_norm: 0.18635351955890656, lr: 0.000991, time: 0.10s
[INFO]: TRAIN epoch: 6 loss: 0.3187, grad_norm: 0.46543657779693604, lr: 0.000991, time: 0.10s
[INFO]: TRAIN epoch: 6 loss: 0.0832, grad_norm: 0.13714861869812012, lr: 0.000991, time: 0.10s
[INFO]: TRAIN epoch: 6 loss: 0.4309, grad_norm: 0.3848591446876526, lr: 0.000991, time: 0.10s
[INFO]: TRAIN epoch: 6 loss: 0.1150, grad_norm: 0.3204246163368225, lr: 0.000991, time: 0.10s
[INFO]: TRAIN epoch: 6 loss: 0.6806, grad_norm: 0.3822368085384369, lr: 0.000991, time: 0.11s
[INFO]: TRAIN epoch: 6 loss: 0.1852, grad_norm: 0.4176277220249176, lr: 0.000991, time: 0.11s
[INFO]: TRAIN epoch: 6 loss: 0.1363, grad_norm: 0.29677635431289673, lr: 0.000991, time: 0.10s
[INFO]: TRAIN epoch: 6 loss: 0.0630, grad_norm: 0.19559478759765625, lr: 0.000991, time: 0.11s
[INFO]: TRAIN epoch: 6 loss: 0.4352, grad_norm: 0.46577492356300354, lr: 0.000991, time: 0.10s
[INFO]: TRAIN epoch: 6 loss: 0.1118, grad_norm: 0.24723462760448456, lr: 0.000991, time: 0.10s
[INFO]: TRAIN epoch: 6 loss: 0.1532, grad_norm: 0.4397387206554413, lr: 0.000991, time: 0.10s
[INFO]: TRAIN epoch: 6 loss: 0.5466, grad_norm: 0.4264613389968872, lr: 0.000991, time: 0.11s
[INFO]: TRAIN epoch: 6 loss: 0.4921, grad_norm: 0.36865609884262085, lr: 0.000991, time: 0.10s
[INFO]: TRAIN epoch: 6 loss: 0.1310, grad_norm: 0.22424571216106415, lr: 0.000991, time: 0.10s
[INFO]: TRAIN epoch: 6 loss: 0.1731, grad_norm: 0.29857754707336426, lr: 0.000991, time: 0.11s
[INFO]: TRAIN epoch: 6 loss: 0.4065, grad_norm: 0.28746724128723145, lr: 0.000991, time: 0.10s
[INFO]: TRAIN epoch: 6 loss: 0.9129, grad_norm: 0.49171701073646545, lr: 0.000991, time: 0.10s
[INFO]: TRAIN epoch: 6 loss: 0.4324, grad_norm: 0.3695189654827118, lr: 0.000991, time: 0.10s
[INFO]: TRAIN epoch: 6 loss: 0.2002, grad_norm: 0.28120777010917664, lr: 0.000991, time: 0.10s
[INFO]: TRAIN epoch: 6 loss: 0.6095, grad_norm: 0.2777253985404968, lr: 0.000991, time: 0.11s
[INFO]: TRAIN epoch: 6 loss: 0.1917, grad_norm: 0.35920125246047974, lr: 0.000991, time: 0.10s
[INFO]: TRAIN epoch: 6 loss: 0.4595, grad_norm: 0.4024580717086792, lr: 0.000991, time: 0.10s
[INFO]: TRAIN epoch: 6 loss: 0.4833, grad_norm: 0.4378717839717865, lr: 0.000991, time: 0.10s
[INFO]: TRAIN epoch: 6 loss: 0.1489, grad_norm: 0.37399035692214966, lr: 0.000991, time: 0.10s
[INFO]: TRAIN epoch: 6 loss: 0.6131, grad_norm: 0.41685330867767334, lr: 0.000991, time: 0.10s
[INFO]: TRAIN epoch: 6 loss: 0.2045, grad_norm: 0.3829249441623688, lr: 0.000991, time: 0.10s
[INFO]: TRAIN epoch: 6 loss: 0.4565, grad_norm: 0.43796291947364807, lr: 0.000991, time: 0.11s
[INFO]: TRAIN epoch: 6 loss: 0.2941, grad_norm: 0.3073415160179138, lr: 0.000991, time: 0.10s
[INFO]: TRAIN epoch: 6 loss: 0.2219, grad_norm: 0.399912565946579, lr: 0.000991, time: 0.10s
[INFO]: TRAIN epoch: 6 loss: 0.1610, grad_norm: 0.22202439606189728, lr: 0.000991, time: 0.11s
[INFO]: TRAIN epoch: 6 loss: 0.3316, grad_norm: 0.3208722472190857, lr: 0.000991, time: 0.10s
[INFO]: TRAIN epoch: 6 loss: 0.2069, grad_norm: 0.3604491651058197, lr: 0.000991, time: 0.11s
[INFO]: TRAIN epoch: 6 loss: 0.5987, grad_norm: 0.4640744924545288, lr: 0.000991, time: 0.11s
[INFO]: TRAIN epoch: 6 loss: 0.3367, grad_norm: 0.36011838912963867, lr: 0.000991, time: 0.10s
[INFO]: TRAIN epoch: 6 loss: 0.1937, grad_norm: 0.302931547164917, lr: 0.000991, time: 0.11s
[INFO]: TRAIN epoch: 6 loss: 0.2506, grad_norm: 0.3609738349914551, lr: 0.000991, time: 0.11s
[INFO]: TRAIN epoch: 6 loss: 0.3692, grad_norm: 0.5233989953994751, lr: 0.000991, time: 0.10s
[INFO]: TRAIN epoch: 6 loss: 0.5074, grad_norm: 0.3860689401626587, lr: 0.000991, time: 0.11s
[INFO]: TRAIN epoch: 6 loss: 0.3833, grad_norm: 0.37643712759017944, lr: 0.000991, time: 0.10s
[INFO]: TRAIN epoch: 6 loss: 0.4915, grad_norm: 0.3466287851333618, lr: 0.000991, time: 0.10s
[INFO]: TRAIN epoch: 6 loss: 0.0760, grad_norm: 0.22710740566253662, lr: 0.000991, time: 0.10s
[INFO]: TRAIN epoch: 6 loss: 0.1754, grad_norm: 0.36533114314079285, lr: 0.000991, time: 0.10s
[INFO]: TRAIN epoch: 6 loss: 0.3279, grad_norm: 0.3931674361228943, lr: 0.000991, time: 0.11s
[INFO]: TRAIN epoch: 6 loss: 0.1126, grad_norm: 0.31922078132629395, lr: 0.000991, time: 0.10s
[INFO]: TRAIN epoch: 6 loss: 0.0642, grad_norm: 0.21757277846336365, lr: 0.000991, time: 0.10s
[INFO]: TRAIN epoch: 6 loss: 0.0981, grad_norm: 0.2629883289337158, lr: 0.000991, time: 0.10s
[INFO]: TRAIN epoch: 6 loss: 0.4327, grad_norm: 0.6243144869804382, lr: 0.000991, time: 0.10s
[INFO]: TRAIN epoch: 6 loss: 0.1524, grad_norm: 0.34062355756759644, lr: 0.000991, time: 0.10s
[INFO]: TRAIN epoch: 6 loss: 0.3971, grad_norm: 0.36077821254730225, lr: 0.000991, time: 0.11s
[INFO]: TRAIN epoch: 6 loss: 0.4285, grad_norm: 0.3281743824481964, lr: 0.000991, time: 0.10s
[INFO]: TRAIN epoch: 6 loss: 0.1582, grad_norm: 0.309684157371521, lr: 0.000991, time: 0.10s
[INFO]: TRAIN epoch: 6 loss: 0.3447, grad_norm: 0.44761472940444946, lr: 0.000991, time: 0.10s
[INFO]: TRAIN epoch: 6 loss: 0.3477, grad_norm: 0.27194687724113464, lr: 0.000991, time: 0.10s
[INFO]: TRAIN epoch: 6 loss: 0.1529, grad_norm: 0.30960333347320557, lr: 0.000991, time: 0.11s
[INFO]: TRAIN epoch: 6 loss: 0.0822, grad_norm: 0.2801674008369446, lr: 0.000991, time: 0.10s
[INFO]: TRAIN epoch: 6 loss: 0.4369, grad_norm: 0.34739282727241516, lr: 0.000991, time: 0.10s
[INFO]: TRAIN epoch: 6 loss: 0.0666, grad_norm: 0.21471531689167023, lr: 0.000991, time: 0.10s
[INFO]: TRAIN epoch: 6 loss: 0.2877, grad_norm: 0.5653092265129089, lr: 0.000991, time: 0.11s
[INFO]: TRAIN epoch: 6 loss: 0.2825, grad_norm: 0.30359572172164917, lr: 0.000991, time: 0.10s
[INFO]: TRAIN epoch: 6 loss: 0.3950, grad_norm: 0.41303592920303345, lr: 0.000991, time: 0.11s
[INFO]: TRAIN epoch: 6 loss: 0.4356, grad_norm: 0.38426217436790466, lr: 0.000991, time: 0.10s
[INFO]: TRAIN epoch: 6 loss: 0.6159, grad_norm: 0.5417863726615906, lr: 0.000991, time: 0.10s
[INFO]: TRAIN epoch: 6 loss: 0.1553, grad_norm: 0.3414226472377777, lr: 0.000991, time: 0.11s
[INFO]: TRAIN epoch: 6 loss: 0.1751, grad_norm: 0.3288901448249817, lr: 0.000991, time: 0.10s
[INFO]: TRAIN epoch: 6 loss: 0.4430, grad_norm: 0.40966397523880005, lr: 0.000991, time: 0.11s
[INFO]: TRAIN epoch: 6 loss: 0.5940, grad_norm: 0.591554582118988, lr: 0.000991, time: 0.11s
[INFO]: TRAIN epoch: 6 loss: 0.4204, grad_norm: 0.45777982473373413, lr: 0.000991, time: 0.10s
[INFO]: TRAIN epoch: 6 loss: 0.2389, grad_norm: 0.3080521523952484, lr: 0.000991, time: 0.11s
[INFO]: TRAIN epoch: 6 loss: 0.4030, grad_norm: 0.33880385756492615, lr: 0.000991, time: 0.10s
[INFO]: TRAIN epoch: 6 loss: 0.1450, grad_norm: 0.2860422730445862, lr: 0.000991, time: 0.10s
[INFO]: TRAIN epoch: 6 loss: 0.0978, grad_norm: 0.29125723242759705, lr: 0.000991, time: 0.10s
[INFO]: TRAIN epoch: 6 loss: 0.5576, grad_norm: 0.45179954171180725, lr: 0.000991, time: 0.10s
[INFO]: TRAIN epoch: 6 loss: 0.5874, grad_norm: 0.3220730125904083, lr: 0.000991, time: 0.10s
[INFO]: TRAIN epoch: 6 loss: 0.3297, grad_norm: 0.40716588497161865, lr: 0.000991, time: 0.10s
[INFO]: TRAIN epoch: 6 loss: 0.5738, grad_norm: 0.453812837600708, lr: 0.000991, time: 0.10s
[INFO]: TRAIN epoch: 6 loss: 0.2688, grad_norm: 0.4357721507549286, lr: 0.000991, time: 0.10s
[INFO]: TRAIN epoch: 6 loss: 0.5581, grad_norm: 0.3600180447101593, lr: 0.000991, time: 0.10s
[INFO]: TRAIN epoch: 6 loss: 0.1496, grad_norm: 0.31427180767059326, lr: 0.000991, time: 0.11s
[INFO]: TRAIN epoch: 6 loss: 0.4582, grad_norm: 0.500815749168396, lr: 0.000991, time: 0.10s
[INFO]: TRAIN epoch: 6 loss: 0.1436, grad_norm: 0.27896225452423096, lr: 0.000991, time: 0.10s
[INFO]: TRAIN epoch: 6 loss: 0.1944, grad_norm: 0.33579525351524353, lr: 0.000991, time: 0.10s
[INFO]: TRAIN epoch: 6 loss: 0.2926, grad_norm: 0.31626084446907043, lr: 0.000991, time: 0.11s
[INFO]: TRAIN epoch: 6 loss: 0.4687, grad_norm: 0.32649025321006775, lr: 0.000991, time: 0.10s
[INFO]: TRAIN epoch: 6 loss: 0.1528, grad_norm: 0.2575990557670593, lr: 0.000991, time: 0.10s
[INFO]: TRAIN epoch: 6 loss: 0.0591, grad_norm: 0.20217815041542053, lr: 0.000991, time: 0.10s
[INFO]: TRAIN epoch: 6 loss: 0.1560, grad_norm: 0.3151277005672455, lr: 0.000991, time: 0.10s
[INFO]: TRAIN epoch: 6 loss: 0.2527, grad_norm: 0.45302656292915344, lr: 0.000991, time: 0.10s
[INFO]: TRAIN epoch: 6 loss: 0.3626, grad_norm: 0.4369277358055115, lr: 0.000991, time: 0.10s
[INFO]: TRAIN epoch: 6 loss: 0.4990, grad_norm: 0.6185550689697266, lr: 0.000991, time: 0.10s
[INFO]: TRAIN epoch: 6 loss: 0.1089, grad_norm: 0.29495757818222046, lr: 0.000991, time: 0.10s
[INFO]: TRAIN epoch: 6 loss: 0.5815, grad_norm: 0.40336212515830994, lr: 0.000991, time: 0.11s
[INFO]: TRAIN epoch: 6 loss: 0.4875, grad_norm: 0.3249918818473816, lr: 0.000991, time: 0.10s
[INFO]: TRAIN epoch: 6 loss: 0.4513, grad_norm: 0.3986464738845825, lr: 0.000991, time: 0.10s
[INFO]: TRAIN epoch: 6 loss: 0.1792, grad_norm: 0.34115734696388245, lr: 0.000991, time: 0.10s
[INFO]: TRAIN epoch: 6 loss: 0.3170, grad_norm: 0.30151864886283875, lr: 0.000991, time: 0.10s
[INFO]: TRAIN epoch: 6 loss: 0.0922, grad_norm: 0.2612312138080597, lr: 0.000991, time: 0.10s
[INFO]: TRAIN epoch: 6 loss: 0.2466, grad_norm: 0.2997913658618927, lr: 0.000991, time: 0.11s
[INFO]: TRAIN epoch: 6 loss: 0.4436, grad_norm: 0.37253308296203613, lr: 0.000991, time: 0.11s
[INFO]: TRAIN epoch: 6 loss: 0.4206, grad_norm: 0.3971554636955261, lr: 0.000991, time: 0.10s
[INFO]: TRAIN epoch: 6 loss: 0.2414, grad_norm: 0.28638768196105957, lr: 0.000991, time: 0.10s
[INFO]: TRAIN epoch: 6 loss: 0.3523, grad_norm: 0.42039114236831665, lr: 0.000991, time: 0.11s
[INFO]: TRAIN epoch: 6 loss: 0.1699, grad_norm: 0.30397361516952515, lr: 0.000991, time: 0.10s
[INFO]: TRAIN epoch: 6 loss: 0.4223, grad_norm: 0.4815767705440521, lr: 0.000991, time: 0.10s
[INFO]: TRAIN epoch: 6 loss: 0.1669, grad_norm: 0.3146750330924988, lr: 0.000991, time: 0.11s
[INFO]: TRAIN epoch: 6 loss: 0.4306, grad_norm: 0.380172461271286, lr: 0.000991, time: 0.10s
[INFO]: TRAIN epoch: 6 loss: 0.2445, grad_norm: 0.36135944724082947, lr: 0.000991, time: 0.11s
[INFO]: TRAIN epoch: 6 loss: 0.4103, grad_norm: 0.4836161136627197, lr: 0.000991, time: 0.10s
[INFO]: TRAIN epoch: 6 loss: 0.2646, grad_norm: 0.33670395612716675, lr: 0.000991, time: 0.11s
[INFO]: TRAIN epoch: 6 loss: 0.2614, grad_norm: 0.4137479066848755, lr: 0.000991, time: 0.10s
[INFO]: TRAIN epoch: 6 loss: 0.4236, grad_norm: 0.4178066551685333, lr: 0.000991, time: 0.10s
[INFO]: TRAIN epoch: 6 loss: 0.9069, grad_norm: 0.44683948159217834, lr: 0.000991, time: 0.10s
[INFO]: TRAIN epoch: 6 loss: 0.4104, grad_norm: 0.459554523229599, lr: 0.000991, time: 0.10s
[INFO]: TRAIN epoch: 6 loss: 0.1041, grad_norm: 0.18340164422988892, lr: 0.000991, time: 0.10s
[INFO]: TRAIN epoch: 6 loss: 0.0751, grad_norm: 0.20823410153388977, lr: 0.000991, time: 0.10s
[INFO]: TRAIN epoch: 6 loss: 0.2929, grad_norm: 0.6600987315177917, lr: 0.000991, time: 0.11s
[INFO]: TRAIN epoch: 6 loss: 0.4210, grad_norm: 0.39701053500175476, lr: 0.000991, time: 0.10s
[INFO]: TRAIN epoch: 6 loss: 0.4117, grad_norm: 0.30967679619789124, lr: 0.000991, time: 0.10s
[INFO]: TRAIN epoch: 6 loss: 0.1364, grad_norm: 0.23827476799488068, lr: 0.000991, time: 0.10s
[INFO]: TRAIN epoch: 6 loss: 0.3680, grad_norm: 0.3818192183971405, lr: 0.000991, time: 0.11s
[INFO]: TRAIN epoch: 6 loss: 0.3041, grad_norm: 0.3344567120075226, lr: 0.000991, time: 0.11s
[INFO]: TRAIN epoch: 6 loss: 0.2490, grad_norm: 0.38360902667045593, lr: 0.000991, time: 0.11s
[INFO]: TRAIN epoch: 6 loss: 0.5403, grad_norm: 0.41955405473709106, lr: 0.000991, time: 0.10s
[INFO]: TRAIN epoch: 6 loss: 0.4879, grad_norm: 0.4511691927909851, lr: 0.000991, time: 0.10s
[INFO]: TRAIN epoch: 6 loss: 0.7586, grad_norm: 0.44217437505722046, lr: 0.000991, time: 0.11s
[INFO]: TRAIN epoch: 6 loss: 0.4879, grad_norm: 0.40453970432281494, lr: 0.000991, time: 0.10s
[INFO]: TRAIN epoch: 6 loss: 0.2197, grad_norm: 0.2976742684841156, lr: 0.000991, time: 0.11s
[INFO]: TRAIN epoch: 6 loss: 0.4883, grad_norm: 0.3767402470111847, lr: 0.000991, time: 0.11s
[INFO]: TRAIN epoch: 6 loss: 0.8450, grad_norm: 0.3244396448135376, lr: 0.000991, time: 0.11s
[INFO]: TRAIN epoch: 6 loss: 0.6785, grad_norm: 0.598967969417572, lr: 0.000991, time: 0.11s
[INFO]: TRAIN epoch: 6 loss: 0.1221, grad_norm: 0.31138959527015686, lr: 0.000991, time: 0.10s
[INFO]: TRAIN epoch: 6 loss: 0.1864, grad_norm: 0.28020331263542175, lr: 0.000991, time: 0.11s
[INFO]: TRAIN epoch: 6 loss: 0.5086, grad_norm: 0.40944454073905945, lr: 0.000991, time: 0.10s
[INFO]: TRAIN epoch: 6 loss: 0.4730, grad_norm: 0.31914398074150085, lr: 0.000991, time: 0.10s
[INFO]: TRAIN epoch: 6 loss: 0.4271, grad_norm: 0.30458858609199524, lr: 0.000991, time: 0.10s
[INFO]: TRAIN epoch: 6 loss: 0.2346, grad_norm: 0.41124391555786133, lr: 0.000991, time: 0.10s
[INFO]: TRAIN epoch: 6 loss: 0.1411, grad_norm: 0.2751598060131073, lr: 0.000991, time: 0.10s
[INFO]: TRAIN epoch: 6 loss: 0.1291, grad_norm: 0.29503369331359863, lr: 0.000991, time: 0.11s
[INFO]: TRAIN epoch: 6 loss: 0.5233, grad_norm: 0.4009954333305359, lr: 0.000991, time: 0.10s
[INFO]: TRAIN epoch: 6 loss: 0.3077, grad_norm: 0.31084391474723816, lr: 0.000991, time: 0.11s
[INFO]: TRAIN epoch: 6 loss: 0.4219, grad_norm: 0.3858037292957306, lr: 0.000991, time: 0.10s
[INFO]: TRAIN epoch: 6 loss: 0.4068, grad_norm: 0.3963233530521393, lr: 0.000991, time: 0.10s
[INFO]: TRAIN epoch: 6 loss: 0.1808, grad_norm: 0.4235853850841522, lr: 0.000991, time: 0.10s
[INFO]: TRAIN epoch: 6 loss: 0.5038, grad_norm: 0.29480695724487305, lr: 0.000991, time: 0.11s
[INFO]: TRAIN epoch: 6 loss: 0.1296, grad_norm: 0.23928257822990417, lr: 0.000991, time: 0.11s
[INFO]: TRAIN epoch: 6 loss: 0.3258, grad_norm: 0.34609681367874146, lr: 0.000991, time: 0.10s
[INFO]: TRAIN epoch: 6 loss: 0.0811, grad_norm: 0.22481997311115265, lr: 0.000991, time: 0.10s
[INFO]: TRAIN epoch: 6 loss: 0.4697, grad_norm: 0.3560083210468292, lr: 0.000991, time: 0.11s
[INFO]: TRAIN epoch: 6 loss: 0.3107, grad_norm: 0.5199146270751953, lr: 0.000991, time: 0.10s
[INFO]: TRAIN epoch: 6 loss: 0.5322, grad_norm: 0.3274749517440796, lr: 0.000991, time: 0.10s
[INFO]: TRAIN epoch: 6 loss: 0.4380, grad_norm: 0.3586301803588867, lr: 0.000991, time: 0.10s
[INFO]: TRAIN epoch: 6 loss: 0.5938, grad_norm: 0.4190199673175812, lr: 0.000991, time: 0.10s
[INFO]: TRAIN epoch: 6 loss: 0.5560, grad_norm: 0.36145156621932983, lr: 0.000991, time: 0.11s
[INFO]: TRAIN epoch: 6 loss: 0.4328, grad_norm: 0.31002429127693176, lr: 0.000991, time: 0.10s
[INFO]: TRAIN epoch: 6 loss: 0.6087, grad_norm: 0.4599262475967407, lr: 0.000991, time: 0.10s
[INFO]: TRAIN epoch: 6 loss: 0.5695, grad_norm: 0.4326646625995636, lr: 0.000991, time: 0.10s
[INFO]: TRAIN epoch: 6 loss: 0.3463, grad_norm: 0.27904507517814636, lr: 0.000991, time: 0.10s
[INFO]: TRAIN epoch: 6 loss: 0.1102, grad_norm: 0.39252418279647827, lr: 0.000991, time: 0.10s
[INFO]: TRAIN epoch: 6 loss: 0.2649, grad_norm: 0.46345192193984985, lr: 0.000991, time: 0.11s
[INFO]: TRAIN epoch: 6 loss: 0.1679, grad_norm: 0.25853633880615234, lr: 0.000991, time: 0.11s
[INFO]: TRAIN epoch: 6 loss: 0.3640, grad_norm: 0.3174772560596466, lr: 0.000991, time: 0.11s
[INFO]: TRAIN epoch: 6 loss: 0.6659, grad_norm: 0.3893004059791565, lr: 0.000991, time: 0.11s
[INFO]: TRAIN epoch: 6 loss: 0.4146, grad_norm: 0.3302243649959564, lr: 0.000991, time: 0.10s
[INFO]: TRAIN epoch: 6 loss: 0.1985, grad_norm: 0.2898317575454712, lr: 0.000991, time: 0.10s
[INFO]: TRAIN epoch: 6 loss: 0.2010, grad_norm: 0.23270326852798462, lr: 0.000991, time: 0.11s
[INFO]: TRAIN epoch: 6 loss: 0.4241, grad_norm: 0.7603957056999207, lr: 0.000991, time: 0.10s
[INFO]: TRAIN epoch: 6 loss: 0.5306, grad_norm: 0.43925443291664124, lr: 0.000991, time: 0.11s
[INFO]: TRAIN epoch: 6 loss: 0.1926, grad_norm: 0.3638714849948883, lr: 0.000991, time: 0.10s
[INFO]: TRAIN epoch: 6 loss: 0.1733, grad_norm: 0.2769809663295746, lr: 0.000991, time: 0.11s
[INFO]: TRAIN epoch: 6 loss: 0.3737, grad_norm: 0.4380790889263153, lr: 0.000991, time: 0.10s
[INFO]: TRAIN epoch: 6 loss: 0.5958, grad_norm: 0.5488292574882507, lr: 0.000991, time: 0.11s
[INFO]: TRAIN epoch: 6 loss: 0.7377, grad_norm: 0.4570167660713196, lr: 0.000991, time: 0.10s
[INFO]: TRAIN epoch: 6 loss: 0.4115, grad_norm: 0.3826390504837036, lr: 0.000991, time: 0.10s
[INFO]: TRAIN epoch: 6 loss: 0.1676, grad_norm: 0.2726190388202667, lr: 0.000991, time: 0.11s
[INFO]: TRAIN epoch: 6 loss: 0.1219, grad_norm: 0.20508205890655518, lr: 0.000991, time: 0.11s
[INFO]: TRAIN epoch: 6 loss: 0.2154, grad_norm: 0.3772493004798889, lr: 0.000991, time: 0.10s
[INFO]: TRAIN epoch: 6 loss: 0.2435, grad_norm: 0.3903937339782715, lr: 0.000991, time: 0.10s
[INFO]: TRAIN epoch: 6 loss: 0.7913, grad_norm: 0.4838586151599884, lr: 0.000991, time: 0.11s
[INFO]: TRAIN epoch: 6 loss: 0.4120, grad_norm: 0.3694480061531067, lr: 0.000991, time: 0.11s
[INFO]: TRAIN epoch: 6 loss: 0.1436, grad_norm: 0.32557418942451477, lr: 0.000991, time: 0.10s
[INFO]: TRAIN epoch: 6 loss: 0.1999, grad_norm: 0.28481465578079224, lr: 0.000991, time: 0.10s
[INFO]: TRAIN epoch: 6 loss: 0.1177, grad_norm: 0.3108282685279846, lr: 0.000991, time: 0.10s
[INFO]: TRAIN epoch: 6 loss: 0.4835, grad_norm: 0.5391607284545898, lr: 0.000991, time: 0.10s
[INFO]: TRAIN epoch: 6 loss: 0.3885, grad_norm: 0.4717469811439514, lr: 0.000991, time: 0.11s
[INFO]: TRAIN epoch: 6 loss: 0.7100, grad_norm: 0.3977341651916504, lr: 0.000991, time: 0.11s
[INFO]: TRAIN epoch: 6 loss: 0.3825, grad_norm: 0.4030555188655853, lr: 0.000991, time: 0.11s
[INFO]: TRAIN epoch: 6 loss: 0.1015, grad_norm: 0.23767971992492676, lr: 0.000991, time: 0.10s
[INFO]: TRAIN epoch: 6 loss: 0.3350, grad_norm: 0.5631271004676819, lr: 0.000991, time: 0.10s
[INFO]: TRAIN epoch: 6 loss: 0.5463, grad_norm: 0.45232367515563965, lr: 0.000991, time: 0.10s
[INFO]: TRAIN epoch: 6 loss: 0.2808, grad_norm: 0.40069854259490967, lr: 0.000991, time: 0.10s
[INFO]: TRAIN epoch: 6 loss: 0.1188, grad_norm: 0.28536391258239746, lr: 0.000991, time: 0.10s
[INFO]: TRAIN epoch: 6 loss: 0.2923, grad_norm: 0.39578092098236084, lr: 0.000991, time: 0.10s
[INFO]: TRAIN epoch: 6 loss: 0.3550, grad_norm: 0.38336366415023804, lr: 0.000991, time: 0.10s
[INFO]: TRAIN epoch: 6 loss: 0.0785, grad_norm: 0.2724880576133728, lr: 0.000991, time: 0.10s
[INFO]: TRAIN epoch: 6 loss: 0.3168, grad_norm: 0.43457069993019104, lr: 0.000991, time: 0.10s
[INFO]: TRAIN epoch: 6 loss: 0.0731, grad_norm: 0.19841034710407257, lr: 0.000991, time: 0.10s
[INFO]: TRAIN epoch: 6 loss: 0.5193, grad_norm: 0.4118751883506775, lr: 0.000991, time: 0.10s
[INFO]: TRAIN epoch: 6 loss: 0.1944, grad_norm: 0.30000823736190796, lr: 0.000991, time: 0.10s
[INFO]: TRAIN epoch: 6 loss: 0.4843, grad_norm: 0.4217495918273926, lr: 0.000991, time: 0.10s
[INFO]: TRAIN epoch: 6 loss: 0.4013, grad_norm: 0.28875529766082764, lr: 0.000991, time: 0.11s
[INFO]: TRAIN epoch: 6 loss: 0.6907, grad_norm: 0.5097525715827942, lr: 0.000991, time: 0.10s
[INFO]: TRAIN epoch: 6 loss: 0.4822, grad_norm: 0.3941397964954376, lr: 0.000991, time: 0.10s
[INFO]: TRAIN epoch: 6 loss: 0.5467, grad_norm: 0.40959903597831726, lr: 0.000991, time: 0.10s
[INFO]: TRAIN epoch: 6 loss: 0.2205, grad_norm: 0.3545793294906616, lr: 0.000991, time: 0.10s
[INFO]: TRAIN epoch: 6 loss: 0.1333, grad_norm: 0.281007319688797, lr: 0.000991, time: 0.10s
[INFO]: TRAIN epoch: 6 loss: 0.0854, grad_norm: 0.21725153923034668, lr: 0.000991, time: 0.10s
[INFO]: TRAIN epoch: 6 loss: 0.4042, grad_norm: 0.5726083517074585, lr: 0.000991, time: 0.10s
[INFO]: TRAIN epoch: 6 loss: 0.3939, grad_norm: 0.35796964168548584, lr: 0.000991, time: 0.10s
[INFO]: TRAIN epoch: 6 loss: 0.3880, grad_norm: 0.29406747221946716, lr: 0.000991, time: 0.10s
[INFO]: TRAIN epoch: 6 loss: 0.3503, grad_norm: 0.4140463173389435, lr: 0.000991, time: 0.10s
[INFO]: TRAIN epoch: 6 loss: 0.3209, grad_norm: 0.2665369212627411, lr: 0.000991, time: 0.10s
[INFO]: TRAIN epoch: 6 loss: 0.4696, grad_norm: 0.37145155668258667, lr: 0.000991, time: 0.10s
[INFO]: TRAIN epoch: 6 loss: 0.0622, grad_norm: 0.18734201788902283, lr: 0.000991, time: 0.10s
[INFO]: TRAIN epoch: 6 loss: 0.3937, grad_norm: 0.3901735842227936, lr: 0.000991, time: 0.10s
[INFO]: TRAIN epoch: 6 loss: 0.3779, grad_norm: 0.4708879888057709, lr: 0.000991, time: 0.10s
[INFO]: TRAIN epoch: 6 loss: 0.3164, grad_norm: 0.48614227771759033, lr: 0.000991, time: 0.10s
[INFO]: TRAIN epoch: 6 loss: 0.3552, grad_norm: 0.7030916810035706, lr: 0.000991, time: 0.10s
[INFO]: TRAIN epoch: 6 loss: 0.4677, grad_norm: 0.4408239424228668, lr: 0.000991, time: 0.10s
[INFO]: TRAIN epoch: 6 loss: 0.3487, grad_norm: 0.3635917901992798, lr: 0.000991, time: 0.10s
[INFO]: TRAIN epoch: 6 loss: 0.4400, grad_norm: 0.38105782866477966, lr: 0.000991, time: 0.10s
[INFO]: TRAIN epoch: 6 loss: 0.4592, grad_norm: 0.4913782477378845, lr: 0.000991, time: 0.11s
[INFO]: TRAIN epoch: 6 loss: 0.3626, grad_norm: 0.3914555013179779, lr: 0.000991, time: 0.10s
[INFO]: TRAIN epoch: 6 loss: 0.2068, grad_norm: 0.3465820848941803, lr: 0.000991, time: 0.10s
[INFO]: TRAIN epoch: 6 loss: 0.4579, grad_norm: 0.35485637187957764, lr: 0.000991, time: 0.10s
[INFO]: TRAIN epoch: 6 loss: 0.1903, grad_norm: 0.4400525689125061, lr: 0.000991, time: 0.10s
[INFO]: TRAIN epoch: 6 loss: 0.5474, grad_norm: 0.36156293749809265, lr: 0.000991, time: 0.10s
[INFO]: TRAIN epoch: 6 loss: 0.3366, grad_norm: 0.3344850540161133, lr: 0.000991, time: 0.10s
[INFO]: TRAIN epoch: 6 loss: 0.5674, grad_norm: 0.5123648643493652, lr: 0.000991, time: 0.10s
[INFO]: TRAIN epoch: 6 loss: 0.5511, grad_norm: 0.4513256251811981, lr: 0.000991, time: 0.10s
[INFO]: TRAIN epoch: 6 loss: 0.3166, grad_norm: 0.2616223394870758, lr: 0.000991, time: 0.10s
[INFO]: TRAIN epoch: 6 loss: 0.2303, grad_norm: 0.29787442088127136, lr: 0.000991, time: 0.10s
[INFO]: TRAIN epoch: 6 loss: 0.1094, grad_norm: 0.3017245829105377, lr: 0.000991, time: 0.10s
[INFO]: TRAIN epoch: 6 loss: 0.2659, grad_norm: 0.4284048080444336, lr: 0.000991, time: 0.10s
[INFO]: TRAIN epoch: 6 loss: 0.1536, grad_norm: 0.253034770488739, lr: 0.000991, time: 0.10s
[INFO]: TRAIN epoch: 6 loss: 0.2399, grad_norm: 0.4135877788066864, lr: 0.000991, time: 0.10s
[INFO]: TRAIN epoch: 6 loss: 0.1039, grad_norm: 0.2588076591491699, lr: 0.000991, time: 0.10s
[INFO]: TRAIN epoch: 6 loss: 0.3279, grad_norm: 0.27838996052742004, lr: 0.000991, time: 0.10s
[INFO]: TRAIN epoch: 6 loss: 0.5202, grad_norm: 0.7356595993041992, lr: 0.000991, time: 0.10s
[INFO]: TRAIN epoch: 6 loss: 0.0950, grad_norm: 0.2378568798303604, lr: 0.000991, time: 0.10s
[INFO]: TRAIN epoch: 6 loss: 0.1379, grad_norm: 0.24663145840168, lr: 0.000991, time: 0.10s
[INFO]: TRAIN epoch: 6 loss: 0.4361, grad_norm: 0.48073825240135193, lr: 0.000991, time: 0.10s
[INFO]: TRAIN epoch: 6 loss: 0.3849, grad_norm: 0.32907846570014954, lr: 0.000991, time: 0.10s
[INFO]: TRAIN epoch: 6 loss: 0.5792, grad_norm: 0.36013397574424744, lr: 0.000991, time: 0.10s
[INFO]: TRAIN epoch: 6 loss: 0.1095, grad_norm: 0.2824080288410187, lr: 0.000991, time: 0.10s
[INFO]: TRAIN epoch: 6 loss: 0.5834, grad_norm: 0.5073362588882446, lr: 0.000991, time: 0.10s
[INFO]: TRAIN epoch: 6 loss: 0.0811, grad_norm: 0.1977817565202713, lr: 0.000991, time: 0.10s
[INFO]: TRAIN epoch: 6 loss: 0.3210, grad_norm: 0.35748666524887085, lr: 0.000991, time: 0.10s
[INFO]: TRAIN epoch: 6 loss: 0.3416, grad_norm: 0.5502192378044128, lr: 0.000991, time: 0.10s
[INFO]: TRAIN epoch: 6 loss: 0.5226, grad_norm: 0.4654807448387146, lr: 0.000991, time: 0.10s
[INFO]: TRAIN epoch: 6 loss: 0.1794, grad_norm: 0.35741016268730164, lr: 0.000991, time: 0.10s
[INFO]: TRAIN epoch: 6 loss: 0.6207, grad_norm: 0.5660240650177002, lr: 0.000991, time: 0.10s
[INFO]: TRAIN epoch: 6 loss: 0.4853, grad_norm: 0.4983290731906891, lr: 0.000991, time: 0.10s
[INFO]: TRAIN epoch: 6 loss: 0.7364, grad_norm: 0.4875763952732086, lr: 0.000991, time: 0.10s
[INFO]: TRAIN epoch: 6 loss: 0.3798, grad_norm: 0.3439246118068695, lr: 0.000991, time: 0.10s
[INFO]: TRAIN epoch: 6 loss: 0.3626, grad_norm: 0.370046466588974, lr: 0.000991, time: 0.10s
[INFO]: TRAIN epoch: 6 loss: 0.1573, grad_norm: 0.22914302349090576, lr: 0.000991, time: 0.10s
[INFO]: TRAIN epoch: 6 loss: 0.1410, grad_norm: 0.24238692224025726, lr: 0.000991, time: 0.10s
[INFO]: TRAIN epoch: 6 loss: 0.5438, grad_norm: 0.3897082507610321, lr: 0.000991, time: 0.10s
[INFO]: TRAIN epoch: 6 loss: 0.6158, grad_norm: 0.3633912205696106, lr: 0.000991, time: 0.10s
[INFO]: TRAIN epoch: 6 loss: 0.5519, grad_norm: 0.3404158055782318, lr: 0.000991, time: 0.10s
[INFO]: TRAIN epoch: 6 loss: 0.6731, grad_norm: 0.4946756362915039, lr: 0.000991, time: 0.10s
[INFO]: TRAIN epoch: 6 loss: 0.2758, grad_norm: 0.26081040501594543, lr: 0.000991, time: 0.10s
[INFO]: TRAIN epoch: 6 loss: 0.6694, grad_norm: 0.4114052653312683, lr: 0.000991, time: 0.10s
[INFO]: TRAIN epoch: 6 loss: 0.5337, grad_norm: 0.26666259765625, lr: 0.000991, time: 0.10s
[INFO]: TRAIN epoch: 6 loss: 0.0780, grad_norm: 0.2023194134235382, lr: 0.000991, time: 0.10s
[INFO]: TRAIN epoch: 6 loss: 0.3431, grad_norm: 0.3595898747444153, lr: 0.000991, time: 0.10s
[INFO]: TRAIN epoch: 6 loss: 0.1422, grad_norm: 0.280333548784256, lr: 0.000991, time: 0.10s
[INFO]: TRAIN epoch: 6 loss: 0.6833, grad_norm: 0.4428179860115051, lr: 0.000991, time: 0.10s
[INFO]: TRAIN epoch: 6 loss: 0.1259, grad_norm: 0.24886073172092438, lr: 0.000991, time: 0.10s
[INFO]: TRAIN epoch: 6 loss: 0.4038, grad_norm: 0.5311242341995239, lr: 0.000991, time: 0.10s
[INFO]: TRAIN epoch: 6 loss: 0.3936, grad_norm: 0.43800246715545654, lr: 0.000991, time: 0.10s
[INFO]: TRAIN epoch: 6 loss: 0.1234, grad_norm: 0.2545716464519501, lr: 0.000991, time: 0.10s
[INFO]: TRAIN epoch: 6 loss: 0.1643, grad_norm: 0.3475729525089264, lr: 0.000991, time: 0.10s
[INFO]: TRAIN epoch: 6 loss: 0.4354, grad_norm: 0.3963809609413147, lr: 0.000991, time: 0.10s
[INFO]: TRAIN epoch: 6 loss: 0.3447, grad_norm: 0.3065434694290161, lr: 0.000991, time: 0.10s
[INFO]: TRAIN epoch: 6 loss: 0.3229, grad_norm: 0.258095383644104, lr: 0.000991, time: 0.10s
[INFO]: TRAIN epoch: 6 loss: 0.4430, grad_norm: 0.45430788397789, lr: 0.000991, time: 0.10s
[INFO]: TRAIN epoch: 6 loss: 0.4191, grad_norm: 0.4478018879890442, lr: 0.000991, time: 0.10s
[INFO]: TRAIN epoch: 6 loss: 0.5251, grad_norm: 0.39749667048454285, lr: 0.000991, time: 0.10s
[INFO]: TRAIN epoch: 6 loss: 0.5138, grad_norm: 0.36893829703330994, lr: 0.000991, time: 0.10s
[INFO]: TRAIN epoch: 6 loss: 0.3754, grad_norm: 0.3130486011505127, lr: 0.000991, time: 0.10s
[INFO]: TRAIN epoch: 6 loss: 0.2595, grad_norm: 0.39226359128952026, lr: 0.000991, time: 0.11s
[INFO]: TRAIN epoch: 6 loss: 0.5660, grad_norm: 0.379316121339798, lr: 0.000991, time: 0.10s
[INFO]: TRAIN epoch: 6 loss: 0.5691, grad_norm: 0.41126006841659546, lr: 0.000991, time: 0.10s
[INFO]: TRAIN epoch: 6 loss: 0.4418, grad_norm: 0.39367222785949707, lr: 0.000991, time: 0.10s
[INFO]: TRAIN epoch: 6 loss: 0.3818, grad_norm: 0.34815505146980286, lr: 0.000991, time: 0.10s
[INFO]: TRAIN epoch: 6 loss: 0.4421, grad_norm: 0.3165455460548401, lr: 0.000991, time: 0.10s
[INFO]: TRAIN epoch: 6 loss: 0.3474, grad_norm: 0.2911752462387085, lr: 0.000991, time: 0.10s
[INFO]: TRAIN epoch: 6 loss: 0.1241, grad_norm: 0.37093880772590637, lr: 0.000991, time: 0.10s
[INFO]: TRAIN epoch: 6 loss: 0.5177, grad_norm: 0.3389544188976288, lr: 0.000991, time: 0.10s
[INFO]: TRAIN epoch: 6 loss: 0.1372, grad_norm: 0.483965128660202, lr: 0.000991, time: 0.10s
[INFO]: TRAIN epoch: 6 loss: 0.3793, grad_norm: 0.4630911946296692, lr: 0.000991, time: 0.11s
[INFO]: TRAIN epoch: 6 loss: 0.1838, grad_norm: 0.3363352417945862, lr: 0.000991, time: 0.10s
[INFO]: TRAIN epoch: 6 loss: 0.6416, grad_norm: 0.3109402060508728, lr: 0.000991, time: 0.10s
[INFO]: TRAIN epoch: 6 loss: 0.3211, grad_norm: 0.3437134325504303, lr: 0.000991, time: 0.10s
[INFO]: TRAIN epoch: 6 loss: 0.5915, grad_norm: 0.40238651633262634, lr: 0.000991, time: 0.10s
[INFO]: TRAIN epoch: 6 loss: 0.0832, grad_norm: 0.22355087101459503, lr: 0.000991, time: 0.10s
[INFO]: TRAIN epoch: 6 loss: 0.3808, grad_norm: 0.33105167746543884, lr: 0.000991, time: 0.10s
[INFO]: TRAIN epoch: 6 loss: 0.0851, grad_norm: 0.19799667596817017, lr: 0.000991, time: 0.10s
[INFO]: TRAIN epoch: 6 loss: 0.1501, grad_norm: 0.3058125972747803, lr: 0.000991, time: 0.10s
[INFO]: TRAIN epoch: 6 loss: 0.0670, grad_norm: 0.23370468616485596, lr: 0.000991, time: 0.10s
[INFO]: TRAIN epoch: 6 loss: 0.1132, grad_norm: 0.22266051173210144, lr: 0.000991, time: 0.10s
[INFO]: TRAIN epoch: 6 loss: 0.3715, grad_norm: 0.34138602018356323, lr: 0.000991, time: 0.10s
[INFO]: TRAIN epoch: 6 loss: 0.3607, grad_norm: 0.36134904623031616, lr: 0.000991, time: 0.10s
[INFO]: TRAIN epoch: 6 loss: 0.1727, grad_norm: 0.31637588143348694, lr: 0.000991, time: 0.10s
[INFO]: TRAIN epoch: 6 loss: 0.3005, grad_norm: 0.3689914047718048, lr: 0.000991, time: 0.10s
[INFO]: TRAIN epoch: 6 loss: 0.0491, grad_norm: 0.14858494699001312, lr: 0.000991, time: 0.10s
[INFO]: TRAIN epoch: 6 loss: 0.1147, grad_norm: 0.3337737023830414, lr: 0.000991, time: 0.10s
[INFO]: TRAIN epoch: 6 loss: 0.2966, grad_norm: 0.4861431419849396, lr: 0.000991, time: 0.10s
[INFO]: TRAIN epoch: 6 loss: 0.4442, grad_norm: 0.4628604054450989, lr: 0.000991, time: 0.10s
[INFO]: TRAIN epoch: 6 loss: 0.3588, grad_norm: 0.2986829876899719, lr: 0.000991, time: 0.10s
[INFO]: TRAIN epoch: 6 loss: 0.5911, grad_norm: 0.46399691700935364, lr: 0.000991, time: 0.10s
[INFO]: TRAIN epoch: 6 loss: 0.3549, grad_norm: 0.5819418430328369, lr: 0.000991, time: 0.10s
[INFO]: TRAIN epoch: 6 loss: 0.1947, grad_norm: 0.3206382095813751, lr: 0.000991, time: 0.10s
[INFO]: TRAIN epoch: 6 loss: 0.5608, grad_norm: 0.4990246295928955, lr: 0.000991, time: 0.10s
[INFO]: TRAIN epoch: 6 loss: 0.1686, grad_norm: 0.2458522766828537, lr: 0.000991, time: 0.10s
[INFO]: TRAIN epoch: 6 loss: 0.0865, grad_norm: 0.2274753898382187, lr: 0.000991, time: 0.10s
[INFO]: TRAIN epoch: 6 loss: 0.3509, grad_norm: 0.38726547360420227, lr: 0.000991, time: 0.10s
[INFO]: TRAIN epoch: 6 loss: 0.1674, grad_norm: 0.3718997836112976, lr: 0.000991, time: 0.11s
[INFO]: TRAIN epoch: 6 loss: 0.4254, grad_norm: 0.40310272574424744, lr: 0.000991, time: 0.10s
[INFO]: TRAIN epoch: 6 loss: 0.1410, grad_norm: 0.35009151697158813, lr: 0.000991, time: 0.10s
[INFO]: TRAIN epoch: 6 loss: 0.3833, grad_norm: 0.3119785189628601, lr: 0.000991, time: 0.10s
[INFO]: TRAIN epoch: 6 loss: 0.2815, grad_norm: 0.31725892424583435, lr: 0.000991, time: 0.10s
[INFO]: TRAIN epoch: 6 loss: 0.5282, grad_norm: 0.3510757386684418, lr: 0.000991, time: 0.10s
[INFO]: TRAIN epoch: 6 loss: 0.1103, grad_norm: 0.2924688756465912, lr: 0.000991, time: 0.10s
[INFO]: TRAIN epoch: 6 loss: 0.3764, grad_norm: 0.39249321818351746, lr: 0.000991, time: 0.10s
[INFO]: TRAIN epoch: 6 loss: 0.1020, grad_norm: 0.23100967705249786, lr: 0.000991, time: 0.10s
[INFO]: TRAIN epoch: 6 loss: 0.5607, grad_norm: 0.468872994184494, lr: 0.000991, time: 0.11s
[INFO]: TRAIN epoch: 6 loss: 0.3981, grad_norm: 0.39386048913002014, lr: 0.000991, time: 0.10s
[INFO]: TRAIN epoch: 6 loss: 0.1248, grad_norm: 0.33034512400627136, lr: 0.000991, time: 0.10s
[INFO]: TRAIN epoch: 6 loss: 0.0882, grad_norm: 0.26750338077545166, lr: 0.000991, time: 0.10s
[INFO]: TRAIN epoch: 6 loss: 0.5115, grad_norm: 0.39111214876174927, lr: 0.000991, time: 0.10s
[INFO]: TRAIN epoch: 6 loss: 0.4358, grad_norm: 0.5822727680206299, lr: 0.000991, time: 0.10s
[INFO]: TRAIN epoch: 6 loss: 0.2419, grad_norm: 0.4428215026855469, lr: 0.000991, time: 0.10s
[INFO]: TRAIN epoch: 6 loss: 0.2862, grad_norm: 0.563936173915863, lr: 0.000991, time: 0.10s
[INFO]: TRAIN epoch: 6 loss: 0.4055, grad_norm: 0.2937478721141815, lr: 0.000991, time: 0.10s
[INFO]: TRAIN epoch: 6 loss: 0.3069, grad_norm: 0.4428779184818268, lr: 0.000991, time: 0.10s
[INFO]: TRAIN epoch: 6 loss: 0.4519, grad_norm: 0.31896841526031494, lr: 0.000991, time: 0.10s
[INFO]: TRAIN epoch: 6 loss: 0.3064, grad_norm: 0.4036605656147003, lr: 0.000991, time: 0.10s
[INFO]: TRAIN epoch: 6 loss: 0.1035, grad_norm: 0.2641630470752716, lr: 0.000991, time: 0.10s
[INFO]: TRAIN epoch: 6 loss: 0.0572, grad_norm: 0.16881288588047028, lr: 0.000991, time: 0.10s
[INFO]: TRAIN epoch: 6 loss: 0.4887, grad_norm: 0.49379611015319824, lr: 0.000991, time: 0.11s
[INFO]: TRAIN epoch: 6 loss: 0.1982, grad_norm: 0.3498780429363251, lr: 0.000991, time: 0.10s
[INFO]: TRAIN epoch: 6 loss: 0.4246, grad_norm: 0.3322664201259613, lr: 0.000991, time: 0.10s
[INFO]: TRAIN epoch: 6 loss: 0.0737, grad_norm: 0.21837544441223145, lr: 0.000991, time: 0.10s
[INFO]: TRAIN epoch: 6 loss: 0.1877, grad_norm: 0.39200952649116516, lr: 0.000991, time: 0.10s
[INFO]: TRAIN epoch: 6 loss: 0.1399, grad_norm: 0.41345441341400146, lr: 0.000991, time: 0.10s
[INFO]: TRAIN epoch: 6 loss: 0.1249, grad_norm: 0.35683366656303406, lr: 0.000991, time: 0.10s
[INFO]: TRAIN epoch: 6 loss: 0.3191, grad_norm: 0.4378705322742462, lr: 0.000991, time: 0.11s
[INFO]: TRAIN epoch: 6 loss: 0.5086, grad_norm: 0.34131699800491333, lr: 0.000991, time: 0.10s
[INFO]: TRAIN epoch: 6 loss: 0.5043, grad_norm: 0.35943931341171265, lr: 0.000991, time: 0.10s
[INFO]: TRAIN epoch: 6 loss: 0.4632, grad_norm: 0.3120461106300354, lr: 0.000991, time: 0.10s
[INFO]: TRAIN epoch: 6 loss: 0.3680, grad_norm: 0.2723034620285034, lr: 0.000991, time: 0.10s
[INFO]: TRAIN epoch: 6 loss: 0.5286, grad_norm: 0.3665430247783661, lr: 0.000991, time: 0.10s
[INFO]: TRAIN epoch: 6 loss: 0.1817, grad_norm: 0.29592666029930115, lr: 0.000991, time: 0.10s
[INFO]: TRAIN epoch: 6 loss: 0.5826, grad_norm: 0.5204739570617676, lr: 0.000991, time: 0.10s
[INFO]: TRAIN epoch: 6 loss: 0.3784, grad_norm: 0.31142574548721313, lr: 0.000991, time: 0.10s
[INFO]: TRAIN epoch: 6 loss: 0.1393, grad_norm: 0.3381099998950958, lr: 0.000991, time: 0.10s
[INFO]: TRAIN epoch summary: 6 loss: 0.3323
[INFO]: VALIDATION epoch: 6 loss: 0.3132
[INFO]: TRAIN epoch: 7 loss: 0.0748, grad_norm: 0.19511626660823822, lr: 0.000988, time: 0.12s
[INFO]: TRAIN epoch: 7 loss: 0.3208, grad_norm: 0.30320286750793457, lr: 0.000988, time: 0.10s
[INFO]: TRAIN epoch: 7 loss: 0.1518, grad_norm: 0.3334748446941376, lr: 0.000988, time: 0.10s
[INFO]: TRAIN epoch: 7 loss: 0.3504, grad_norm: 0.28428810834884644, lr: 0.000988, time: 0.10s
[INFO]: TRAIN epoch: 7 loss: 0.0810, grad_norm: 0.19539283215999603, lr: 0.000988, time: 0.10s
[INFO]: TRAIN epoch: 7 loss: 0.0978, grad_norm: 0.22105805575847626, lr: 0.000988, time: 0.10s
[INFO]: TRAIN epoch: 7 loss: 0.4788, grad_norm: 0.28901705145835876, lr: 0.000988, time: 0.10s
[INFO]: TRAIN epoch: 7 loss: 0.0943, grad_norm: 0.20311115682125092, lr: 0.000988, time: 0.10s
[INFO]: TRAIN epoch: 7 loss: 0.4180, grad_norm: 0.43743520975112915, lr: 0.000988, time: 0.10s
[INFO]: TRAIN epoch: 7 loss: 0.2073, grad_norm: 0.30190327763557434, lr: 0.000988, time: 0.10s
[INFO]: TRAIN epoch: 7 loss: 0.2095, grad_norm: 0.2932853400707245, lr: 0.000988, time: 0.10s
[INFO]: TRAIN epoch: 7 loss: 0.4197, grad_norm: 0.35453537106513977, lr: 0.000988, time: 0.10s
[INFO]: TRAIN epoch: 7 loss: 0.5509, grad_norm: 0.47904860973358154, lr: 0.000988, time: 0.10s
[INFO]: TRAIN epoch: 7 loss: 0.1435, grad_norm: 0.2585534155368805, lr: 0.000988, time: 0.10s
[INFO]: TRAIN epoch: 7 loss: 0.0688, grad_norm: 0.17182105779647827, lr: 0.000988, time: 0.10s
[INFO]: TRAIN epoch: 7 loss: 0.1321, grad_norm: 0.33696407079696655, lr: 0.000988, time: 0.10s
[INFO]: TRAIN epoch: 7 loss: 0.2078, grad_norm: 0.2829473912715912, lr: 0.000988, time: 0.10s
[INFO]: TRAIN epoch: 7 loss: 0.3546, grad_norm: 0.3743705749511719, lr: 0.000988, time: 0.10s
[INFO]: TRAIN epoch: 7 loss: 0.3625, grad_norm: 0.33952227234840393, lr: 0.000988, time: 0.10s
[INFO]: TRAIN epoch: 7 loss: 0.1304, grad_norm: 0.31899890303611755, lr: 0.000988, time: 0.10s
[INFO]: TRAIN epoch: 7 loss: 0.1027, grad_norm: 0.3319135010242462, lr: 0.000988, time: 0.10s
[INFO]: TRAIN epoch: 7 loss: 0.1124, grad_norm: 0.2617267370223999, lr: 0.000988, time: 0.10s
[INFO]: TRAIN epoch: 7 loss: 0.0765, grad_norm: 0.2247738093137741, lr: 0.000988, time: 0.11s
[INFO]: TRAIN epoch: 7 loss: 0.0640, grad_norm: 0.24275173246860504, lr: 0.000988, time: 0.10s
[INFO]: TRAIN epoch: 7 loss: 0.1617, grad_norm: 0.27479055523872375, lr: 0.000988, time: 0.10s
[INFO]: TRAIN epoch: 7 loss: 0.2933, grad_norm: 0.45597872138023376, lr: 0.000988, time: 0.10s
[INFO]: TRAIN epoch: 7 loss: 0.1820, grad_norm: 0.37083953619003296, lr: 0.000988, time: 0.10s
[INFO]: TRAIN epoch: 7 loss: 0.2714, grad_norm: 0.36817020177841187, lr: 0.000988, time: 0.10s
[INFO]: TRAIN epoch: 7 loss: 0.2327, grad_norm: 0.34266990423202515, lr: 0.000988, time: 0.10s
[INFO]: TRAIN epoch: 7 loss: 0.3603, grad_norm: 0.4292807877063751, lr: 0.000988, time: 0.10s
[INFO]: TRAIN epoch: 7 loss: 0.5196, grad_norm: 0.5818237662315369, lr: 0.000988, time: 0.10s
[INFO]: TRAIN epoch: 7 loss: 0.4247, grad_norm: 0.44112905859947205, lr: 0.000988, time: 0.10s
[INFO]: TRAIN epoch: 7 loss: 0.1195, grad_norm: 0.3668060004711151, lr: 0.000988, time: 0.10s
[INFO]: TRAIN epoch: 7 loss: 0.3355, grad_norm: 0.3850574195384979, lr: 0.000988, time: 0.10s
[INFO]: TRAIN epoch: 7 loss: 0.3881, grad_norm: 0.4560188055038452, lr: 0.000988, time: 0.10s
[INFO]: TRAIN epoch: 7 loss: 0.4014, grad_norm: 0.41193392872810364, lr: 0.000988, time: 0.10s
[INFO]: TRAIN epoch: 7 loss: 0.2111, grad_norm: 0.33714383840560913, lr: 0.000988, time: 0.10s
[INFO]: TRAIN epoch: 7 loss: 0.3789, grad_norm: 0.5464298725128174, lr: 0.000988, time: 0.10s
[INFO]: TRAIN epoch: 7 loss: 0.1967, grad_norm: 0.38189709186553955, lr: 0.000988, time: 0.10s
[INFO]: TRAIN epoch: 7 loss: 0.1364, grad_norm: 0.24817052483558655, lr: 0.000988, time: 0.10s
[INFO]: TRAIN epoch: 7 loss: 0.3893, grad_norm: 0.3853031098842621, lr: 0.000988, time: 0.10s
[INFO]: TRAIN epoch: 7 loss: 0.4372, grad_norm: 0.3754311501979828, lr: 0.000988, time: 0.10s
[INFO]: TRAIN epoch: 7 loss: 0.3600, grad_norm: 0.342813104391098, lr: 0.000988, time: 0.10s
[INFO]: TRAIN epoch: 7 loss: 0.3765, grad_norm: 0.47468656301498413, lr: 0.000988, time: 0.10s
[INFO]: TRAIN epoch: 7 loss: 0.1770, grad_norm: 0.3915361166000366, lr: 0.000988, time: 0.10s
[INFO]: TRAIN epoch: 7 loss: 0.0776, grad_norm: 0.18266910314559937, lr: 0.000988, time: 0.10s
[INFO]: TRAIN epoch: 7 loss: 0.1597, grad_norm: 0.31247401237487793, lr: 0.000988, time: 0.11s
[INFO]: TRAIN epoch: 7 loss: 0.4522, grad_norm: 0.34677618741989136, lr: 0.000988, time: 0.10s
[INFO]: TRAIN epoch: 7 loss: 0.1572, grad_norm: 0.27201521396636963, lr: 0.000988, time: 0.10s
[INFO]: TRAIN epoch: 7 loss: 0.0995, grad_norm: 0.2478283941745758, lr: 0.000988, time: 0.10s
[INFO]: TRAIN epoch: 7 loss: 0.3136, grad_norm: 0.37793275713920593, lr: 0.000988, time: 0.10s
[INFO]: TRAIN epoch: 7 loss: 0.1200, grad_norm: 0.4165351986885071, lr: 0.000988, time: 0.10s
[INFO]: TRAIN epoch: 7 loss: 0.5540, grad_norm: 0.4589611887931824, lr: 0.000988, time: 0.10s
[INFO]: TRAIN epoch: 7 loss: 0.3984, grad_norm: 0.5044374465942383, lr: 0.000988, time: 0.10s
[INFO]: TRAIN epoch: 7 loss: 0.3422, grad_norm: 0.38875812292099, lr: 0.000988, time: 0.10s
[INFO]: TRAIN epoch: 7 loss: 0.2346, grad_norm: 0.44977182149887085, lr: 0.000988, time: 0.11s
[INFO]: TRAIN epoch: 7 loss: 0.1656, grad_norm: 0.44668734073638916, lr: 0.000988, time: 0.10s
[INFO]: TRAIN epoch: 7 loss: 0.1304, grad_norm: 0.34389689564704895, lr: 0.000988, time: 0.10s
[INFO]: TRAIN epoch: 7 loss: 0.1134, grad_norm: 0.29811134934425354, lr: 0.000988, time: 0.10s
[INFO]: TRAIN epoch: 7 loss: 0.4808, grad_norm: 0.5579894185066223, lr: 0.000988, time: 0.10s
[INFO]: TRAIN epoch: 7 loss: 0.1214, grad_norm: 0.21773973107337952, lr: 0.000988, time: 0.10s
[INFO]: TRAIN epoch: 7 loss: 0.5385, grad_norm: 0.41118326783180237, lr: 0.000988, time: 0.10s
[INFO]: TRAIN epoch: 7 loss: 0.4011, grad_norm: 0.37575602531433105, lr: 0.000988, time: 0.10s
[INFO]: TRAIN epoch: 7 loss: 0.4797, grad_norm: 0.3284711539745331, lr: 0.000988, time: 0.10s
[INFO]: TRAIN epoch: 7 loss: 0.3327, grad_norm: 0.31623023748397827, lr: 0.000988, time: 0.10s
[INFO]: TRAIN epoch: 7 loss: 0.3349, grad_norm: 0.3915019631385803, lr: 0.000988, time: 0.10s
[INFO]: TRAIN epoch: 7 loss: 0.3208, grad_norm: 0.27135801315307617, lr: 0.000988, time: 0.10s
[INFO]: TRAIN epoch: 7 loss: 0.2528, grad_norm: 0.3166947066783905, lr: 0.000988, time: 0.10s
[INFO]: TRAIN epoch: 7 loss: 0.7298, grad_norm: 0.4295244514942169, lr: 0.000988, time: 0.10s
[INFO]: TRAIN epoch: 7 loss: 0.4113, grad_norm: 0.3904689848423004, lr: 0.000988, time: 0.10s
[INFO]: TRAIN epoch: 7 loss: 0.4317, grad_norm: 0.48247548937797546, lr: 0.000988, time: 0.10s
[INFO]: TRAIN epoch: 7 loss: 0.3693, grad_norm: 0.4829980731010437, lr: 0.000988, time: 0.11s
[INFO]: TRAIN epoch: 7 loss: 0.3356, grad_norm: 0.3856070041656494, lr: 0.000988, time: 0.10s
[INFO]: TRAIN epoch: 7 loss: 0.5443, grad_norm: 0.3606037497520447, lr: 0.000988, time: 0.10s
[INFO]: TRAIN epoch: 7 loss: 0.3301, grad_norm: 0.26741766929626465, lr: 0.000988, time: 0.10s
[INFO]: TRAIN epoch: 7 loss: 0.2322, grad_norm: 0.36004719138145447, lr: 0.000988, time: 0.11s
[INFO]: TRAIN epoch: 7 loss: 0.5699, grad_norm: 0.39847737550735474, lr: 0.000988, time: 0.10s
[INFO]: TRAIN epoch: 7 loss: 0.4724, grad_norm: 0.3525177240371704, lr: 0.000988, time: 0.10s
[INFO]: TRAIN epoch: 7 loss: 0.0876, grad_norm: 0.2935783267021179, lr: 0.000988, time: 0.10s
[INFO]: TRAIN epoch: 7 loss: 0.3537, grad_norm: 0.3638559877872467, lr: 0.000988, time: 0.10s
[INFO]: TRAIN epoch: 7 loss: 0.1133, grad_norm: 0.2905137836933136, lr: 0.000988, time: 0.10s
[INFO]: TRAIN epoch: 7 loss: 0.3642, grad_norm: 0.39475926756858826, lr: 0.000988, time: 0.10s
[INFO]: TRAIN epoch: 7 loss: 0.3404, grad_norm: 0.3458901345729828, lr: 0.000988, time: 0.10s
[INFO]: TRAIN epoch: 7 loss: 0.1693, grad_norm: 0.3482135534286499, lr: 0.000988, time: 0.10s
[INFO]: TRAIN epoch: 7 loss: 0.1043, grad_norm: 0.26463037729263306, lr: 0.000988, time: 0.10s
[INFO]: TRAIN epoch: 7 loss: 0.4011, grad_norm: 0.4740777909755707, lr: 0.000988, time: 0.10s
[INFO]: TRAIN epoch: 7 loss: 0.4623, grad_norm: 0.38518524169921875, lr: 0.000988, time: 0.10s
[INFO]: TRAIN epoch: 7 loss: 0.1029, grad_norm: 0.18352250754833221, lr: 0.000988, time: 0.10s
[INFO]: TRAIN epoch: 7 loss: 0.1457, grad_norm: 0.2775997519493103, lr: 0.000988, time: 0.10s
[INFO]: TRAIN epoch: 7 loss: 0.1829, grad_norm: 0.35696491599082947, lr: 0.000988, time: 0.10s
[INFO]: TRAIN epoch: 7 loss: 0.0906, grad_norm: 0.232454314827919, lr: 0.000988, time: 0.10s
[INFO]: TRAIN epoch: 7 loss: 0.4293, grad_norm: 0.35436856746673584, lr: 0.000988, time: 0.10s
[INFO]: TRAIN epoch: 7 loss: 0.1081, grad_norm: 0.25980037450790405, lr: 0.000988, time: 0.10s
[INFO]: TRAIN epoch: 7 loss: 0.1618, grad_norm: 0.26156580448150635, lr: 0.000988, time: 0.10s
[INFO]: TRAIN epoch: 7 loss: 0.3932, grad_norm: 0.36416560411453247, lr: 0.000988, time: 0.10s
[INFO]: TRAIN epoch: 7 loss: 0.4172, grad_norm: 0.344131201505661, lr: 0.000988, time: 0.10s
[INFO]: TRAIN epoch: 7 loss: 0.1114, grad_norm: 0.30510127544403076, lr: 0.000988, time: 0.10s
[INFO]: TRAIN epoch: 7 loss: 0.3128, grad_norm: 0.3085160553455353, lr: 0.000988, time: 0.10s
[INFO]: TRAIN epoch: 7 loss: 0.4066, grad_norm: 0.40277808904647827, lr: 0.000988, time: 0.10s
[INFO]: TRAIN epoch: 7 loss: 0.5320, grad_norm: 0.4872242212295532, lr: 0.000988, time: 0.10s
[INFO]: TRAIN epoch: 7 loss: 0.1801, grad_norm: 0.32336241006851196, lr: 0.000988, time: 0.10s
[INFO]: TRAIN epoch: 7 loss: 0.5464, grad_norm: 0.36397743225097656, lr: 0.000988, time: 0.10s
[INFO]: TRAIN epoch: 7 loss: 0.6340, grad_norm: 0.3946252763271332, lr: 0.000988, time: 0.10s
[INFO]: TRAIN epoch: 7 loss: 0.2929, grad_norm: 0.33941417932510376, lr: 0.000988, time: 0.11s
[INFO]: TRAIN epoch: 7 loss: 0.1291, grad_norm: 0.3545924127101898, lr: 0.000988, time: 0.10s
[INFO]: TRAIN epoch: 7 loss: 0.5162, grad_norm: 0.4126524031162262, lr: 0.000988, time: 0.10s
[INFO]: TRAIN epoch: 7 loss: 0.0444, grad_norm: 0.15553447604179382, lr: 0.000988, time: 0.10s
[INFO]: TRAIN epoch: 7 loss: 0.1155, grad_norm: 0.34103327989578247, lr: 0.000988, time: 0.10s
[INFO]: TRAIN epoch: 7 loss: 0.1574, grad_norm: 0.31245699524879456, lr: 0.000988, time: 0.10s
[INFO]: TRAIN epoch: 7 loss: 0.5940, grad_norm: 0.38146182894706726, lr: 0.000988, time: 0.10s
[INFO]: TRAIN epoch: 7 loss: 0.5516, grad_norm: 0.28098955750465393, lr: 0.000988, time: 0.10s
[INFO]: TRAIN epoch: 7 loss: 0.6007, grad_norm: 0.4336244463920593, lr: 0.000988, time: 0.10s
[INFO]: TRAIN epoch: 7 loss: 0.4402, grad_norm: 0.3167501389980316, lr: 0.000988, time: 0.10s
[INFO]: TRAIN epoch: 7 loss: 0.2630, grad_norm: 0.28815576434135437, lr: 0.000988, time: 0.10s
[INFO]: TRAIN epoch: 7 loss: 0.3015, grad_norm: 0.3670298159122467, lr: 0.000988, time: 0.10s
[INFO]: TRAIN epoch: 7 loss: 0.3305, grad_norm: 0.3354722261428833, lr: 0.000988, time: 0.10s
[INFO]: TRAIN epoch: 7 loss: 0.1005, grad_norm: 0.25090551376342773, lr: 0.000988, time: 0.10s
[INFO]: TRAIN epoch: 7 loss: 0.8705, grad_norm: 0.3852180242538452, lr: 0.000988, time: 0.10s
[INFO]: TRAIN epoch: 7 loss: 0.4887, grad_norm: 0.3797915577888489, lr: 0.000988, time: 0.10s
[INFO]: TRAIN epoch: 7 loss: 0.0957, grad_norm: 0.2233620584011078, lr: 0.000988, time: 0.10s
[INFO]: TRAIN epoch: 7 loss: 0.0547, grad_norm: 0.1600773185491562, lr: 0.000988, time: 0.11s
[INFO]: TRAIN epoch: 7 loss: 0.0914, grad_norm: 0.2595632076263428, lr: 0.000988, time: 0.10s
[INFO]: TRAIN epoch: 7 loss: 0.2632, grad_norm: 0.3692866861820221, lr: 0.000988, time: 0.10s
[INFO]: TRAIN epoch: 7 loss: 0.4242, grad_norm: 0.37087172269821167, lr: 0.000988, time: 0.10s
[INFO]: TRAIN epoch: 7 loss: 0.2258, grad_norm: 0.31283849477767944, lr: 0.000988, time: 0.10s
[INFO]: TRAIN epoch: 7 loss: 0.3660, grad_norm: 0.4669608771800995, lr: 0.000988, time: 0.10s
[INFO]: TRAIN epoch: 7 loss: 0.4383, grad_norm: 0.378800630569458, lr: 0.000988, time: 0.10s
[INFO]: TRAIN epoch: 7 loss: 0.3581, grad_norm: 0.46937668323516846, lr: 0.000988, time: 0.10s
[INFO]: TRAIN epoch: 7 loss: 0.5768, grad_norm: 0.42424073815345764, lr: 0.000988, time: 0.10s
[INFO]: TRAIN epoch: 7 loss: 0.3522, grad_norm: 0.30590879917144775, lr: 0.000988, time: 0.10s
[INFO]: TRAIN epoch: 7 loss: 0.4039, grad_norm: 0.3208211362361908, lr: 0.000988, time: 0.11s
[INFO]: TRAIN epoch: 7 loss: 0.3358, grad_norm: 0.40178531408309937, lr: 0.000988, time: 0.10s
[INFO]: TRAIN epoch: 7 loss: 0.2547, grad_norm: 0.4476162791252136, lr: 0.000988, time: 0.10s
[INFO]: TRAIN epoch: 7 loss: 0.0758, grad_norm: 0.20894618332386017, lr: 0.000988, time: 0.10s
[INFO]: TRAIN epoch: 7 loss: 0.4448, grad_norm: 0.358913391828537, lr: 0.000988, time: 0.10s
[INFO]: TRAIN epoch: 7 loss: 0.5756, grad_norm: 0.545254111289978, lr: 0.000988, time: 0.10s
[INFO]: TRAIN epoch: 7 loss: 0.4423, grad_norm: 0.3637198209762573, lr: 0.000988, time: 0.10s
[INFO]: TRAIN epoch: 7 loss: 0.4290, grad_norm: 0.3031596839427948, lr: 0.000988, time: 0.10s
[INFO]: TRAIN epoch: 7 loss: 0.4576, grad_norm: 0.5373836159706116, lr: 0.000988, time: 0.10s
[INFO]: TRAIN epoch: 7 loss: 0.4581, grad_norm: 0.40180471539497375, lr: 0.000988, time: 0.10s
[INFO]: TRAIN epoch: 7 loss: 0.4945, grad_norm: 0.370145320892334, lr: 0.000988, time: 0.11s
[INFO]: TRAIN epoch: 7 loss: 0.1278, grad_norm: 0.3377879559993744, lr: 0.000988, time: 0.10s
[INFO]: TRAIN epoch: 7 loss: 0.1401, grad_norm: 0.27780571579933167, lr: 0.000988, time: 0.10s
[INFO]: TRAIN epoch: 7 loss: 0.3017, grad_norm: 0.32424116134643555, lr: 0.000988, time: 0.10s
[INFO]: TRAIN epoch: 7 loss: 0.4305, grad_norm: 0.3928530514240265, lr: 0.000988, time: 0.10s
[INFO]: TRAIN epoch: 7 loss: 0.0732, grad_norm: 0.1362372189760208, lr: 0.000988, time: 0.10s
[INFO]: TRAIN epoch: 7 loss: 0.3581, grad_norm: 0.4222584664821625, lr: 0.000988, time: 0.10s
[INFO]: TRAIN epoch: 7 loss: 0.1290, grad_norm: 0.3111964166164398, lr: 0.000988, time: 0.10s
[INFO]: TRAIN epoch: 7 loss: 0.5267, grad_norm: 0.3437781035900116, lr: 0.000988, time: 0.10s
[INFO]: TRAIN epoch: 7 loss: 0.1913, grad_norm: 0.24037539958953857, lr: 0.000988, time: 0.10s
[INFO]: TRAIN epoch: 7 loss: 0.3482, grad_norm: 0.37982192635536194, lr: 0.000988, time: 0.10s
[INFO]: TRAIN epoch: 7 loss: 0.3588, grad_norm: 0.3670318126678467, lr: 0.000988, time: 0.10s
[INFO]: TRAIN epoch: 7 loss: 0.1149, grad_norm: 0.2871148884296417, lr: 0.000988, time: 0.10s
[INFO]: TRAIN epoch: 7 loss: 0.1293, grad_norm: 0.3402307629585266, lr: 0.000988, time: 0.10s
[INFO]: TRAIN epoch: 7 loss: 0.3607, grad_norm: 0.4125000536441803, lr: 0.000988, time: 0.11s
[INFO]: TRAIN epoch: 7 loss: 0.7990, grad_norm: 0.5276117324829102, lr: 0.000988, time: 0.10s
[INFO]: TRAIN epoch: 7 loss: 0.4813, grad_norm: 0.5824300646781921, lr: 0.000988, time: 0.11s
[INFO]: TRAIN epoch: 7 loss: 0.1721, grad_norm: 0.3508731722831726, lr: 0.000988, time: 0.10s
[INFO]: TRAIN epoch: 7 loss: 0.3349, grad_norm: 0.3281482756137848, lr: 0.000988, time: 0.10s
[INFO]: TRAIN epoch: 7 loss: 0.4070, grad_norm: 0.3925691843032837, lr: 0.000988, time: 0.10s
[INFO]: TRAIN epoch: 7 loss: 0.1635, grad_norm: 0.28672510385513306, lr: 0.000988, time: 0.10s
[INFO]: TRAIN epoch: 7 loss: 0.1666, grad_norm: 0.292831689119339, lr: 0.000988, time: 0.10s
[INFO]: TRAIN epoch: 7 loss: 0.0988, grad_norm: 0.1921914517879486, lr: 0.000988, time: 0.10s
[INFO]: TRAIN epoch: 7 loss: 0.3449, grad_norm: 0.46626514196395874, lr: 0.000988, time: 0.10s
[INFO]: TRAIN epoch: 7 loss: 0.2237, grad_norm: 0.2805793881416321, lr: 0.000988, time: 0.10s
[INFO]: TRAIN epoch: 7 loss: 0.0910, grad_norm: 0.31308141350746155, lr: 0.000988, time: 0.10s
[INFO]: TRAIN epoch: 7 loss: 0.0976, grad_norm: 0.21533040702342987, lr: 0.000988, time: 0.10s
[INFO]: TRAIN epoch: 7 loss: 0.1468, grad_norm: 0.2613208293914795, lr: 0.000988, time: 0.10s
[INFO]: TRAIN epoch: 7 loss: 0.2770, grad_norm: 0.3591897189617157, lr: 0.000988, time: 0.10s
[INFO]: TRAIN epoch: 7 loss: 0.1771, grad_norm: 0.3043363690376282, lr: 0.000988, time: 0.10s
[INFO]: TRAIN epoch: 7 loss: 0.1585, grad_norm: 0.3203444480895996, lr: 0.000988, time: 0.11s
[INFO]: TRAIN epoch: 7 loss: 0.3003, grad_norm: 0.44933295249938965, lr: 0.000988, time: 0.10s
[INFO]: TRAIN epoch: 7 loss: 0.1020, grad_norm: 0.3178447484970093, lr: 0.000988, time: 0.10s
[INFO]: TRAIN epoch: 7 loss: 0.3570, grad_norm: 0.4982553720474243, lr: 0.000988, time: 0.10s
[INFO]: TRAIN epoch: 7 loss: 0.2818, grad_norm: 0.4956636428833008, lr: 0.000988, time: 0.10s
[INFO]: TRAIN epoch: 7 loss: 0.3410, grad_norm: 0.39070773124694824, lr: 0.000988, time: 0.10s
[INFO]: TRAIN epoch: 7 loss: 0.6865, grad_norm: 0.3981797695159912, lr: 0.000988, time: 0.10s
[INFO]: TRAIN epoch: 7 loss: 0.1451, grad_norm: 0.36428114771842957, lr: 0.000988, time: 0.10s
[INFO]: TRAIN epoch: 7 loss: 0.5237, grad_norm: 0.5318852663040161, lr: 0.000988, time: 0.10s
[INFO]: TRAIN epoch: 7 loss: 0.5103, grad_norm: 0.4896172285079956, lr: 0.000988, time: 0.10s
[INFO]: TRAIN epoch: 7 loss: 0.1086, grad_norm: 0.223407581448555, lr: 0.000988, time: 0.10s
[INFO]: TRAIN epoch: 7 loss: 0.0952, grad_norm: 0.2657971680164337, lr: 0.000988, time: 0.11s
[INFO]: TRAIN epoch: 7 loss: 0.2189, grad_norm: 0.3888840973377228, lr: 0.000988, time: 0.10s
[INFO]: TRAIN epoch: 7 loss: 0.5508, grad_norm: 0.3855176568031311, lr: 0.000988, time: 0.10s
[INFO]: TRAIN epoch: 7 loss: 0.3722, grad_norm: 0.33262211084365845, lr: 0.000988, time: 0.10s
[INFO]: TRAIN epoch: 7 loss: 0.1669, grad_norm: 0.23388978838920593, lr: 0.000988, time: 0.10s
[INFO]: TRAIN epoch: 7 loss: 0.0915, grad_norm: 0.23508599400520325, lr: 0.000988, time: 0.10s
[INFO]: TRAIN epoch: 7 loss: 0.0745, grad_norm: 0.23401214182376862, lr: 0.000988, time: 0.10s
[INFO]: TRAIN epoch: 7 loss: 0.4577, grad_norm: 0.3546507656574249, lr: 0.000988, time: 0.10s
[INFO]: TRAIN epoch: 7 loss: 0.2864, grad_norm: 0.47621259093284607, lr: 0.000988, time: 0.10s
[INFO]: TRAIN epoch: 7 loss: 0.1869, grad_norm: 0.34650108218193054, lr: 0.000988, time: 0.10s
[INFO]: TRAIN epoch: 7 loss: 0.3740, grad_norm: 0.44664543867111206, lr: 0.000988, time: 0.11s
[INFO]: TRAIN epoch: 7 loss: 0.6238, grad_norm: 0.42977866530418396, lr: 0.000988, time: 0.11s
[INFO]: TRAIN epoch: 7 loss: 0.3659, grad_norm: 0.38222140073776245, lr: 0.000988, time: 0.10s
[INFO]: TRAIN epoch: 7 loss: 0.4472, grad_norm: 0.31037554144859314, lr: 0.000988, time: 0.10s
[INFO]: TRAIN epoch: 7 loss: 0.0991, grad_norm: 0.22882533073425293, lr: 0.000988, time: 0.10s
[INFO]: TRAIN epoch: 7 loss: 0.0775, grad_norm: 0.1992374062538147, lr: 0.000988, time: 0.10s
[INFO]: TRAIN epoch: 7 loss: 0.5892, grad_norm: 0.4605690538883209, lr: 0.000988, time: 0.10s
[INFO]: TRAIN epoch: 7 loss: 0.5438, grad_norm: 0.3048970699310303, lr: 0.000988, time: 0.10s
[INFO]: TRAIN epoch: 7 loss: 0.4637, grad_norm: 0.3400767147541046, lr: 0.000988, time: 0.10s
[INFO]: TRAIN epoch: 7 loss: 0.5213, grad_norm: 0.44527700543403625, lr: 0.000988, time: 0.10s
[INFO]: TRAIN epoch: 7 loss: 0.5432, grad_norm: 0.3489203155040741, lr: 0.000988, time: 0.10s
[INFO]: TRAIN epoch: 7 loss: 0.2716, grad_norm: 0.47632816433906555, lr: 0.000988, time: 0.11s
[INFO]: TRAIN epoch: 7 loss: 0.1245, grad_norm: 0.2397896945476532, lr: 0.000988, time: 0.10s
[INFO]: TRAIN epoch: 7 loss: 0.1939, grad_norm: 0.32419872283935547, lr: 0.000988, time: 0.10s
[INFO]: TRAIN epoch: 7 loss: 0.0615, grad_norm: 0.1384664624929428, lr: 0.000988, time: 0.10s
[INFO]: TRAIN epoch: 7 loss: 0.5438, grad_norm: 0.4068206250667572, lr: 0.000988, time: 0.10s
[INFO]: TRAIN epoch: 7 loss: 0.3022, grad_norm: 0.30300912261009216, lr: 0.000988, time: 0.11s
[INFO]: TRAIN epoch: 7 loss: 0.1281, grad_norm: 0.2515014410018921, lr: 0.000988, time: 0.10s
[INFO]: TRAIN epoch: 7 loss: 0.3464, grad_norm: 0.2601432204246521, lr: 0.000988, time: 0.10s
[INFO]: TRAIN epoch: 7 loss: 0.2592, grad_norm: 0.3217315375804901, lr: 0.000988, time: 0.10s
[INFO]: TRAIN epoch: 7 loss: 0.0850, grad_norm: 0.2523950934410095, lr: 0.000988, time: 0.10s
[INFO]: TRAIN epoch: 7 loss: 0.4279, grad_norm: 0.39623960852622986, lr: 0.000988, time: 0.10s
[INFO]: TRAIN epoch: 7 loss: 0.2999, grad_norm: 0.33913901448249817, lr: 0.000988, time: 0.10s
[INFO]: TRAIN epoch: 7 loss: 0.3806, grad_norm: 0.3404977321624756, lr: 0.000988, time: 0.10s
[INFO]: TRAIN epoch: 7 loss: 0.0482, grad_norm: 0.1300697922706604, lr: 0.000988, time: 0.10s
[INFO]: TRAIN epoch: 7 loss: 0.1312, grad_norm: 0.25415337085723877, lr: 0.000988, time: 0.10s
[INFO]: TRAIN epoch: 7 loss: 0.2225, grad_norm: 0.4518479108810425, lr: 0.000988, time: 0.10s
[INFO]: TRAIN epoch: 7 loss: 0.2412, grad_norm: 0.5539770722389221, lr: 0.000988, time: 0.10s
[INFO]: TRAIN epoch: 7 loss: 0.4872, grad_norm: 0.34258386492729187, lr: 0.000988, time: 0.10s
[INFO]: TRAIN epoch: 7 loss: 0.3110, grad_norm: 0.29705822467803955, lr: 0.000988, time: 0.10s
[INFO]: TRAIN epoch: 7 loss: 0.1958, grad_norm: 0.31313467025756836, lr: 0.000988, time: 0.10s
[INFO]: TRAIN epoch: 7 loss: 0.1244, grad_norm: 0.3013538718223572, lr: 0.000988, time: 0.10s
[INFO]: TRAIN epoch: 7 loss: 0.5188, grad_norm: 0.5667675733566284, lr: 0.000988, time: 0.10s
[INFO]: TRAIN epoch: 7 loss: 0.6938, grad_norm: 0.4539894759654999, lr: 0.000988, time: 0.10s
[INFO]: TRAIN epoch: 7 loss: 0.2605, grad_norm: 0.3036889433860779, lr: 0.000988, time: 0.10s
[INFO]: TRAIN epoch: 7 loss: 0.6498, grad_norm: 0.536173403263092, lr: 0.000988, time: 0.10s
[INFO]: TRAIN epoch: 7 loss: 0.2513, grad_norm: 0.4347824156284332, lr: 0.000988, time: 0.10s
[INFO]: TRAIN epoch: 7 loss: 0.4486, grad_norm: 0.4066847562789917, lr: 0.000988, time: 0.10s
[INFO]: TRAIN epoch: 7 loss: 0.4370, grad_norm: 0.33252793550491333, lr: 0.000988, time: 0.10s
[INFO]: TRAIN epoch: 7 loss: 0.1329, grad_norm: 0.27700018882751465, lr: 0.000988, time: 0.10s
[INFO]: TRAIN epoch: 7 loss: 0.3090, grad_norm: 0.3628743290901184, lr: 0.000988, time: 0.10s
[INFO]: TRAIN epoch: 7 loss: 0.2544, grad_norm: 0.3598533272743225, lr: 0.000988, time: 0.10s
[INFO]: TRAIN epoch: 7 loss: 0.3516, grad_norm: 0.3931952118873596, lr: 0.000988, time: 0.10s
[INFO]: TRAIN epoch: 7 loss: 0.1824, grad_norm: 0.3168542981147766, lr: 0.000988, time: 0.10s
[INFO]: TRAIN epoch: 7 loss: 0.3701, grad_norm: 0.3149350583553314, lr: 0.000988, time: 0.10s
[INFO]: TRAIN epoch: 7 loss: 0.3369, grad_norm: 0.43631604313850403, lr: 0.000988, time: 0.10s
[INFO]: TRAIN epoch: 7 loss: 0.2438, grad_norm: 0.43703845143318176, lr: 0.000988, time: 0.10s
[INFO]: TRAIN epoch: 7 loss: 0.3997, grad_norm: 0.3263629674911499, lr: 0.000988, time: 0.10s
[INFO]: TRAIN epoch: 7 loss: 0.1157, grad_norm: 0.2526560425758362, lr: 0.000988, time: 0.10s
[INFO]: TRAIN epoch: 7 loss: 0.4812, grad_norm: 0.3088368773460388, lr: 0.000988, time: 0.10s
[INFO]: TRAIN epoch: 7 loss: 0.2564, grad_norm: 0.35057899355888367, lr: 0.000988, time: 0.10s
[INFO]: TRAIN epoch: 7 loss: 0.2824, grad_norm: 0.3855655789375305, lr: 0.000988, time: 0.10s
[INFO]: TRAIN epoch: 7 loss: 0.1379, grad_norm: 0.2499317079782486, lr: 0.000988, time: 0.10s
[INFO]: TRAIN epoch: 7 loss: 0.2595, grad_norm: 0.33770737051963806, lr: 0.000988, time: 0.10s
[INFO]: TRAIN epoch: 7 loss: 0.4093, grad_norm: 0.3179195523262024, lr: 0.000988, time: 0.10s
[INFO]: TRAIN epoch: 7 loss: 0.1199, grad_norm: 0.24858196079730988, lr: 0.000988, time: 0.10s
[INFO]: TRAIN epoch: 7 loss: 0.7521, grad_norm: 0.4761153757572174, lr: 0.000988, time: 0.10s
[INFO]: TRAIN epoch: 7 loss: 0.2953, grad_norm: 0.3979058861732483, lr: 0.000988, time: 0.10s
[INFO]: TRAIN epoch: 7 loss: 0.4948, grad_norm: 0.5198668837547302, lr: 0.000988, time: 0.10s
[INFO]: TRAIN epoch: 7 loss: 0.3737, grad_norm: 0.3227021396160126, lr: 0.000988, time: 0.10s
[INFO]: TRAIN epoch: 7 loss: 0.3879, grad_norm: 0.3991831839084625, lr: 0.000988, time: 0.10s
[INFO]: TRAIN epoch: 7 loss: 0.3133, grad_norm: 0.3389210104942322, lr: 0.000988, time: 0.10s
[INFO]: TRAIN epoch: 7 loss: 0.6429, grad_norm: 0.4279788136482239, lr: 0.000988, time: 0.10s
[INFO]: TRAIN epoch: 7 loss: 0.5541, grad_norm: 0.3580458164215088, lr: 0.000988, time: 0.10s
[INFO]: TRAIN epoch: 7 loss: 0.2587, grad_norm: 0.30557382106781006, lr: 0.000988, time: 0.10s
[INFO]: TRAIN epoch: 7 loss: 0.3190, grad_norm: 0.3136022686958313, lr: 0.000988, time: 0.10s
[INFO]: TRAIN epoch: 7 loss: 0.3224, grad_norm: 0.36222249269485474, lr: 0.000988, time: 0.10s
[INFO]: TRAIN epoch: 7 loss: 0.2445, grad_norm: 0.3658253252506256, lr: 0.000988, time: 0.10s
[INFO]: TRAIN epoch: 7 loss: 0.2928, grad_norm: 0.46750643849372864, lr: 0.000988, time: 0.10s
[INFO]: TRAIN epoch: 7 loss: 0.1488, grad_norm: 0.2843354344367981, lr: 0.000988, time: 0.10s
[INFO]: TRAIN epoch: 7 loss: 0.3832, grad_norm: 0.3717566728591919, lr: 0.000988, time: 0.10s
[INFO]: TRAIN epoch: 7 loss: 0.2785, grad_norm: 0.36008548736572266, lr: 0.000988, time: 0.10s
[INFO]: TRAIN epoch: 7 loss: 0.0794, grad_norm: 0.21468409895896912, lr: 0.000988, time: 0.10s
[INFO]: TRAIN epoch: 7 loss: 0.5294, grad_norm: 0.39866331219673157, lr: 0.000988, time: 0.10s
[INFO]: TRAIN epoch: 7 loss: 0.0898, grad_norm: 0.20706762373447418, lr: 0.000988, time: 0.10s
[INFO]: TRAIN epoch: 7 loss: 0.3141, grad_norm: 0.4156888425350189, lr: 0.000988, time: 0.10s
[INFO]: TRAIN epoch: 7 loss: 0.1002, grad_norm: 0.24306386709213257, lr: 0.000988, time: 0.10s
[INFO]: TRAIN epoch: 7 loss: 0.3599, grad_norm: 0.4367274343967438, lr: 0.000988, time: 0.10s
[INFO]: TRAIN epoch: 7 loss: 0.0860, grad_norm: 0.2126360833644867, lr: 0.000988, time: 0.10s
[INFO]: TRAIN epoch: 7 loss: 0.4875, grad_norm: 0.48182857036590576, lr: 0.000988, time: 0.10s
[INFO]: TRAIN epoch: 7 loss: 0.1039, grad_norm: 0.24605244398117065, lr: 0.000988, time: 0.10s
[INFO]: TRAIN epoch: 7 loss: 0.7344, grad_norm: 0.4041883945465088, lr: 0.000988, time: 0.10s
[INFO]: TRAIN epoch: 7 loss: 0.0504, grad_norm: 0.1273183673620224, lr: 0.000988, time: 0.10s
[INFO]: TRAIN epoch: 7 loss: 0.4269, grad_norm: 0.4071683883666992, lr: 0.000988, time: 0.10s
[INFO]: TRAIN epoch: 7 loss: 0.2852, grad_norm: 0.2987198531627655, lr: 0.000988, time: 0.10s
[INFO]: TRAIN epoch: 7 loss: 0.3306, grad_norm: 0.2974810302257538, lr: 0.000988, time: 0.10s
[INFO]: TRAIN epoch: 7 loss: 0.1222, grad_norm: 0.295565664768219, lr: 0.000988, time: 0.10s
[INFO]: TRAIN epoch: 7 loss: 0.4442, grad_norm: 0.2969430983066559, lr: 0.000988, time: 0.10s
[INFO]: TRAIN epoch: 7 loss: 0.3522, grad_norm: 0.34398454427719116, lr: 0.000988, time: 0.10s
[INFO]: TRAIN epoch: 7 loss: 0.6066, grad_norm: 0.2840864062309265, lr: 0.000988, time: 0.10s
[INFO]: TRAIN epoch: 7 loss: 0.0862, grad_norm: 0.24883915483951569, lr: 0.000988, time: 0.10s
[INFO]: TRAIN epoch: 7 loss: 0.1683, grad_norm: 0.29988253116607666, lr: 0.000988, time: 0.10s
[INFO]: TRAIN epoch: 7 loss: 0.4682, grad_norm: 0.38282132148742676, lr: 0.000988, time: 0.10s
[INFO]: TRAIN epoch: 7 loss: 0.4613, grad_norm: 0.38381677865982056, lr: 0.000988, time: 0.10s
[INFO]: TRAIN epoch: 7 loss: 0.0685, grad_norm: 0.19099795818328857, lr: 0.000988, time: 0.10s
[INFO]: TRAIN epoch: 7 loss: 0.3867, grad_norm: 0.4039956033229828, lr: 0.000988, time: 0.10s
[INFO]: TRAIN epoch: 7 loss: 0.4099, grad_norm: 0.4128730595111847, lr: 0.000988, time: 0.10s
[INFO]: TRAIN epoch: 7 loss: 0.4772, grad_norm: 0.4809855818748474, lr: 0.000988, time: 0.10s
[INFO]: TRAIN epoch: 7 loss: 0.2578, grad_norm: 0.4127243161201477, lr: 0.000988, time: 0.10s
[INFO]: TRAIN epoch: 7 loss: 0.2079, grad_norm: 0.3170071542263031, lr: 0.000988, time: 0.10s
[INFO]: TRAIN epoch: 7 loss: 0.7142, grad_norm: 0.4631539583206177, lr: 0.000988, time: 0.10s
[INFO]: TRAIN epoch: 7 loss: 0.2876, grad_norm: 0.30930835008621216, lr: 0.000988, time: 0.10s
[INFO]: TRAIN epoch: 7 loss: 0.4029, grad_norm: 0.3941550850868225, lr: 0.000988, time: 0.10s
[INFO]: TRAIN epoch: 7 loss: 0.7937, grad_norm: 0.44790637493133545, lr: 0.000988, time: 0.10s
[INFO]: TRAIN epoch: 7 loss: 0.4110, grad_norm: 0.34791019558906555, lr: 0.000988, time: 0.10s
[INFO]: TRAIN epoch: 7 loss: 0.3136, grad_norm: 0.3061876893043518, lr: 0.000988, time: 0.10s
[INFO]: TRAIN epoch: 7 loss: 0.3907, grad_norm: 0.3928355872631073, lr: 0.000988, time: 0.10s
[INFO]: TRAIN epoch: 7 loss: 0.4494, grad_norm: 0.3918575644493103, lr: 0.000988, time: 0.10s
[INFO]: TRAIN epoch: 7 loss: 0.3597, grad_norm: 0.37570491433143616, lr: 0.000988, time: 0.10s
[INFO]: TRAIN epoch: 7 loss: 0.1464, grad_norm: 0.24053968489170074, lr: 0.000988, time: 0.10s
[INFO]: TRAIN epoch: 7 loss: 0.1474, grad_norm: 0.28035247325897217, lr: 0.000988, time: 0.10s
[INFO]: TRAIN epoch: 7 loss: 0.6238, grad_norm: 0.4899123013019562, lr: 0.000988, time: 0.10s
[INFO]: TRAIN epoch: 7 loss: 0.3577, grad_norm: 0.3681100010871887, lr: 0.000988, time: 0.10s
[INFO]: TRAIN epoch: 7 loss: 0.3169, grad_norm: 0.3130784034729004, lr: 0.000988, time: 0.10s
[INFO]: TRAIN epoch: 7 loss: 0.2127, grad_norm: 0.36008304357528687, lr: 0.000988, time: 0.10s
[INFO]: TRAIN epoch: 7 loss: 0.3347, grad_norm: 0.2716352343559265, lr: 0.000988, time: 0.10s
[INFO]: TRAIN epoch: 7 loss: 0.3586, grad_norm: 0.38696151971817017, lr: 0.000988, time: 0.10s
[INFO]: TRAIN epoch: 7 loss: 0.5231, grad_norm: 0.38315171003341675, lr: 0.000988, time: 0.10s
[INFO]: TRAIN epoch: 7 loss: 0.2881, grad_norm: 0.4408826231956482, lr: 0.000988, time: 0.10s
[INFO]: TRAIN epoch: 7 loss: 0.1349, grad_norm: 0.30541685223579407, lr: 0.000988, time: 0.10s
[INFO]: TRAIN epoch: 7 loss: 0.4517, grad_norm: 0.4365488290786743, lr: 0.000988, time: 0.10s
[INFO]: TRAIN epoch: 7 loss: 0.1944, grad_norm: 0.2787640690803528, lr: 0.000988, time: 0.10s
[INFO]: TRAIN epoch: 7 loss: 0.0818, grad_norm: 0.20851309597492218, lr: 0.000988, time: 0.10s
[INFO]: TRAIN epoch: 7 loss: 0.2526, grad_norm: 0.31866374611854553, lr: 0.000988, time: 0.10s
[INFO]: TRAIN epoch: 7 loss: 0.0917, grad_norm: 0.2978695333003998, lr: 0.000988, time: 0.10s
[INFO]: TRAIN epoch: 7 loss: 0.1742, grad_norm: 0.36065271496772766, lr: 0.000988, time: 0.10s
[INFO]: TRAIN epoch: 7 loss: 0.2765, grad_norm: 0.48625487089157104, lr: 0.000988, time: 0.10s
[INFO]: TRAIN epoch: 7 loss: 0.4445, grad_norm: 0.3999171555042267, lr: 0.000988, time: 0.10s
[INFO]: TRAIN epoch: 7 loss: 0.1074, grad_norm: 0.20635820925235748, lr: 0.000988, time: 0.10s
[INFO]: TRAIN epoch: 7 loss: 0.1851, grad_norm: 0.3049333393573761, lr: 0.000988, time: 0.10s
[INFO]: TRAIN epoch: 7 loss: 0.1248, grad_norm: 0.3190622925758362, lr: 0.000988, time: 0.10s
[INFO]: TRAIN epoch: 7 loss: 0.1311, grad_norm: 0.22441689670085907, lr: 0.000988, time: 0.10s
[INFO]: TRAIN epoch: 7 loss: 0.3500, grad_norm: 0.4031967520713806, lr: 0.000988, time: 0.10s
[INFO]: TRAIN epoch: 7 loss: 0.1298, grad_norm: 0.3124486804008484, lr: 0.000988, time: 0.10s
[INFO]: TRAIN epoch: 7 loss: 0.3076, grad_norm: 0.4398627281188965, lr: 0.000988, time: 0.10s
[INFO]: TRAIN epoch: 7 loss: 0.1395, grad_norm: 0.31033098697662354, lr: 0.000988, time: 0.10s
[INFO]: TRAIN epoch: 7 loss: 0.1040, grad_norm: 0.301266610622406, lr: 0.000988, time: 0.10s
[INFO]: TRAIN epoch: 7 loss: 0.1224, grad_norm: 0.28479912877082825, lr: 0.000988, time: 0.10s
[INFO]: TRAIN epoch: 7 loss: 0.0864, grad_norm: 0.25128230452537537, lr: 0.000988, time: 0.10s
[INFO]: TRAIN epoch: 7 loss: 0.1143, grad_norm: 0.2277754247188568, lr: 0.000988, time: 0.10s
[INFO]: TRAIN epoch: 7 loss: 0.1558, grad_norm: 0.2959728538990021, lr: 0.000988, time: 0.10s
[INFO]: TRAIN epoch: 7 loss: 0.3422, grad_norm: 0.3285689651966095, lr: 0.000988, time: 0.10s
[INFO]: TRAIN epoch: 7 loss: 0.3083, grad_norm: 0.4395126402378082, lr: 0.000988, time: 0.10s
[INFO]: TRAIN epoch: 7 loss: 0.5143, grad_norm: 0.462095707654953, lr: 0.000988, time: 0.10s
[INFO]: TRAIN epoch: 7 loss: 0.5603, grad_norm: 0.6106727719306946, lr: 0.000988, time: 0.10s
[INFO]: TRAIN epoch: 7 loss: 0.5620, grad_norm: 0.43096259236335754, lr: 0.000988, time: 0.10s
[INFO]: TRAIN epoch: 7 loss: 0.3941, grad_norm: 0.41150376200675964, lr: 0.000988, time: 0.10s
[INFO]: TRAIN epoch: 7 loss: 0.6080, grad_norm: 0.3155769109725952, lr: 0.000988, time: 0.10s
[INFO]: TRAIN epoch: 7 loss: 0.2927, grad_norm: 0.2643234431743622, lr: 0.000988, time: 0.10s
[INFO]: TRAIN epoch: 7 loss: 0.3032, grad_norm: 0.3927542567253113, lr: 0.000988, time: 0.10s
[INFO]: TRAIN epoch: 7 loss: 0.2838, grad_norm: 0.46070075035095215, lr: 0.000988, time: 0.10s
[INFO]: TRAIN epoch: 7 loss: 0.7401, grad_norm: 0.45523566007614136, lr: 0.000988, time: 0.10s
[INFO]: TRAIN epoch: 7 loss: 0.5635, grad_norm: 0.48993173241615295, lr: 0.000988, time: 0.10s
[INFO]: TRAIN epoch: 7 loss: 0.3251, grad_norm: 0.3245996832847595, lr: 0.000988, time: 0.10s
[INFO]: TRAIN epoch: 7 loss: 0.8858, grad_norm: 0.5531719326972961, lr: 0.000988, time: 0.10s
[INFO]: TRAIN epoch: 7 loss: 0.3703, grad_norm: 0.3558785319328308, lr: 0.000988, time: 0.10s
[INFO]: TRAIN epoch: 7 loss: 0.1002, grad_norm: 0.33610036969184875, lr: 0.000988, time: 0.10s
[INFO]: TRAIN epoch: 7 loss: 0.1943, grad_norm: 0.40732434391975403, lr: 0.000988, time: 0.10s
[INFO]: TRAIN epoch: 7 loss: 0.2606, grad_norm: 0.34530431032180786, lr: 0.000988, time: 0.10s
[INFO]: TRAIN epoch: 7 loss: 0.1379, grad_norm: 0.23739998042583466, lr: 0.000988, time: 0.10s
[INFO]: TRAIN epoch: 7 loss: 0.1736, grad_norm: 0.4297029674053192, lr: 0.000988, time: 0.10s
[INFO]: TRAIN epoch: 7 loss: 0.3127, grad_norm: 0.3877260684967041, lr: 0.000988, time: 0.10s
[INFO]: TRAIN epoch: 7 loss: 0.3553, grad_norm: 0.2886350154876709, lr: 0.000988, time: 0.10s
[INFO]: TRAIN epoch: 7 loss: 0.4385, grad_norm: 0.39118561148643494, lr: 0.000988, time: 0.10s
[INFO]: TRAIN epoch: 7 loss: 0.3555, grad_norm: 0.5335572361946106, lr: 0.000988, time: 0.10s
[INFO]: TRAIN epoch: 7 loss: 0.2062, grad_norm: 0.33358845114707947, lr: 0.000988, time: 0.10s
[INFO]: TRAIN epoch: 7 loss: 0.4479, grad_norm: 0.3107268810272217, lr: 0.000988, time: 0.10s
[INFO]: TRAIN epoch: 7 loss: 0.1266, grad_norm: 0.29172348976135254, lr: 0.000988, time: 0.10s
[INFO]: TRAIN epoch: 7 loss: 0.1389, grad_norm: 0.2541918456554413, lr: 0.000988, time: 0.10s
[INFO]: TRAIN epoch: 7 loss: 0.4718, grad_norm: 0.32215532660484314, lr: 0.000988, time: 0.10s
[INFO]: TRAIN epoch: 7 loss: 0.2087, grad_norm: 0.32773518562316895, lr: 0.000988, time: 0.10s
[INFO]: TRAIN epoch: 7 loss: 0.3196, grad_norm: 0.5322557091712952, lr: 0.000988, time: 0.11s
[INFO]: TRAIN epoch: 7 loss: 0.4062, grad_norm: 0.3200458586215973, lr: 0.000988, time: 0.10s
[INFO]: TRAIN epoch: 7 loss: 0.0613, grad_norm: 0.18725943565368652, lr: 0.000988, time: 0.10s
[INFO]: TRAIN epoch: 7 loss: 0.6834, grad_norm: 0.6147060394287109, lr: 0.000988, time: 0.10s
[INFO]: TRAIN epoch: 7 loss: 0.3581, grad_norm: 0.3844279646873474, lr: 0.000988, time: 0.10s
[INFO]: TRAIN epoch: 7 loss: 0.1688, grad_norm: 0.3051365315914154, lr: 0.000988, time: 0.10s
[INFO]: TRAIN epoch: 7 loss: 0.1001, grad_norm: 0.21062269806861877, lr: 0.000988, time: 0.10s
[INFO]: TRAIN epoch: 7 loss: 0.5128, grad_norm: 0.5382592082023621, lr: 0.000988, time: 0.10s
[INFO]: TRAIN epoch: 7 loss: 0.4492, grad_norm: 0.4881351590156555, lr: 0.000988, time: 0.10s
[INFO]: TRAIN epoch: 7 loss: 0.3127, grad_norm: 0.36000871658325195, lr: 0.000988, time: 0.10s
[INFO]: TRAIN epoch: 7 loss: 0.4026, grad_norm: 0.3108481764793396, lr: 0.000988, time: 0.10s
[INFO]: TRAIN epoch: 7 loss: 0.4084, grad_norm: 0.3627002537250519, lr: 0.000988, time: 0.10s
[INFO]: TRAIN epoch: 7 loss: 0.2087, grad_norm: 0.35085341334342957, lr: 0.000988, time: 0.10s
[INFO]: TRAIN epoch: 7 loss: 0.3315, grad_norm: 0.36975276470184326, lr: 0.000988, time: 0.10s
[INFO]: TRAIN epoch: 7 loss: 0.2730, grad_norm: 0.3268238306045532, lr: 0.000988, time: 0.11s
[INFO]: TRAIN epoch: 7 loss: 0.0834, grad_norm: 0.18702511489391327, lr: 0.000988, time: 0.10s
[INFO]: TRAIN epoch: 7 loss: 0.4854, grad_norm: 0.5448508262634277, lr: 0.000988, time: 0.10s
[INFO]: TRAIN epoch: 7 loss: 0.4256, grad_norm: 0.2905879616737366, lr: 0.000988, time: 0.10s
[INFO]: TRAIN epoch: 7 loss: 0.1072, grad_norm: 0.237845778465271, lr: 0.000988, time: 0.10s
[INFO]: TRAIN epoch: 7 loss: 0.0722, grad_norm: 0.21290667355060577, lr: 0.000988, time: 0.10s
[INFO]: TRAIN epoch: 7 loss: 0.1252, grad_norm: 0.24050591886043549, lr: 0.000988, time: 0.10s
[INFO]: TRAIN epoch: 7 loss: 0.2340, grad_norm: 0.3547716438770294, lr: 0.000988, time: 0.10s
[INFO]: TRAIN epoch: 7 loss: 0.3418, grad_norm: 0.4083676338195801, lr: 0.000988, time: 0.10s
[INFO]: TRAIN epoch: 7 loss: 0.1819, grad_norm: 0.24842284619808197, lr: 0.000988, time: 0.10s
[INFO]: TRAIN epoch: 7 loss: 0.5351, grad_norm: 0.33533379435539246, lr: 0.000988, time: 0.10s
[INFO]: TRAIN epoch: 7 loss: 0.3808, grad_norm: 0.3160497844219208, lr: 0.000988, time: 0.10s
[INFO]: TRAIN epoch: 7 loss: 0.1530, grad_norm: 0.3180283308029175, lr: 0.000988, time: 0.10s
[INFO]: TRAIN epoch: 7 loss: 0.5840, grad_norm: 0.505187451839447, lr: 0.000988, time: 0.10s
[INFO]: TRAIN epoch: 7 loss: 0.3410, grad_norm: 0.3607858419418335, lr: 0.000988, time: 0.10s
[INFO]: TRAIN epoch: 7 loss: 0.4322, grad_norm: 0.4110247790813446, lr: 0.000988, time: 0.11s
[INFO]: TRAIN epoch: 7 loss: 0.4165, grad_norm: 0.3096597194671631, lr: 0.000988, time: 0.10s
[INFO]: TRAIN epoch: 7 loss: 0.3542, grad_norm: 0.3140202760696411, lr: 0.000988, time: 0.10s
[INFO]: TRAIN epoch: 7 loss: 0.9190, grad_norm: 0.6926593780517578, lr: 0.000988, time: 0.10s
[INFO]: TRAIN epoch: 7 loss: 0.1847, grad_norm: 0.3274417817592621, lr: 0.000988, time: 0.10s
[INFO]: TRAIN epoch: 7 loss: 0.2990, grad_norm: 0.4691932201385498, lr: 0.000988, time: 0.10s
[INFO]: TRAIN epoch: 7 loss: 0.2089, grad_norm: 0.4466816484928131, lr: 0.000988, time: 0.10s
[INFO]: TRAIN epoch: 7 loss: 0.3452, grad_norm: 0.33312225341796875, lr: 0.000988, time: 0.10s
[INFO]: TRAIN epoch: 7 loss: 0.3255, grad_norm: 0.48066985607147217, lr: 0.000988, time: 0.10s
[INFO]: TRAIN epoch: 7 loss: 0.4827, grad_norm: 0.3846396505832672, lr: 0.000988, time: 0.10s
[INFO]: TRAIN epoch: 7 loss: 0.2533, grad_norm: 0.34198057651519775, lr: 0.000988, time: 0.10s
[INFO]: TRAIN epoch: 7 loss: 0.7066, grad_norm: 0.44327884912490845, lr: 0.000988, time: 0.10s
[INFO]: TRAIN epoch: 7 loss: 0.3701, grad_norm: 0.39103439450263977, lr: 0.000988, time: 0.10s
[INFO]: TRAIN epoch: 7 loss: 0.3758, grad_norm: 0.30564209818840027, lr: 0.000988, time: 0.10s
[INFO]: TRAIN epoch: 7 loss: 0.5574, grad_norm: 0.4237918257713318, lr: 0.000988, time: 0.10s
[INFO]: TRAIN epoch: 7 loss: 0.1362, grad_norm: 0.27402615547180176, lr: 0.000988, time: 0.10s
[INFO]: TRAIN epoch: 7 loss: 0.4929, grad_norm: 0.35800597071647644, lr: 0.000988, time: 0.10s
[INFO]: TRAIN epoch: 7 loss: 0.0977, grad_norm: 0.1930568814277649, lr: 0.000988, time: 0.10s
[INFO]: TRAIN epoch: 7 loss: 0.2531, grad_norm: 0.30267035961151123, lr: 0.000988, time: 0.10s
[INFO]: TRAIN epoch: 7 loss: 0.2683, grad_norm: 0.33026981353759766, lr: 0.000988, time: 0.10s
[INFO]: TRAIN epoch: 7 loss: 0.3776, grad_norm: 0.28865888714790344, lr: 0.000988, time: 0.10s
[INFO]: TRAIN epoch: 7 loss: 0.0703, grad_norm: 0.19796375930309296, lr: 0.000988, time: 0.10s
[INFO]: TRAIN epoch: 7 loss: 0.1706, grad_norm: 0.2941364049911499, lr: 0.000988, time: 0.10s
[INFO]: TRAIN epoch: 7 loss: 0.5415, grad_norm: 0.454771488904953, lr: 0.000988, time: 0.10s
[INFO]: TRAIN epoch: 7 loss: 0.3651, grad_norm: 0.2861899435520172, lr: 0.000988, time: 0.10s
[INFO]: TRAIN epoch: 7 loss: 0.6155, grad_norm: 0.36773374676704407, lr: 0.000988, time: 0.10s
[INFO]: TRAIN epoch: 7 loss: 0.2430, grad_norm: 0.34193944931030273, lr: 0.000988, time: 0.10s
[INFO]: TRAIN epoch: 7 loss: 0.4354, grad_norm: 0.33365410566329956, lr: 0.000988, time: 0.10s
[INFO]: TRAIN epoch: 7 loss: 0.5000, grad_norm: 0.3726730942726135, lr: 0.000988, time: 0.10s
[INFO]: TRAIN epoch: 7 loss: 0.3376, grad_norm: 0.27708980441093445, lr: 0.000988, time: 0.10s
[INFO]: TRAIN epoch: 7 loss: 0.2339, grad_norm: 0.339984655380249, lr: 0.000988, time: 0.11s
[INFO]: TRAIN epoch: 7 loss: 0.1461, grad_norm: 0.31320369243621826, lr: 0.000988, time: 0.10s
[INFO]: TRAIN epoch: 7 loss: 0.4370, grad_norm: 0.6191397905349731, lr: 0.000988, time: 0.10s
[INFO]: TRAIN epoch: 7 loss: 0.3949, grad_norm: 0.3552735149860382, lr: 0.000988, time: 0.10s
[INFO]: TRAIN epoch: 7 loss: 0.1694, grad_norm: 0.32104700803756714, lr: 0.000988, time: 0.10s
[INFO]: TRAIN epoch: 7 loss: 0.3142, grad_norm: 0.301650732755661, lr: 0.000988, time: 0.10s
[INFO]: TRAIN epoch: 7 loss: 0.4333, grad_norm: 0.40738844871520996, lr: 0.000988, time: 0.10s
[INFO]: TRAIN epoch: 7 loss: 0.1654, grad_norm: 0.2402019202709198, lr: 0.000988, time: 0.11s
[INFO]: TRAIN epoch: 7 loss: 0.1182, grad_norm: 0.28526654839515686, lr: 0.000988, time: 0.11s
[INFO]: TRAIN epoch: 7 loss: 0.3491, grad_norm: 0.4250684976577759, lr: 0.000988, time: 0.10s
[INFO]: TRAIN epoch: 7 loss: 0.5308, grad_norm: 0.38236960768699646, lr: 0.000988, time: 0.10s
[INFO]: TRAIN epoch: 7 loss: 0.3243, grad_norm: 0.4024370014667511, lr: 0.000988, time: 0.10s
[INFO]: TRAIN epoch: 7 loss: 0.5224, grad_norm: 0.3876596689224243, lr: 0.000988, time: 0.10s
[INFO]: TRAIN epoch: 7 loss: 0.3708, grad_norm: 0.3403317928314209, lr: 0.000988, time: 0.10s
[INFO]: TRAIN epoch: 7 loss: 0.7196, grad_norm: 0.42061254382133484, lr: 0.000988, time: 0.11s
[INFO]: TRAIN epoch: 7 loss: 0.1501, grad_norm: 0.35987329483032227, lr: 0.000988, time: 0.10s
[INFO]: TRAIN epoch: 7 loss: 0.4432, grad_norm: 0.34894388914108276, lr: 0.000988, time: 0.10s
[INFO]: TRAIN epoch: 7 loss: 0.1008, grad_norm: 0.3271997570991516, lr: 0.000988, time: 0.10s
[INFO]: TRAIN epoch: 7 loss: 0.3778, grad_norm: 0.453540176153183, lr: 0.000988, time: 0.10s
[INFO]: TRAIN epoch: 7 loss: 0.5160, grad_norm: 0.3471948504447937, lr: 0.000988, time: 0.10s
[INFO]: TRAIN epoch: 7 loss: 0.4285, grad_norm: 0.27991849184036255, lr: 0.000988, time: 0.10s
[INFO]: TRAIN epoch: 7 loss: 0.1453, grad_norm: 0.2628609538078308, lr: 0.000988, time: 0.10s
[INFO]: TRAIN epoch: 7 loss: 0.3665, grad_norm: 0.2929867208003998, lr: 0.000988, time: 0.10s
[INFO]: TRAIN epoch: 7 loss: 0.4796, grad_norm: 0.2873450517654419, lr: 0.000988, time: 0.10s
[INFO]: TRAIN epoch: 7 loss: 0.4853, grad_norm: 0.4228304922580719, lr: 0.000988, time: 0.10s
[INFO]: TRAIN epoch: 7 loss: 0.2139, grad_norm: 0.5556608438491821, lr: 0.000988, time: 0.10s
[INFO]: TRAIN epoch: 7 loss: 0.2080, grad_norm: 0.35373711585998535, lr: 0.000988, time: 0.10s
[INFO]: TRAIN epoch: 7 loss: 0.5301, grad_norm: 0.3839700520038605, lr: 0.000988, time: 0.10s
[INFO]: TRAIN epoch: 7 loss: 0.0732, grad_norm: 0.23550492525100708, lr: 0.000988, time: 0.10s
[INFO]: TRAIN epoch summary: 7 loss: 0.3145
[INFO]: VALIDATION epoch: 7 loss: 0.3084
[INFO]: TRAIN epoch: 8 loss: 0.1420, grad_norm: 0.2240685522556305, lr: 0.000984, time: 0.12s
[INFO]: TRAIN epoch: 8 loss: 0.3071, grad_norm: 0.2583523094654083, lr: 0.000984, time: 0.10s
[INFO]: TRAIN epoch: 8 loss: 0.3481, grad_norm: 0.33183813095092773, lr: 0.000984, time: 0.11s
[INFO]: TRAIN epoch: 8 loss: 0.6362, grad_norm: 0.570446252822876, lr: 0.000984, time: 0.10s
[INFO]: TRAIN epoch: 8 loss: 0.4083, grad_norm: 0.34328749775886536, lr: 0.000984, time: 0.10s
[INFO]: TRAIN epoch: 8 loss: 0.1021, grad_norm: 0.293226033449173, lr: 0.000984, time: 0.10s
[INFO]: TRAIN epoch: 8 loss: 0.0803, grad_norm: 0.2309076189994812, lr: 0.000984, time: 0.10s
[INFO]: TRAIN epoch: 8 loss: 0.4841, grad_norm: 0.3806098997592926, lr: 0.000984, time: 0.10s
[INFO]: TRAIN epoch: 8 loss: 0.4498, grad_norm: 0.4235032796859741, lr: 0.000984, time: 0.10s
[INFO]: TRAIN epoch: 8 loss: 0.5020, grad_norm: 0.3560914099216461, lr: 0.000984, time: 0.10s
[INFO]: TRAIN epoch: 8 loss: 0.1193, grad_norm: 0.32238197326660156, lr: 0.000984, time: 0.10s
[INFO]: TRAIN epoch: 8 loss: 0.2285, grad_norm: 0.39293599128723145, lr: 0.000984, time: 0.10s
[INFO]: TRAIN epoch: 8 loss: 0.4882, grad_norm: 0.31896671652793884, lr: 0.000984, time: 0.10s
[INFO]: TRAIN epoch: 8 loss: 0.3752, grad_norm: 0.2868698835372925, lr: 0.000984, time: 0.10s
[INFO]: TRAIN epoch: 8 loss: 0.5015, grad_norm: 0.404514342546463, lr: 0.000984, time: 0.10s
[INFO]: TRAIN epoch: 8 loss: 0.3568, grad_norm: 0.28064537048339844, lr: 0.000984, time: 0.10s
[INFO]: TRAIN epoch: 8 loss: 0.2756, grad_norm: 0.28589752316474915, lr: 0.000984, time: 0.10s
[INFO]: TRAIN epoch: 8 loss: 0.3110, grad_norm: 0.30972811579704285, lr: 0.000984, time: 0.10s
[INFO]: TRAIN epoch: 8 loss: 0.1584, grad_norm: 0.24044762551784515, lr: 0.000984, time: 0.10s
[INFO]: TRAIN epoch: 8 loss: 0.5396, grad_norm: 0.4909132421016693, lr: 0.000984, time: 0.10s
[INFO]: TRAIN epoch: 8 loss: 0.0789, grad_norm: 0.20432734489440918, lr: 0.000984, time: 0.10s
[INFO]: TRAIN epoch: 8 loss: 0.3689, grad_norm: 0.34523218870162964, lr: 0.000984, time: 0.10s
[INFO]: TRAIN epoch: 8 loss: 0.2555, grad_norm: 0.28444284200668335, lr: 0.000984, time: 0.10s
[INFO]: TRAIN epoch: 8 loss: 0.0897, grad_norm: 0.2248006910085678, lr: 0.000984, time: 0.10s
[INFO]: TRAIN epoch: 8 loss: 0.1641, grad_norm: 0.2574733793735504, lr: 0.000984, time: 0.10s
[INFO]: TRAIN epoch: 8 loss: 0.2367, grad_norm: 0.3813934028148651, lr: 0.000984, time: 0.10s
[INFO]: TRAIN epoch: 8 loss: 0.3198, grad_norm: 0.31716012954711914, lr: 0.000984, time: 0.10s
[INFO]: TRAIN epoch: 8 loss: 0.0515, grad_norm: 0.1291060596704483, lr: 0.000984, time: 0.10s
[INFO]: TRAIN epoch: 8 loss: 0.4524, grad_norm: 0.35901400446891785, lr: 0.000984, time: 0.10s
[INFO]: TRAIN epoch: 8 loss: 0.3126, grad_norm: 0.5955109596252441, lr: 0.000984, time: 0.10s
[INFO]: TRAIN epoch: 8 loss: 0.3988, grad_norm: 0.45476996898651123, lr: 0.000984, time: 0.10s
[INFO]: TRAIN epoch: 8 loss: 0.1278, grad_norm: 0.2451367825269699, lr: 0.000984, time: 0.10s
[INFO]: TRAIN epoch: 8 loss: 0.1701, grad_norm: 0.29740533232688904, lr: 0.000984, time: 0.11s
[INFO]: TRAIN epoch: 8 loss: 0.3710, grad_norm: 0.4503568112850189, lr: 0.000984, time: 0.10s
[INFO]: TRAIN epoch: 8 loss: 0.2123, grad_norm: 0.41297006607055664, lr: 0.000984, time: 0.10s
[INFO]: TRAIN epoch: 8 loss: 0.0382, grad_norm: 0.09923738241195679, lr: 0.000984, time: 0.10s
[INFO]: TRAIN epoch: 8 loss: 0.4613, grad_norm: 0.3789539039134979, lr: 0.000984, time: 0.10s
[INFO]: TRAIN epoch: 8 loss: 0.6047, grad_norm: 0.370874285697937, lr: 0.000984, time: 0.10s
[INFO]: TRAIN epoch: 8 loss: 0.3577, grad_norm: 0.280004620552063, lr: 0.000984, time: 0.10s
[INFO]: TRAIN epoch: 8 loss: 0.1385, grad_norm: 0.30806204676628113, lr: 0.000984, time: 0.10s
[INFO]: TRAIN epoch: 8 loss: 0.6824, grad_norm: 0.4455743134021759, lr: 0.000984, time: 0.10s
[INFO]: TRAIN epoch: 8 loss: 0.3800, grad_norm: 0.41024869680404663, lr: 0.000984, time: 0.10s
[INFO]: TRAIN epoch: 8 loss: 0.3548, grad_norm: 0.28976207971572876, lr: 0.000984, time: 0.10s
[INFO]: TRAIN epoch: 8 loss: 0.1650, grad_norm: 0.35060617327690125, lr: 0.000984, time: 0.10s
[INFO]: TRAIN epoch: 8 loss: 0.2746, grad_norm: 0.3520084023475647, lr: 0.000984, time: 0.10s
[INFO]: TRAIN epoch: 8 loss: 0.4084, grad_norm: 0.3121943473815918, lr: 0.000984, time: 0.10s
[INFO]: TRAIN epoch: 8 loss: 0.3751, grad_norm: 0.3824193775653839, lr: 0.000984, time: 0.10s
[INFO]: TRAIN epoch: 8 loss: 0.2897, grad_norm: 0.33380192518234253, lr: 0.000984, time: 0.10s
[INFO]: TRAIN epoch: 8 loss: 0.1532, grad_norm: 0.29343464970588684, lr: 0.000984, time: 0.10s
[INFO]: TRAIN epoch: 8 loss: 0.3393, grad_norm: 0.32540661096572876, lr: 0.000984, time: 0.10s
[INFO]: TRAIN epoch: 8 loss: 0.3294, grad_norm: 0.5204275250434875, lr: 0.000984, time: 0.10s
[INFO]: TRAIN epoch: 8 loss: 0.4839, grad_norm: 0.526156485080719, lr: 0.000984, time: 0.10s
[INFO]: TRAIN epoch: 8 loss: 0.1486, grad_norm: 0.28348034620285034, lr: 0.000984, time: 0.10s
[INFO]: TRAIN epoch: 8 loss: 0.4351, grad_norm: 0.419050008058548, lr: 0.000984, time: 0.10s
[INFO]: TRAIN epoch: 8 loss: 0.2407, grad_norm: 0.3956560492515564, lr: 0.000984, time: 0.10s
[INFO]: TRAIN epoch: 8 loss: 0.4685, grad_norm: 0.5439948439598083, lr: 0.000984, time: 0.10s
[INFO]: TRAIN epoch: 8 loss: 0.4420, grad_norm: 0.36489152908325195, lr: 0.000984, time: 0.10s
[INFO]: TRAIN epoch: 8 loss: 0.3637, grad_norm: 0.4418395757675171, lr: 0.000984, time: 0.10s
[INFO]: TRAIN epoch: 8 loss: 0.0874, grad_norm: 0.22439667582511902, lr: 0.000984, time: 0.10s
[INFO]: TRAIN epoch: 8 loss: 0.2106, grad_norm: 0.35897135734558105, lr: 0.000984, time: 0.10s
[INFO]: TRAIN epoch: 8 loss: 0.2399, grad_norm: 0.29284337162971497, lr: 0.000984, time: 0.10s
[INFO]: TRAIN epoch: 8 loss: 0.2589, grad_norm: 0.34269410371780396, lr: 0.000984, time: 0.10s
[INFO]: TRAIN epoch: 8 loss: 0.5896, grad_norm: 0.6639185547828674, lr: 0.000984, time: 0.10s
[INFO]: TRAIN epoch: 8 loss: 0.3697, grad_norm: 0.41004207730293274, lr: 0.000984, time: 0.10s
[INFO]: TRAIN epoch: 8 loss: 0.1007, grad_norm: 0.22021551430225372, lr: 0.000984, time: 0.10s
[INFO]: TRAIN epoch: 8 loss: 0.1177, grad_norm: 0.31682953238487244, lr: 0.000984, time: 0.10s
[INFO]: TRAIN epoch: 8 loss: 0.4869, grad_norm: 0.43292468786239624, lr: 0.000984, time: 0.10s
[INFO]: TRAIN epoch: 8 loss: 0.1319, grad_norm: 0.24876457452774048, lr: 0.000984, time: 0.10s
[INFO]: TRAIN epoch: 8 loss: 0.2536, grad_norm: 0.40821924805641174, lr: 0.000984, time: 0.10s
[INFO]: TRAIN epoch: 8 loss: 0.3652, grad_norm: 0.32836925983428955, lr: 0.000984, time: 0.10s
[INFO]: TRAIN epoch: 8 loss: 0.1248, grad_norm: 0.3358907401561737, lr: 0.000984, time: 0.10s
[INFO]: TRAIN epoch: 8 loss: 0.3514, grad_norm: 0.36860617995262146, lr: 0.000984, time: 0.10s
[INFO]: TRAIN epoch: 8 loss: 0.1971, grad_norm: 0.34018808603286743, lr: 0.000984, time: 0.10s
[INFO]: TRAIN epoch: 8 loss: 0.4972, grad_norm: 0.41635861992836, lr: 0.000984, time: 0.10s
[INFO]: TRAIN epoch: 8 loss: 0.4083, grad_norm: 0.3900030255317688, lr: 0.000984, time: 0.10s
[INFO]: TRAIN epoch: 8 loss: 0.1331, grad_norm: 0.24869777262210846, lr: 0.000984, time: 0.10s
[INFO]: TRAIN epoch: 8 loss: 0.3566, grad_norm: 0.2972353994846344, lr: 0.000984, time: 0.10s
[INFO]: TRAIN epoch: 8 loss: 0.5029, grad_norm: 0.41199028491973877, lr: 0.000984, time: 0.10s
[INFO]: TRAIN epoch: 8 loss: 0.3417, grad_norm: 0.27109357714653015, lr: 0.000984, time: 0.10s
[INFO]: TRAIN epoch: 8 loss: 0.4257, grad_norm: 0.4131770730018616, lr: 0.000984, time: 0.10s
[INFO]: TRAIN epoch: 8 loss: 0.3148, grad_norm: 0.3069004714488983, lr: 0.000984, time: 0.10s
[INFO]: TRAIN epoch: 8 loss: 0.5780, grad_norm: 0.483361154794693, lr: 0.000984, time: 0.10s
[INFO]: TRAIN epoch: 8 loss: 0.1188, grad_norm: 0.28183513879776, lr: 0.000984, time: 0.10s
[INFO]: TRAIN epoch: 8 loss: 0.1218, grad_norm: 0.26404497027397156, lr: 0.000984, time: 0.10s
[INFO]: TRAIN epoch: 8 loss: 0.3821, grad_norm: 0.3330836594104767, lr: 0.000984, time: 0.10s
[INFO]: TRAIN epoch: 8 loss: 0.1594, grad_norm: 0.27505263686180115, lr: 0.000984, time: 0.10s
[INFO]: TRAIN epoch: 8 loss: 0.1574, grad_norm: 0.3046892285346985, lr: 0.000984, time: 0.10s
[INFO]: TRAIN epoch: 8 loss: 0.4513, grad_norm: 0.32403963804244995, lr: 0.000984, time: 0.10s
[INFO]: TRAIN epoch: 8 loss: 0.5433, grad_norm: 0.3513112962245941, lr: 0.000984, time: 0.10s
[INFO]: TRAIN epoch: 8 loss: 0.3030, grad_norm: 0.2958196699619293, lr: 0.000984, time: 0.10s
[INFO]: TRAIN epoch: 8 loss: 0.4534, grad_norm: 0.4893433749675751, lr: 0.000984, time: 0.10s
[INFO]: TRAIN epoch: 8 loss: 0.1128, grad_norm: 0.17741957306861877, lr: 0.000984, time: 0.10s
[INFO]: TRAIN epoch: 8 loss: 0.2895, grad_norm: 0.43542808294296265, lr: 0.000984, time: 0.10s
[INFO]: TRAIN epoch: 8 loss: 0.1229, grad_norm: 0.31889772415161133, lr: 0.000984, time: 0.10s
[INFO]: TRAIN epoch: 8 loss: 0.1527, grad_norm: 0.28800663352012634, lr: 0.000984, time: 0.10s
[INFO]: TRAIN epoch: 8 loss: 0.1160, grad_norm: 0.28155750036239624, lr: 0.000984, time: 0.10s
[INFO]: TRAIN epoch: 8 loss: 0.4302, grad_norm: 0.3537558615207672, lr: 0.000984, time: 0.10s
[INFO]: TRAIN epoch: 8 loss: 0.3949, grad_norm: 0.32529759407043457, lr: 0.000984, time: 0.10s
[INFO]: TRAIN epoch: 8 loss: 0.3180, grad_norm: 0.4058414399623871, lr: 0.000984, time: 0.10s
[INFO]: TRAIN epoch: 8 loss: 0.0818, grad_norm: 0.22173364460468292, lr: 0.000984, time: 0.10s
[INFO]: TRAIN epoch: 8 loss: 0.3671, grad_norm: 0.3764573335647583, lr: 0.000984, time: 0.10s
[INFO]: TRAIN epoch: 8 loss: 0.4427, grad_norm: 0.3819814622402191, lr: 0.000984, time: 0.10s
[INFO]: TRAIN epoch: 8 loss: 0.3211, grad_norm: 0.4457172155380249, lr: 0.000984, time: 0.10s
[INFO]: TRAIN epoch: 8 loss: 0.4132, grad_norm: 0.4086821377277374, lr: 0.000984, time: 0.10s
[INFO]: TRAIN epoch: 8 loss: 0.0631, grad_norm: 0.16274109482765198, lr: 0.000984, time: 0.10s
[INFO]: TRAIN epoch: 8 loss: 0.1341, grad_norm: 0.260721355676651, lr: 0.000984, time: 0.10s
[INFO]: TRAIN epoch: 8 loss: 0.1053, grad_norm: 0.2642945945262909, lr: 0.000984, time: 0.10s
[INFO]: TRAIN epoch: 8 loss: 0.4742, grad_norm: 0.3863460123538971, lr: 0.000984, time: 0.10s
[INFO]: TRAIN epoch: 8 loss: 0.3488, grad_norm: 0.35364481806755066, lr: 0.000984, time: 0.10s
[INFO]: TRAIN epoch: 8 loss: 0.5723, grad_norm: 0.4367966651916504, lr: 0.000984, time: 0.10s
[INFO]: TRAIN epoch: 8 loss: 0.2087, grad_norm: 0.28755074739456177, lr: 0.000984, time: 0.10s
[INFO]: TRAIN epoch: 8 loss: 0.4928, grad_norm: 0.5503696203231812, lr: 0.000984, time: 0.11s
[INFO]: TRAIN epoch: 8 loss: 0.3606, grad_norm: 0.4121910631656647, lr: 0.000984, time: 0.10s
[INFO]: TRAIN epoch: 8 loss: 0.0648, grad_norm: 0.29067718982696533, lr: 0.000984, time: 0.10s
[INFO]: TRAIN epoch: 8 loss: 0.1691, grad_norm: 0.3627706468105316, lr: 0.000984, time: 0.10s
[INFO]: TRAIN epoch: 8 loss: 0.2561, grad_norm: 0.3642307221889496, lr: 0.000984, time: 0.10s
[INFO]: TRAIN epoch: 8 loss: 0.6991, grad_norm: 0.403642863035202, lr: 0.000984, time: 0.10s
[INFO]: TRAIN epoch: 8 loss: 0.0938, grad_norm: 0.23829475045204163, lr: 0.000984, time: 0.10s
[INFO]: TRAIN epoch: 8 loss: 0.6784, grad_norm: 0.417336642742157, lr: 0.000984, time: 0.10s
[INFO]: TRAIN epoch: 8 loss: 0.4050, grad_norm: 0.5116910934448242, lr: 0.000984, time: 0.10s
[INFO]: TRAIN epoch: 8 loss: 0.1091, grad_norm: 0.3341577649116516, lr: 0.000984, time: 0.10s
[INFO]: TRAIN epoch: 8 loss: 0.3490, grad_norm: 0.32402363419532776, lr: 0.000984, time: 0.10s
[INFO]: TRAIN epoch: 8 loss: 0.1854, grad_norm: 0.3036677837371826, lr: 0.000984, time: 0.10s
[INFO]: TRAIN epoch: 8 loss: 0.1670, grad_norm: 0.24694649875164032, lr: 0.000984, time: 0.10s
[INFO]: TRAIN epoch: 8 loss: 0.4692, grad_norm: 0.363221675157547, lr: 0.000984, time: 0.10s
[INFO]: TRAIN epoch: 8 loss: 0.2662, grad_norm: 0.46295052766799927, lr: 0.000984, time: 0.10s
[INFO]: TRAIN epoch: 8 loss: 0.1009, grad_norm: 0.20656737685203552, lr: 0.000984, time: 0.10s
[INFO]: TRAIN epoch: 8 loss: 0.2607, grad_norm: 0.3378891944885254, lr: 0.000984, time: 0.11s
[INFO]: TRAIN epoch: 8 loss: 0.0974, grad_norm: 0.2276330292224884, lr: 0.000984, time: 0.10s
[INFO]: TRAIN epoch: 8 loss: 0.3643, grad_norm: 0.40338337421417236, lr: 0.000984, time: 0.10s
[INFO]: TRAIN epoch: 8 loss: 0.1867, grad_norm: 0.418407142162323, lr: 0.000984, time: 0.10s
[INFO]: TRAIN epoch: 8 loss: 0.3534, grad_norm: 0.3477913439273834, lr: 0.000984, time: 0.10s
[INFO]: TRAIN epoch: 8 loss: 0.3610, grad_norm: 0.3455860912799835, lr: 0.000984, time: 0.10s
[INFO]: TRAIN epoch: 8 loss: 0.4338, grad_norm: 0.39838582277297974, lr: 0.000984, time: 0.10s
[INFO]: TRAIN epoch: 8 loss: 0.0806, grad_norm: 0.29896384477615356, lr: 0.000984, time: 0.10s
[INFO]: TRAIN epoch: 8 loss: 0.3201, grad_norm: 0.36705514788627625, lr: 0.000984, time: 0.10s
[INFO]: TRAIN epoch: 8 loss: 0.5113, grad_norm: 0.42765921354293823, lr: 0.000984, time: 0.10s
[INFO]: TRAIN epoch: 8 loss: 0.1115, grad_norm: 0.3038560152053833, lr: 0.000984, time: 0.10s
[INFO]: TRAIN epoch: 8 loss: 0.0637, grad_norm: 0.18984004855155945, lr: 0.000984, time: 0.10s
[INFO]: TRAIN epoch: 8 loss: 0.2893, grad_norm: 0.43986794352531433, lr: 0.000984, time: 0.10s
[INFO]: TRAIN epoch: 8 loss: 0.1419, grad_norm: 0.32110774517059326, lr: 0.000984, time: 0.10s
[INFO]: TRAIN epoch: 8 loss: 0.5705, grad_norm: 0.5511078834533691, lr: 0.000984, time: 0.10s
[INFO]: TRAIN epoch: 8 loss: 0.7389, grad_norm: 0.47545427083969116, lr: 0.000984, time: 0.11s
[INFO]: TRAIN epoch: 8 loss: 0.1022, grad_norm: 0.23670147359371185, lr: 0.000984, time: 0.10s
[INFO]: TRAIN epoch: 8 loss: 0.5287, grad_norm: 0.33166268467903137, lr: 0.000984, time: 0.10s
[INFO]: TRAIN epoch: 8 loss: 0.3478, grad_norm: 0.25835278630256653, lr: 0.000984, time: 0.10s
[INFO]: TRAIN epoch: 8 loss: 0.1149, grad_norm: 0.24785271286964417, lr: 0.000984, time: 0.10s
[INFO]: TRAIN epoch: 8 loss: 0.3254, grad_norm: 0.3139544129371643, lr: 0.000984, time: 0.11s
[INFO]: TRAIN epoch: 8 loss: 0.1451, grad_norm: 0.1869233399629593, lr: 0.000984, time: 0.10s
[INFO]: TRAIN epoch: 8 loss: 0.2310, grad_norm: 0.40975260734558105, lr: 0.000984, time: 0.10s
[INFO]: TRAIN epoch: 8 loss: 0.2360, grad_norm: 0.3267178237438202, lr: 0.000984, time: 0.10s
[INFO]: TRAIN epoch: 8 loss: 0.3335, grad_norm: 0.2844308614730835, lr: 0.000984, time: 0.10s
[INFO]: TRAIN epoch: 8 loss: 0.0701, grad_norm: 0.1688423454761505, lr: 0.000984, time: 0.11s
[INFO]: TRAIN epoch: 8 loss: 0.2550, grad_norm: 0.38654348254203796, lr: 0.000984, time: 0.10s
[INFO]: TRAIN epoch: 8 loss: 0.0827, grad_norm: 0.23636239767074585, lr: 0.000984, time: 0.10s
[INFO]: TRAIN epoch: 8 loss: 0.3699, grad_norm: 0.34941843152046204, lr: 0.000984, time: 0.10s
[INFO]: TRAIN epoch: 8 loss: 0.4415, grad_norm: 0.4108845293521881, lr: 0.000984, time: 0.10s
[INFO]: TRAIN epoch: 8 loss: 0.2648, grad_norm: 0.33427682518959045, lr: 0.000984, time: 0.10s
[INFO]: TRAIN epoch: 8 loss: 0.3622, grad_norm: 0.37680718302726746, lr: 0.000984, time: 0.10s
[INFO]: TRAIN epoch: 8 loss: 0.4111, grad_norm: 0.3796828091144562, lr: 0.000984, time: 0.10s
[INFO]: TRAIN epoch: 8 loss: 0.3337, grad_norm: 0.36076653003692627, lr: 0.000984, time: 0.10s
[INFO]: TRAIN epoch: 8 loss: 0.6886, grad_norm: 0.4600523114204407, lr: 0.000984, time: 0.10s
[INFO]: TRAIN epoch: 8 loss: 0.0647, grad_norm: 0.16945824027061462, lr: 0.000984, time: 0.10s
[INFO]: TRAIN epoch: 8 loss: 0.3107, grad_norm: 0.2906213700771332, lr: 0.000984, time: 0.10s
[INFO]: TRAIN epoch: 8 loss: 0.3891, grad_norm: 0.339987576007843, lr: 0.000984, time: 0.11s
[INFO]: TRAIN epoch: 8 loss: 0.2796, grad_norm: 0.3546902537345886, lr: 0.000984, time: 0.10s
[INFO]: TRAIN epoch: 8 loss: 0.1004, grad_norm: 0.237641379237175, lr: 0.000984, time: 0.10s
[INFO]: TRAIN epoch: 8 loss: 0.4306, grad_norm: 0.3768883943557739, lr: 0.000984, time: 0.10s
[INFO]: TRAIN epoch: 8 loss: 0.4020, grad_norm: 0.3459870517253876, lr: 0.000984, time: 0.10s
[INFO]: TRAIN epoch: 8 loss: 0.3780, grad_norm: 0.32616308331489563, lr: 0.000984, time: 0.10s
[INFO]: TRAIN epoch: 8 loss: 0.5295, grad_norm: 0.3610033392906189, lr: 0.000984, time: 0.10s
[INFO]: TRAIN epoch: 8 loss: 0.0964, grad_norm: 0.1860087364912033, lr: 0.000984, time: 0.10s
[INFO]: TRAIN epoch: 8 loss: 0.7743, grad_norm: 0.5548851490020752, lr: 0.000984, time: 0.10s
[INFO]: TRAIN epoch: 8 loss: 0.5786, grad_norm: 0.47081810235977173, lr: 0.000984, time: 0.10s
[INFO]: TRAIN epoch: 8 loss: 0.2044, grad_norm: 0.35316959023475647, lr: 0.000984, time: 0.10s
[INFO]: TRAIN epoch: 8 loss: 0.2578, grad_norm: 0.3732694983482361, lr: 0.000984, time: 0.10s
[INFO]: TRAIN epoch: 8 loss: 0.3137, grad_norm: 0.3066048324108124, lr: 0.000984, time: 0.11s
[INFO]: TRAIN epoch: 8 loss: 0.0994, grad_norm: 0.20902644097805023, lr: 0.000984, time: 0.10s
[INFO]: TRAIN epoch: 8 loss: 0.3528, grad_norm: 0.3807951509952545, lr: 0.000984, time: 0.10s
[INFO]: TRAIN epoch: 8 loss: 0.1809, grad_norm: 0.2444286197423935, lr: 0.000984, time: 0.10s
[INFO]: TRAIN epoch: 8 loss: 0.3905, grad_norm: 0.37252718210220337, lr: 0.000984, time: 0.10s
[INFO]: TRAIN epoch: 8 loss: 0.3298, grad_norm: 0.3873395323753357, lr: 0.000984, time: 0.10s
[INFO]: TRAIN epoch: 8 loss: 0.1406, grad_norm: 0.37159475684165955, lr: 0.000984, time: 0.10s
[INFO]: TRAIN epoch: 8 loss: 0.0687, grad_norm: 0.22621510922908783, lr: 0.000984, time: 0.10s
[INFO]: TRAIN epoch: 8 loss: 0.1949, grad_norm: 0.24244378507137299, lr: 0.000984, time: 0.10s
[INFO]: TRAIN epoch: 8 loss: 0.3563, grad_norm: 0.3825032413005829, lr: 0.000984, time: 0.10s
[INFO]: TRAIN epoch: 8 loss: 0.1927, grad_norm: 0.36269983649253845, lr: 0.000984, time: 0.11s
[INFO]: TRAIN epoch: 8 loss: 0.1601, grad_norm: 0.2960014045238495, lr: 0.000984, time: 0.10s
[INFO]: TRAIN epoch: 8 loss: 0.0788, grad_norm: 0.17469950020313263, lr: 0.000984, time: 0.10s
[INFO]: TRAIN epoch: 8 loss: 0.4141, grad_norm: 0.3943103551864624, lr: 0.000984, time: 0.11s
[INFO]: TRAIN epoch: 8 loss: 0.3590, grad_norm: 0.3977094292640686, lr: 0.000984, time: 0.10s
[INFO]: TRAIN epoch: 8 loss: 0.1680, grad_norm: 0.2980510890483856, lr: 0.000984, time: 0.10s
[INFO]: TRAIN epoch: 8 loss: 0.1268, grad_norm: 0.18491911888122559, lr: 0.000984, time: 0.10s
[INFO]: TRAIN epoch: 8 loss: 0.1648, grad_norm: 0.27858635783195496, lr: 0.000984, time: 0.10s
[INFO]: TRAIN epoch: 8 loss: 0.1108, grad_norm: 0.26477357745170593, lr: 0.000984, time: 0.11s
[INFO]: TRAIN epoch: 8 loss: 0.4557, grad_norm: 0.4518097937107086, lr: 0.000984, time: 0.10s
[INFO]: TRAIN epoch: 8 loss: 0.4271, grad_norm: 0.4363930821418762, lr: 0.000984, time: 0.10s
[INFO]: TRAIN epoch: 8 loss: 0.3284, grad_norm: 0.4148474633693695, lr: 0.000984, time: 0.10s
[INFO]: TRAIN epoch: 8 loss: 0.2233, grad_norm: 0.396864116191864, lr: 0.000984, time: 0.10s
[INFO]: TRAIN epoch: 8 loss: 0.2413, grad_norm: 0.3521583378314972, lr: 0.000984, time: 0.10s
[INFO]: TRAIN epoch: 8 loss: 0.1882, grad_norm: 0.24202176928520203, lr: 0.000984, time: 0.10s
[INFO]: TRAIN epoch: 8 loss: 0.4834, grad_norm: 0.34940797090530396, lr: 0.000984, time: 0.10s
[INFO]: TRAIN epoch: 8 loss: 0.1730, grad_norm: 0.3113878071308136, lr: 0.000984, time: 0.10s
[INFO]: TRAIN epoch: 8 loss: 0.5968, grad_norm: 0.2667653560638428, lr: 0.000984, time: 0.10s
[INFO]: TRAIN epoch: 8 loss: 0.1300, grad_norm: 0.31277191638946533, lr: 0.000984, time: 0.10s
[INFO]: TRAIN epoch: 8 loss: 0.3895, grad_norm: 0.2733583450317383, lr: 0.000984, time: 0.10s
[INFO]: TRAIN epoch: 8 loss: 0.1784, grad_norm: 0.3457685112953186, lr: 0.000984, time: 0.10s
[INFO]: TRAIN epoch: 8 loss: 0.2917, grad_norm: 0.30336639285087585, lr: 0.000984, time: 0.10s
[INFO]: TRAIN epoch: 8 loss: 0.4039, grad_norm: 0.3268774151802063, lr: 0.000984, time: 0.10s
[INFO]: TRAIN epoch: 8 loss: 0.3439, grad_norm: 0.445324182510376, lr: 0.000984, time: 0.10s
[INFO]: TRAIN epoch: 8 loss: 0.2522, grad_norm: 0.3250998854637146, lr: 0.000984, time: 0.10s
[INFO]: TRAIN epoch: 8 loss: 0.4343, grad_norm: 0.48058193922042847, lr: 0.000984, time: 0.10s
[INFO]: TRAIN epoch: 8 loss: 0.3262, grad_norm: 0.2867305874824524, lr: 0.000984, time: 0.10s
[INFO]: TRAIN epoch: 8 loss: 0.4107, grad_norm: 0.3324141204357147, lr: 0.000984, time: 0.10s
[INFO]: TRAIN epoch: 8 loss: 0.2729, grad_norm: 0.27250781655311584, lr: 0.000984, time: 0.10s
[INFO]: TRAIN epoch: 8 loss: 0.2113, grad_norm: 0.3643662929534912, lr: 0.000984, time: 0.10s
[INFO]: TRAIN epoch: 8 loss: 0.3240, grad_norm: 0.4902554452419281, lr: 0.000984, time: 0.10s
[INFO]: TRAIN epoch: 8 loss: 0.1532, grad_norm: 0.2659287750720978, lr: 0.000984, time: 0.10s
[INFO]: TRAIN epoch: 8 loss: 0.2953, grad_norm: 0.43526917695999146, lr: 0.000984, time: 0.10s
[INFO]: TRAIN epoch: 8 loss: 0.1052, grad_norm: 0.23834902048110962, lr: 0.000984, time: 0.10s
[INFO]: TRAIN epoch: 8 loss: 0.1156, grad_norm: 0.2878919243812561, lr: 0.000984, time: 0.10s
[INFO]: TRAIN epoch: 8 loss: 0.3585, grad_norm: 0.4064089357852936, lr: 0.000984, time: 0.10s
[INFO]: TRAIN epoch: 8 loss: 0.2760, grad_norm: 0.32973986864089966, lr: 0.000984, time: 0.11s
[INFO]: TRAIN epoch: 8 loss: 0.3772, grad_norm: 0.41760677099227905, lr: 0.000984, time: 0.10s
[INFO]: TRAIN epoch: 8 loss: 0.4948, grad_norm: 0.4591216444969177, lr: 0.000984, time: 0.11s
[INFO]: TRAIN epoch: 8 loss: 0.2366, grad_norm: 0.2888253629207611, lr: 0.000984, time: 0.10s
[INFO]: TRAIN epoch: 8 loss: 0.0550, grad_norm: 0.19190047681331635, lr: 0.000984, time: 0.10s
[INFO]: TRAIN epoch: 8 loss: 0.1415, grad_norm: 0.33752939105033875, lr: 0.000984, time: 0.10s
[INFO]: TRAIN epoch: 8 loss: 0.2076, grad_norm: 0.2861451804637909, lr: 0.000984, time: 0.10s
[INFO]: TRAIN epoch: 8 loss: 0.2281, grad_norm: 0.30412060022354126, lr: 0.000984, time: 0.10s
[INFO]: TRAIN epoch: 8 loss: 0.3944, grad_norm: 0.41899701952934265, lr: 0.000984, time: 0.10s
[INFO]: TRAIN epoch: 8 loss: 0.4974, grad_norm: 0.3419753909111023, lr: 0.000984, time: 0.10s
[INFO]: TRAIN epoch: 8 loss: 0.2405, grad_norm: 0.2672381103038788, lr: 0.000984, time: 0.10s
[INFO]: TRAIN epoch: 8 loss: 0.3945, grad_norm: 0.2931216061115265, lr: 0.000984, time: 0.10s
[INFO]: TRAIN epoch: 8 loss: 0.1264, grad_norm: 0.22985953092575073, lr: 0.000984, time: 0.10s
[INFO]: TRAIN epoch: 8 loss: 0.5789, grad_norm: 0.466499388217926, lr: 0.000984, time: 0.10s
[INFO]: TRAIN epoch: 8 loss: 0.6738, grad_norm: 0.38086578249931335, lr: 0.000984, time: 0.10s
[INFO]: TRAIN epoch: 8 loss: 0.3546, grad_norm: 0.2750459909439087, lr: 0.000984, time: 0.10s
[INFO]: TRAIN epoch: 8 loss: 0.1899, grad_norm: 0.3643754720687866, lr: 0.000984, time: 0.10s
[INFO]: TRAIN epoch: 8 loss: 0.0793, grad_norm: 0.19593435525894165, lr: 0.000984, time: 0.10s
[INFO]: TRAIN epoch: 8 loss: 0.8676, grad_norm: 0.4260179400444031, lr: 0.000984, time: 0.10s
[INFO]: TRAIN epoch: 8 loss: 0.1076, grad_norm: 0.30387046933174133, lr: 0.000984, time: 0.10s
[INFO]: TRAIN epoch: 8 loss: 0.0936, grad_norm: 0.25915080308914185, lr: 0.000984, time: 0.10s
[INFO]: TRAIN epoch: 8 loss: 0.0797, grad_norm: 0.1244758814573288, lr: 0.000984, time: 0.10s
[INFO]: TRAIN epoch: 8 loss: 0.2404, grad_norm: 0.33258262276649475, lr: 0.000984, time: 0.10s
[INFO]: TRAIN epoch: 8 loss: 0.0376, grad_norm: 0.13815629482269287, lr: 0.000984, time: 0.10s
[INFO]: TRAIN epoch: 8 loss: 0.4500, grad_norm: 0.45234182476997375, lr: 0.000984, time: 0.10s
[INFO]: TRAIN epoch: 8 loss: 0.2573, grad_norm: 0.33231884241104126, lr: 0.000984, time: 0.10s
[INFO]: TRAIN epoch: 8 loss: 0.3846, grad_norm: 0.340019553899765, lr: 0.000984, time: 0.10s
[INFO]: TRAIN epoch: 8 loss: 0.3727, grad_norm: 0.38981783390045166, lr: 0.000984, time: 0.10s
[INFO]: TRAIN epoch: 8 loss: 0.2416, grad_norm: 0.4585684835910797, lr: 0.000984, time: 0.10s
[INFO]: TRAIN epoch: 8 loss: 0.0745, grad_norm: 0.22926121950149536, lr: 0.000984, time: 0.10s
[INFO]: TRAIN epoch: 8 loss: 0.0633, grad_norm: 0.19111943244934082, lr: 0.000984, time: 0.10s
[INFO]: TRAIN epoch: 8 loss: 0.2756, grad_norm: 0.5346822738647461, lr: 0.000984, time: 0.10s
[INFO]: TRAIN epoch: 8 loss: 0.0967, grad_norm: 0.23148469626903534, lr: 0.000984, time: 0.10s
[INFO]: TRAIN epoch: 8 loss: 0.3486, grad_norm: 0.3490350842475891, lr: 0.000984, time: 0.10s
[INFO]: TRAIN epoch: 8 loss: 0.3791, grad_norm: 0.40878674387931824, lr: 0.000984, time: 0.10s
[INFO]: TRAIN epoch: 8 loss: 0.1465, grad_norm: 0.2590537667274475, lr: 0.000984, time: 0.10s
[INFO]: TRAIN epoch: 8 loss: 0.3714, grad_norm: 0.3711871802806854, lr: 0.000984, time: 0.10s
[INFO]: TRAIN epoch: 8 loss: 0.3066, grad_norm: 0.3026670217514038, lr: 0.000984, time: 0.10s
[INFO]: TRAIN epoch: 8 loss: 0.2044, grad_norm: 0.26882991194725037, lr: 0.000984, time: 0.10s
[INFO]: TRAIN epoch: 8 loss: 0.1342, grad_norm: 0.27487239241600037, lr: 0.000984, time: 0.10s
[INFO]: TRAIN epoch: 8 loss: 0.4378, grad_norm: 0.38576024770736694, lr: 0.000984, time: 0.10s
[INFO]: TRAIN epoch: 8 loss: 0.3204, grad_norm: 0.3058363199234009, lr: 0.000984, time: 0.10s
[INFO]: TRAIN epoch: 8 loss: 0.3146, grad_norm: 0.41519400477409363, lr: 0.000984, time: 0.10s
[INFO]: TRAIN epoch: 8 loss: 0.3199, grad_norm: 0.3273802101612091, lr: 0.000984, time: 0.10s
[INFO]: TRAIN epoch: 8 loss: 0.1595, grad_norm: 0.270807147026062, lr: 0.000984, time: 0.10s
[INFO]: TRAIN epoch: 8 loss: 0.5075, grad_norm: 0.3612048029899597, lr: 0.000984, time: 0.10s
[INFO]: TRAIN epoch: 8 loss: 0.1390, grad_norm: 0.34811586141586304, lr: 0.000984, time: 0.10s
[INFO]: TRAIN epoch: 8 loss: 0.2225, grad_norm: 0.3498120605945587, lr: 0.000984, time: 0.10s
[INFO]: TRAIN epoch: 8 loss: 0.6922, grad_norm: 0.4552706182003021, lr: 0.000984, time: 0.10s
[INFO]: TRAIN epoch: 8 loss: 0.0997, grad_norm: 0.1939532309770584, lr: 0.000984, time: 0.10s
[INFO]: TRAIN epoch: 8 loss: 0.1249, grad_norm: 0.34000450372695923, lr: 0.000984, time: 0.10s
[INFO]: TRAIN epoch: 8 loss: 0.1681, grad_norm: 0.3355732560157776, lr: 0.000984, time: 0.10s
[INFO]: TRAIN epoch: 8 loss: 0.0913, grad_norm: 0.19391126930713654, lr: 0.000984, time: 0.10s
[INFO]: TRAIN epoch: 8 loss: 0.2907, grad_norm: 0.39078575372695923, lr: 0.000984, time: 0.10s
[INFO]: TRAIN epoch: 8 loss: 0.2346, grad_norm: 0.28014230728149414, lr: 0.000984, time: 0.10s
[INFO]: TRAIN epoch: 8 loss: 0.3217, grad_norm: 0.4297155439853668, lr: 0.000984, time: 0.10s
[INFO]: TRAIN epoch: 8 loss: 0.3162, grad_norm: 0.3410164713859558, lr: 0.000984, time: 0.10s
[INFO]: TRAIN epoch: 8 loss: 0.3999, grad_norm: 0.5959383845329285, lr: 0.000984, time: 0.10s
[INFO]: TRAIN epoch: 8 loss: 0.2110, grad_norm: 0.43841132521629333, lr: 0.000984, time: 0.11s
[INFO]: TRAIN epoch: 8 loss: 0.1490, grad_norm: 0.4772036373615265, lr: 0.000984, time: 0.10s
[INFO]: TRAIN epoch: 8 loss: 0.3644, grad_norm: 0.37966108322143555, lr: 0.000984, time: 0.10s
[INFO]: TRAIN epoch: 8 loss: 0.4926, grad_norm: 0.37930989265441895, lr: 0.000984, time: 0.10s
[INFO]: TRAIN epoch: 8 loss: 0.1286, grad_norm: 0.21325504779815674, lr: 0.000984, time: 0.10s
[INFO]: TRAIN epoch: 8 loss: 0.3358, grad_norm: 0.514026403427124, lr: 0.000984, time: 0.10s
[INFO]: TRAIN epoch: 8 loss: 0.1222, grad_norm: 0.26106366515159607, lr: 0.000984, time: 0.10s
[INFO]: TRAIN epoch: 8 loss: 0.1078, grad_norm: 0.23394793272018433, lr: 0.000984, time: 0.10s
[INFO]: TRAIN epoch: 8 loss: 0.7663, grad_norm: 0.5770309567451477, lr: 0.000984, time: 0.10s
[INFO]: TRAIN epoch: 8 loss: 0.2782, grad_norm: 0.5037581324577332, lr: 0.000984, time: 0.10s
[INFO]: TRAIN epoch: 8 loss: 0.0851, grad_norm: 0.32681870460510254, lr: 0.000984, time: 0.10s
[INFO]: TRAIN epoch: 8 loss: 0.2887, grad_norm: 0.2552081048488617, lr: 0.000984, time: 0.10s
[INFO]: TRAIN epoch: 8 loss: 0.2519, grad_norm: 0.4253474473953247, lr: 0.000984, time: 0.10s
[INFO]: TRAIN epoch: 8 loss: 0.2964, grad_norm: 0.3872547149658203, lr: 0.000984, time: 0.11s
[INFO]: TRAIN epoch: 8 loss: 0.1508, grad_norm: 0.3495326638221741, lr: 0.000984, time: 0.10s
[INFO]: TRAIN epoch: 8 loss: 0.6486, grad_norm: 0.44881442189216614, lr: 0.000984, time: 0.10s
[INFO]: TRAIN epoch: 8 loss: 0.3529, grad_norm: 0.3518785536289215, lr: 0.000984, time: 0.10s
[INFO]: TRAIN epoch: 8 loss: 0.3408, grad_norm: 0.3067942261695862, lr: 0.000984, time: 0.10s
[INFO]: TRAIN epoch: 8 loss: 0.3258, grad_norm: 0.41169413924217224, lr: 0.000984, time: 0.10s
[INFO]: TRAIN epoch: 8 loss: 0.3595, grad_norm: 0.3038126230239868, lr: 0.000984, time: 0.10s
[INFO]: TRAIN epoch: 8 loss: 0.6627, grad_norm: 0.3340485394001007, lr: 0.000984, time: 0.10s
[INFO]: TRAIN epoch: 8 loss: 0.2683, grad_norm: 0.4169290065765381, lr: 0.000984, time: 0.10s
[INFO]: TRAIN epoch: 8 loss: 0.1894, grad_norm: 0.343904048204422, lr: 0.000984, time: 0.11s
[INFO]: TRAIN epoch: 8 loss: 0.1439, grad_norm: 0.3695438802242279, lr: 0.000984, time: 0.10s
[INFO]: TRAIN epoch: 8 loss: 0.3651, grad_norm: 0.34931671619415283, lr: 0.000984, time: 0.10s
[INFO]: TRAIN epoch: 8 loss: 0.2474, grad_norm: 0.3315157890319824, lr: 0.000984, time: 0.10s
[INFO]: TRAIN epoch: 8 loss: 0.1983, grad_norm: 0.3444843590259552, lr: 0.000984, time: 0.10s
[INFO]: TRAIN epoch: 8 loss: 0.2080, grad_norm: 0.3524351418018341, lr: 0.000984, time: 0.10s
[INFO]: TRAIN epoch: 8 loss: 0.1634, grad_norm: 0.31956714391708374, lr: 0.000984, time: 0.10s
[INFO]: TRAIN epoch: 8 loss: 0.1757, grad_norm: 0.3198030889034271, lr: 0.000984, time: 0.10s
[INFO]: TRAIN epoch: 8 loss: 0.1000, grad_norm: 0.22273701429367065, lr: 0.000984, time: 0.10s
[INFO]: TRAIN epoch: 8 loss: 0.2857, grad_norm: 0.2505365312099457, lr: 0.000984, time: 0.10s
[INFO]: TRAIN epoch: 8 loss: 0.6361, grad_norm: 0.36011651158332825, lr: 0.000984, time: 0.10s
[INFO]: TRAIN epoch: 8 loss: 0.4442, grad_norm: 0.530504047870636, lr: 0.000984, time: 0.10s
[INFO]: TRAIN epoch: 8 loss: 0.3851, grad_norm: 0.35796085000038147, lr: 0.000984, time: 0.10s
[INFO]: TRAIN epoch: 8 loss: 0.1399, grad_norm: 0.34484556317329407, lr: 0.000984, time: 0.10s
[INFO]: TRAIN epoch: 8 loss: 0.2715, grad_norm: 0.3372360169887543, lr: 0.000984, time: 0.10s
[INFO]: TRAIN epoch: 8 loss: 0.1522, grad_norm: 0.2784420847892761, lr: 0.000984, time: 0.10s
[INFO]: TRAIN epoch: 8 loss: 0.3555, grad_norm: 0.379697322845459, lr: 0.000984, time: 0.10s
[INFO]: TRAIN epoch: 8 loss: 0.4270, grad_norm: 0.4931541681289673, lr: 0.000984, time: 0.10s
[INFO]: TRAIN epoch: 8 loss: 0.8224, grad_norm: 0.4411982297897339, lr: 0.000984, time: 0.10s
[INFO]: TRAIN epoch: 8 loss: 0.0869, grad_norm: 0.22897154092788696, lr: 0.000984, time: 0.10s
[INFO]: TRAIN epoch: 8 loss: 0.5830, grad_norm: 0.5561792254447937, lr: 0.000984, time: 0.10s
[INFO]: TRAIN epoch: 8 loss: 0.3809, grad_norm: 0.32181739807128906, lr: 0.000984, time: 0.10s
[INFO]: TRAIN epoch: 8 loss: 0.3579, grad_norm: 0.36552152037620544, lr: 0.000984, time: 0.10s
[INFO]: TRAIN epoch: 8 loss: 0.4543, grad_norm: 0.3374316692352295, lr: 0.000984, time: 0.10s
[INFO]: TRAIN epoch: 8 loss: 0.6474, grad_norm: 0.33874109387397766, lr: 0.000984, time: 0.10s
[INFO]: TRAIN epoch: 8 loss: 0.1877, grad_norm: 0.22271671891212463, lr: 0.000984, time: 0.10s
[INFO]: TRAIN epoch: 8 loss: 0.3209, grad_norm: 0.30616843700408936, lr: 0.000984, time: 0.10s
[INFO]: TRAIN epoch: 8 loss: 0.1297, grad_norm: 0.25862932205200195, lr: 0.000984, time: 0.10s
[INFO]: TRAIN epoch: 8 loss: 0.5323, grad_norm: 0.45930618047714233, lr: 0.000984, time: 0.10s
[INFO]: TRAIN epoch: 8 loss: 0.0840, grad_norm: 0.19134539365768433, lr: 0.000984, time: 0.10s
[INFO]: TRAIN epoch: 8 loss: 0.1156, grad_norm: 0.22271199524402618, lr: 0.000984, time: 0.10s
[INFO]: TRAIN epoch: 8 loss: 0.4132, grad_norm: 0.3758716285228729, lr: 0.000984, time: 0.10s
[INFO]: TRAIN epoch: 8 loss: 0.3426, grad_norm: 0.38362938165664673, lr: 0.000984, time: 0.10s
[INFO]: TRAIN epoch: 8 loss: 0.8106, grad_norm: 0.3235621154308319, lr: 0.000984, time: 0.10s
[INFO]: TRAIN epoch: 8 loss: 0.2345, grad_norm: 0.37766802310943604, lr: 0.000984, time: 0.10s
[INFO]: TRAIN epoch: 8 loss: 0.0969, grad_norm: 0.2057700902223587, lr: 0.000984, time: 0.10s
[INFO]: TRAIN epoch: 8 loss: 0.2368, grad_norm: 0.39591550827026367, lr: 0.000984, time: 0.10s
[INFO]: TRAIN epoch: 8 loss: 0.3537, grad_norm: 0.5259914398193359, lr: 0.000984, time: 0.10s
[INFO]: TRAIN epoch: 8 loss: 0.4822, grad_norm: 0.43017396330833435, lr: 0.000984, time: 0.10s
[INFO]: TRAIN epoch: 8 loss: 0.0686, grad_norm: 0.17832034826278687, lr: 0.000984, time: 0.10s
[INFO]: TRAIN epoch: 8 loss: 0.4849, grad_norm: 0.2860095500946045, lr: 0.000984, time: 0.10s
[INFO]: TRAIN epoch: 8 loss: 0.2570, grad_norm: 0.3982997536659241, lr: 0.000984, time: 0.10s
[INFO]: TRAIN epoch: 8 loss: 0.0678, grad_norm: 0.1636551171541214, lr: 0.000984, time: 0.10s
[INFO]: TRAIN epoch: 8 loss: 0.4998, grad_norm: 0.4324015974998474, lr: 0.000984, time: 0.10s
[INFO]: TRAIN epoch: 8 loss: 0.3126, grad_norm: 0.42245230078697205, lr: 0.000984, time: 0.10s
[INFO]: TRAIN epoch: 8 loss: 0.4367, grad_norm: 0.34967121481895447, lr: 0.000984, time: 0.10s
[INFO]: TRAIN epoch: 8 loss: 0.1312, grad_norm: 0.29586589336395264, lr: 0.000984, time: 0.10s
[INFO]: TRAIN epoch: 8 loss: 0.4022, grad_norm: 0.37841033935546875, lr: 0.000984, time: 0.10s
[INFO]: TRAIN epoch: 8 loss: 0.1656, grad_norm: 0.38654935359954834, lr: 0.000984, time: 0.10s
[INFO]: TRAIN epoch: 8 loss: 0.3054, grad_norm: 0.25634652376174927, lr: 0.000984, time: 0.10s
[INFO]: TRAIN epoch: 8 loss: 0.3280, grad_norm: 0.2978605329990387, lr: 0.000984, time: 0.10s
[INFO]: TRAIN epoch: 8 loss: 0.3942, grad_norm: 0.5413761734962463, lr: 0.000984, time: 0.10s
[INFO]: TRAIN epoch: 8 loss: 0.2837, grad_norm: 0.35019630193710327, lr: 0.000984, time: 0.10s
[INFO]: TRAIN epoch: 8 loss: 0.0877, grad_norm: 0.2545434236526489, lr: 0.000984, time: 0.10s
[INFO]: TRAIN epoch: 8 loss: 0.3851, grad_norm: 0.4764830470085144, lr: 0.000984, time: 0.10s
[INFO]: TRAIN epoch: 8 loss: 0.5507, grad_norm: 0.38975730538368225, lr: 0.000984, time: 0.10s
[INFO]: TRAIN epoch: 8 loss: 0.0542, grad_norm: 0.1453494429588318, lr: 0.000984, time: 0.10s
[INFO]: TRAIN epoch: 8 loss: 0.0894, grad_norm: 0.24648822844028473, lr: 0.000984, time: 0.10s
[INFO]: TRAIN epoch: 8 loss: 0.3988, grad_norm: 0.31877264380455017, lr: 0.000984, time: 0.10s
[INFO]: TRAIN epoch: 8 loss: 0.3265, grad_norm: 0.5091777443885803, lr: 0.000984, time: 0.10s
[INFO]: TRAIN epoch: 8 loss: 0.2424, grad_norm: 0.3418113589286804, lr: 0.000984, time: 0.10s
[INFO]: TRAIN epoch: 8 loss: 0.0795, grad_norm: 0.24976447224617004, lr: 0.000984, time: 0.10s
[INFO]: TRAIN epoch: 8 loss: 0.0775, grad_norm: 0.20767197012901306, lr: 0.000984, time: 0.10s
[INFO]: TRAIN epoch: 8 loss: 0.2796, grad_norm: 0.39897269010543823, lr: 0.000984, time: 0.10s
[INFO]: TRAIN epoch: 8 loss: 0.0664, grad_norm: 0.1775520294904709, lr: 0.000984, time: 0.10s
[INFO]: TRAIN epoch: 8 loss: 0.1386, grad_norm: 0.3200530409812927, lr: 0.000984, time: 0.10s
[INFO]: TRAIN epoch: 8 loss: 0.4428, grad_norm: 0.4354868233203888, lr: 0.000984, time: 0.10s
[INFO]: TRAIN epoch: 8 loss: 0.0458, grad_norm: 0.1656174510717392, lr: 0.000984, time: 0.10s
[INFO]: TRAIN epoch: 8 loss: 0.0688, grad_norm: 0.16202422976493835, lr: 0.000984, time: 0.10s
[INFO]: TRAIN epoch: 8 loss: 0.0408, grad_norm: 0.13936541974544525, lr: 0.000984, time: 0.10s
[INFO]: TRAIN epoch: 8 loss: 0.0804, grad_norm: 0.2665940821170807, lr: 0.000984, time: 0.10s
[INFO]: TRAIN epoch: 8 loss: 0.6193, grad_norm: 0.5182145237922668, lr: 0.000984, time: 0.10s
[INFO]: TRAIN epoch: 8 loss: 0.2884, grad_norm: 0.3175947070121765, lr: 0.000984, time: 0.10s
[INFO]: TRAIN epoch: 8 loss: 0.5514, grad_norm: 0.3489105701446533, lr: 0.000984, time: 0.10s
[INFO]: TRAIN epoch: 8 loss: 0.2763, grad_norm: 0.415362149477005, lr: 0.000984, time: 0.10s
[INFO]: TRAIN epoch: 8 loss: 0.5593, grad_norm: 0.41156595945358276, lr: 0.000984, time: 0.10s
[INFO]: TRAIN epoch: 8 loss: 0.2180, grad_norm: 0.3230927884578705, lr: 0.000984, time: 0.10s
[INFO]: TRAIN epoch: 8 loss: 0.5872, grad_norm: 0.5401479601860046, lr: 0.000984, time: 0.10s
[INFO]: TRAIN epoch: 8 loss: 0.3118, grad_norm: 0.5165099501609802, lr: 0.000984, time: 0.10s
[INFO]: TRAIN epoch: 8 loss: 0.4742, grad_norm: 0.3147824704647064, lr: 0.000984, time: 0.10s
[INFO]: TRAIN epoch: 8 loss: 0.5132, grad_norm: 0.40393245220184326, lr: 0.000984, time: 0.10s
[INFO]: TRAIN epoch: 8 loss: 0.3749, grad_norm: 0.3286876380443573, lr: 0.000984, time: 0.10s
[INFO]: TRAIN epoch: 8 loss: 0.4292, grad_norm: 0.37867245078086853, lr: 0.000984, time: 0.10s
[INFO]: TRAIN epoch: 8 loss: 0.1431, grad_norm: 0.31017667055130005, lr: 0.000984, time: 0.10s
[INFO]: TRAIN epoch: 8 loss: 0.3903, grad_norm: 0.3369735777378082, lr: 0.000984, time: 0.10s
[INFO]: TRAIN epoch: 8 loss: 0.2738, grad_norm: 0.33746495842933655, lr: 0.000984, time: 0.10s
[INFO]: TRAIN epoch: 8 loss: 0.3321, grad_norm: 0.38170284032821655, lr: 0.000984, time: 0.10s
[INFO]: TRAIN epoch: 8 loss: 0.3535, grad_norm: 0.4061768054962158, lr: 0.000984, time: 0.10s
[INFO]: TRAIN epoch: 8 loss: 0.3586, grad_norm: 0.34728536009788513, lr: 0.000984, time: 0.10s
[INFO]: TRAIN epoch: 8 loss: 0.4144, grad_norm: 0.4257849454879761, lr: 0.000984, time: 0.10s
[INFO]: TRAIN epoch: 8 loss: 0.1127, grad_norm: 0.3008795380592346, lr: 0.000984, time: 0.10s
[INFO]: TRAIN epoch: 8 loss: 0.0806, grad_norm: 0.20123957097530365, lr: 0.000984, time: 0.10s
[INFO]: TRAIN epoch: 8 loss: 0.4076, grad_norm: 0.6988689303398132, lr: 0.000984, time: 0.10s
[INFO]: TRAIN epoch: 8 loss: 0.3300, grad_norm: 0.3264310359954834, lr: 0.000984, time: 0.10s
[INFO]: TRAIN epoch: 8 loss: 0.1980, grad_norm: 0.32237955927848816, lr: 0.000984, time: 0.10s
[INFO]: TRAIN epoch: 8 loss: 0.0359, grad_norm: 0.14736643433570862, lr: 0.000984, time: 0.10s
[INFO]: TRAIN epoch: 8 loss: 0.3247, grad_norm: 0.2973676323890686, lr: 0.000984, time: 0.10s
[INFO]: TRAIN epoch: 8 loss: 0.4351, grad_norm: 0.4618593454360962, lr: 0.000984, time: 0.10s
[INFO]: TRAIN epoch: 8 loss: 0.1257, grad_norm: 0.23089447617530823, lr: 0.000984, time: 0.10s
[INFO]: TRAIN epoch: 8 loss: 0.4209, grad_norm: 0.4162658751010895, lr: 0.000984, time: 0.10s
[INFO]: TRAIN epoch: 8 loss: 0.0605, grad_norm: 0.2128763198852539, lr: 0.000984, time: 0.10s
[INFO]: TRAIN epoch: 8 loss: 0.4992, grad_norm: 0.3796612620353699, lr: 0.000984, time: 0.10s
[INFO]: TRAIN epoch: 8 loss: 0.3448, grad_norm: 0.48103564977645874, lr: 0.000984, time: 0.10s
[INFO]: TRAIN epoch: 8 loss: 0.0915, grad_norm: 0.28651145100593567, lr: 0.000984, time: 0.10s
[INFO]: TRAIN epoch: 8 loss: 0.3366, grad_norm: 0.3508111536502838, lr: 0.000984, time: 0.10s
[INFO]: TRAIN epoch: 8 loss: 0.1161, grad_norm: 0.3447478115558624, lr: 0.000984, time: 0.10s
[INFO]: TRAIN epoch: 8 loss: 0.1002, grad_norm: 0.20005393028259277, lr: 0.000984, time: 0.10s
[INFO]: TRAIN epoch: 8 loss: 0.4083, grad_norm: 0.4773779809474945, lr: 0.000984, time: 0.10s
[INFO]: TRAIN epoch: 8 loss: 0.2681, grad_norm: 0.3279127776622772, lr: 0.000984, time: 0.10s
[INFO]: TRAIN epoch: 8 loss: 0.5403, grad_norm: 0.47530028223991394, lr: 0.000984, time: 0.10s
[INFO]: TRAIN epoch: 8 loss: 0.0966, grad_norm: 0.2349379062652588, lr: 0.000984, time: 0.10s
[INFO]: TRAIN epoch: 8 loss: 0.4550, grad_norm: 0.3620404005050659, lr: 0.000984, time: 0.10s
[INFO]: TRAIN epoch: 8 loss: 0.5077, grad_norm: 0.3963833153247833, lr: 0.000984, time: 0.10s
[INFO]: TRAIN epoch: 8 loss: 0.0590, grad_norm: 0.16359178721904755, lr: 0.000984, time: 0.10s
[INFO]: TRAIN epoch: 8 loss: 0.4569, grad_norm: 0.4663500487804413, lr: 0.000984, time: 0.10s
[INFO]: TRAIN epoch: 8 loss: 0.5146, grad_norm: 0.32991552352905273, lr: 0.000984, time: 0.10s
[INFO]: TRAIN epoch: 8 loss: 0.2428, grad_norm: 0.29119405150413513, lr: 0.000984, time: 0.10s
[INFO]: TRAIN epoch: 8 loss: 0.1519, grad_norm: 0.2555846571922302, lr: 0.000984, time: 0.10s
[INFO]: TRAIN epoch: 8 loss: 0.1021, grad_norm: 0.21444636583328247, lr: 0.000984, time: 0.10s
[INFO]: TRAIN epoch: 8 loss: 0.1280, grad_norm: 0.28675931692123413, lr: 0.000984, time: 0.10s
[INFO]: TRAIN epoch: 8 loss: 0.4791, grad_norm: 0.3390347361564636, lr: 0.000984, time: 0.10s
[INFO]: TRAIN epoch: 8 loss: 0.3904, grad_norm: 0.31572121381759644, lr: 0.000984, time: 0.10s
[INFO]: TRAIN epoch: 8 loss: 0.3648, grad_norm: 0.3284987509250641, lr: 0.000984, time: 0.10s
[INFO]: TRAIN epoch: 8 loss: 0.2718, grad_norm: 0.22369125485420227, lr: 0.000984, time: 0.10s
[INFO]: TRAIN epoch: 8 loss: 0.4150, grad_norm: 0.33155906200408936, lr: 0.000984, time: 0.10s
[INFO]: TRAIN epoch: 8 loss: 0.4477, grad_norm: 0.38965943455696106, lr: 0.000984, time: 0.10s
[INFO]: TRAIN epoch: 8 loss: 0.4572, grad_norm: 0.2865298390388489, lr: 0.000984, time: 0.10s
[INFO]: TRAIN epoch: 8 loss: 0.3520, grad_norm: 0.4947200417518616, lr: 0.000984, time: 0.10s
[INFO]: TRAIN epoch: 8 loss: 0.1122, grad_norm: 0.25571805238723755, lr: 0.000984, time: 0.10s
[INFO]: TRAIN epoch: 8 loss: 0.4176, grad_norm: 0.40128493309020996, lr: 0.000984, time: 0.10s
[INFO]: TRAIN epoch: 8 loss: 0.0459, grad_norm: 0.1743634045124054, lr: 0.000984, time: 0.10s
[INFO]: TRAIN epoch: 8 loss: 0.2757, grad_norm: 0.42328575253486633, lr: 0.000984, time: 0.10s
[INFO]: TRAIN epoch: 8 loss: 0.0928, grad_norm: 0.23032590746879578, lr: 0.000984, time: 0.26s
[INFO]: TRAIN epoch: 8 loss: 0.1990, grad_norm: 0.40189749002456665, lr: 0.000984, time: 0.10s
[INFO]: TRAIN epoch: 8 loss: 0.3153, grad_norm: 0.28097981214523315, lr: 0.000984, time: 0.10s
[INFO]: TRAIN epoch: 8 loss: 0.1306, grad_norm: 0.2626677453517914, lr: 0.000984, time: 0.10s
[INFO]: TRAIN epoch: 8 loss: 0.1173, grad_norm: 0.26997074484825134, lr: 0.000984, time: 0.10s
[INFO]: TRAIN epoch: 8 loss: 0.2923, grad_norm: 0.3718354403972626, lr: 0.000984, time: 0.10s
[INFO]: TRAIN epoch: 8 loss: 0.1146, grad_norm: 0.3524511456489563, lr: 0.000984, time: 0.10s
[INFO]: TRAIN epoch: 8 loss: 0.0754, grad_norm: 0.23468704521656036, lr: 0.000984, time: 0.10s
[INFO]: TRAIN epoch: 8 loss: 0.3261, grad_norm: 0.45862045884132385, lr: 0.000984, time: 0.10s
[INFO]: TRAIN epoch: 8 loss: 0.4135, grad_norm: 0.4317292869091034, lr: 0.000984, time: 0.10s
[INFO]: TRAIN epoch: 8 loss: 0.3929, grad_norm: 0.5782877802848816, lr: 0.000984, time: 0.10s
[INFO]: TRAIN epoch: 8 loss: 0.0655, grad_norm: 0.2482631802558899, lr: 0.000984, time: 0.10s
[INFO]: TRAIN epoch: 8 loss: 0.0800, grad_norm: 0.2397328019142151, lr: 0.000984, time: 0.10s
[INFO]: TRAIN epoch: 8 loss: 0.5142, grad_norm: 0.37495511770248413, lr: 0.000984, time: 0.10s
[INFO]: TRAIN epoch: 8 loss: 0.1550, grad_norm: 0.3231475353240967, lr: 0.000984, time: 0.10s
[INFO]: TRAIN epoch: 8 loss: 0.6326, grad_norm: 0.42496028542518616, lr: 0.000984, time: 0.10s
[INFO]: TRAIN epoch summary: 8 loss: 0.2960
[INFO]: VALIDATION epoch: 8 loss: 0.2976
[INFO]: TRAIN epoch: 9 loss: 0.3409, grad_norm: 0.3916482627391815, lr: 0.000980, time: 0.11s
[INFO]: TRAIN epoch: 9 loss: 0.2513, grad_norm: 0.2926148772239685, lr: 0.000980, time: 0.10s
[INFO]: TRAIN epoch: 9 loss: 0.1640, grad_norm: 0.21229121088981628, lr: 0.000980, time: 0.10s
[INFO]: TRAIN epoch: 9 loss: 0.2532, grad_norm: 1.0684490203857422, lr: 0.000980, time: 0.10s
[INFO]: TRAIN epoch: 9 loss: 0.1785, grad_norm: 0.3053077161312103, lr: 0.000980, time: 0.10s
[INFO]: TRAIN epoch: 9 loss: 0.1607, grad_norm: 0.3298387825489044, lr: 0.000980, time: 0.10s
[INFO]: TRAIN epoch: 9 loss: 0.1130, grad_norm: 0.2733433246612549, lr: 0.000980, time: 0.10s
[INFO]: TRAIN epoch: 9 loss: 0.2923, grad_norm: 0.31122511625289917, lr: 0.000980, time: 0.10s
[INFO]: TRAIN epoch: 9 loss: 0.5592, grad_norm: 0.507952868938446, lr: 0.000980, time: 0.10s
[INFO]: TRAIN epoch: 9 loss: 0.4282, grad_norm: 0.3219906985759735, lr: 0.000980, time: 0.10s
[INFO]: TRAIN epoch: 9 loss: 0.3106, grad_norm: 0.3758142292499542, lr: 0.000980, time: 0.10s
[INFO]: TRAIN epoch: 9 loss: 0.2301, grad_norm: 0.3463689684867859, lr: 0.000980, time: 0.10s
[INFO]: TRAIN epoch: 9 loss: 0.4561, grad_norm: 0.37417054176330566, lr: 0.000980, time: 0.10s
[INFO]: TRAIN epoch: 9 loss: 0.3952, grad_norm: 0.4761379361152649, lr: 0.000980, time: 0.10s
[INFO]: TRAIN epoch: 9 loss: 0.3233, grad_norm: 0.4500541687011719, lr: 0.000980, time: 0.10s
[INFO]: TRAIN epoch: 9 loss: 0.4138, grad_norm: 0.49237391352653503, lr: 0.000980, time: 0.10s
[INFO]: TRAIN epoch: 9 loss: 0.1296, grad_norm: 0.35690274834632874, lr: 0.000980, time: 0.10s
[INFO]: TRAIN epoch: 9 loss: 0.1071, grad_norm: 0.3155449628829956, lr: 0.000980, time: 0.10s
[INFO]: TRAIN epoch: 9 loss: 0.1403, grad_norm: 0.27999386191368103, lr: 0.000980, time: 0.10s
[INFO]: TRAIN epoch: 9 loss: 0.1406, grad_norm: 0.29440197348594666, lr: 0.000980, time: 0.10s
[INFO]: TRAIN epoch: 9 loss: 0.0367, grad_norm: 0.1099293902516365, lr: 0.000980, time: 0.10s
[INFO]: TRAIN epoch: 9 loss: 0.3799, grad_norm: 0.3669147789478302, lr: 0.000980, time: 0.10s
[INFO]: TRAIN epoch: 9 loss: 0.2446, grad_norm: 0.35362038016319275, lr: 0.000980, time: 0.10s
[INFO]: TRAIN epoch: 9 loss: 0.0545, grad_norm: 0.1596277356147766, lr: 0.000980, time: 0.10s
[INFO]: TRAIN epoch: 9 loss: 0.3663, grad_norm: 0.440003365278244, lr: 0.000980, time: 0.10s
[INFO]: TRAIN epoch: 9 loss: 0.0794, grad_norm: 0.23579160869121552, lr: 0.000980, time: 0.10s
[INFO]: TRAIN epoch: 9 loss: 0.3916, grad_norm: 0.31467384099960327, lr: 0.000980, time: 0.10s
[INFO]: TRAIN epoch: 9 loss: 0.3295, grad_norm: 0.44397878646850586, lr: 0.000980, time: 0.10s
[INFO]: TRAIN epoch: 9 loss: 0.0903, grad_norm: 0.23715566098690033, lr: 0.000980, time: 0.10s
[INFO]: TRAIN epoch: 9 loss: 0.2501, grad_norm: 0.2809878885746002, lr: 0.000980, time: 0.10s
[INFO]: TRAIN epoch: 9 loss: 0.1397, grad_norm: 0.2365146428346634, lr: 0.000980, time: 0.10s
[INFO]: TRAIN epoch: 9 loss: 0.4916, grad_norm: 0.37497255206108093, lr: 0.000980, time: 0.10s
[INFO]: TRAIN epoch: 9 loss: 0.1278, grad_norm: 0.2655293643474579, lr: 0.000980, time: 0.10s
[INFO]: TRAIN epoch: 9 loss: 0.3821, grad_norm: 0.46446043252944946, lr: 0.000980, time: 0.10s
[INFO]: TRAIN epoch: 9 loss: 0.1338, grad_norm: 0.1947314441204071, lr: 0.000980, time: 0.10s
[INFO]: TRAIN epoch: 9 loss: 0.1035, grad_norm: 0.22225092351436615, lr: 0.000980, time: 0.10s
[INFO]: TRAIN epoch: 9 loss: 0.3953, grad_norm: 0.3082570433616638, lr: 0.000980, time: 0.10s
[INFO]: TRAIN epoch: 9 loss: 0.3401, grad_norm: 0.33195993304252625, lr: 0.000980, time: 0.10s
[INFO]: TRAIN epoch: 9 loss: 0.3400, grad_norm: 0.36247000098228455, lr: 0.000980, time: 0.10s
[INFO]: TRAIN epoch: 9 loss: 0.5095, grad_norm: 0.35037335753440857, lr: 0.000980, time: 0.10s
[INFO]: TRAIN epoch: 9 loss: 0.3618, grad_norm: 0.2884002923965454, lr: 0.000980, time: 0.10s
[INFO]: TRAIN epoch: 9 loss: 0.3730, grad_norm: 0.3097931444644928, lr: 0.000980, time: 0.10s
[INFO]: TRAIN epoch: 9 loss: 0.3784, grad_norm: 0.41603580117225647, lr: 0.000980, time: 0.10s
[INFO]: TRAIN epoch: 9 loss: 0.1846, grad_norm: 0.273257315158844, lr: 0.000980, time: 0.10s
[INFO]: TRAIN epoch: 9 loss: 0.3066, grad_norm: 0.4013903737068176, lr: 0.000980, time: 0.10s
[INFO]: TRAIN epoch: 9 loss: 0.5235, grad_norm: 0.4207114577293396, lr: 0.000980, time: 0.10s
[INFO]: TRAIN epoch: 9 loss: 0.4220, grad_norm: 0.29205697774887085, lr: 0.000980, time: 0.10s
[INFO]: TRAIN epoch: 9 loss: 0.2551, grad_norm: 0.40292519330978394, lr: 0.000980, time: 0.10s
[INFO]: TRAIN epoch: 9 loss: 0.4285, grad_norm: 0.35417187213897705, lr: 0.000980, time: 0.10s
[INFO]: TRAIN epoch: 9 loss: 0.4618, grad_norm: 0.3314458727836609, lr: 0.000980, time: 0.10s
[INFO]: TRAIN epoch: 9 loss: 0.0755, grad_norm: 0.19549785554409027, lr: 0.000980, time: 0.10s
[INFO]: TRAIN epoch: 9 loss: 0.2948, grad_norm: 0.29938313364982605, lr: 0.000980, time: 0.10s
[INFO]: TRAIN epoch: 9 loss: 0.3459, grad_norm: 0.3403840661048889, lr: 0.000980, time: 0.10s
[INFO]: TRAIN epoch: 9 loss: 0.1797, grad_norm: 0.2516402006149292, lr: 0.000980, time: 0.10s
[INFO]: TRAIN epoch: 9 loss: 0.2247, grad_norm: 0.3869280219078064, lr: 0.000980, time: 0.10s
[INFO]: TRAIN epoch: 9 loss: 0.1266, grad_norm: 0.22836273908615112, lr: 0.000980, time: 0.10s
[INFO]: TRAIN epoch: 9 loss: 0.6387, grad_norm: 0.41445016860961914, lr: 0.000980, time: 0.10s
[INFO]: TRAIN epoch: 9 loss: 0.2962, grad_norm: 0.42022037506103516, lr: 0.000980, time: 0.10s
[INFO]: TRAIN epoch: 9 loss: 0.3414, grad_norm: 0.3073635697364807, lr: 0.000980, time: 0.10s
[INFO]: TRAIN epoch: 9 loss: 0.2357, grad_norm: 0.29061225056648254, lr: 0.000980, time: 0.10s
[INFO]: TRAIN epoch: 9 loss: 0.2177, grad_norm: 0.3607684075832367, lr: 0.000980, time: 0.10s
[INFO]: TRAIN epoch: 9 loss: 0.0588, grad_norm: 0.18402470648288727, lr: 0.000980, time: 0.10s
[INFO]: TRAIN epoch: 9 loss: 0.6249, grad_norm: 0.40571802854537964, lr: 0.000980, time: 0.10s
[INFO]: TRAIN epoch: 9 loss: 0.2914, grad_norm: 0.410380482673645, lr: 0.000980, time: 0.10s
[INFO]: TRAIN epoch: 9 loss: 0.1298, grad_norm: 0.23913489282131195, lr: 0.000980, time: 0.10s
[INFO]: TRAIN epoch: 9 loss: 0.3121, grad_norm: 0.3274652063846588, lr: 0.000980, time: 0.10s
[INFO]: TRAIN epoch: 9 loss: 0.2531, grad_norm: 0.3562004864215851, lr: 0.000980, time: 0.10s
[INFO]: TRAIN epoch: 9 loss: 0.1646, grad_norm: 0.34005430340766907, lr: 0.000980, time: 0.10s
[INFO]: TRAIN epoch: 9 loss: 0.3942, grad_norm: 0.44443920254707336, lr: 0.000980, time: 0.10s
[INFO]: TRAIN epoch: 9 loss: 0.4267, grad_norm: 0.3923063278198242, lr: 0.000980, time: 0.10s
[INFO]: TRAIN epoch: 9 loss: 0.2921, grad_norm: 0.4265766143798828, lr: 0.000980, time: 0.10s
[INFO]: TRAIN epoch: 9 loss: 0.3646, grad_norm: 0.3908436596393585, lr: 0.000980, time: 0.10s
[INFO]: TRAIN epoch: 9 loss: 0.2371, grad_norm: 0.4441211521625519, lr: 0.000980, time: 0.10s
[INFO]: TRAIN epoch: 9 loss: 0.1789, grad_norm: 0.3013359308242798, lr: 0.000980, time: 0.10s
[INFO]: TRAIN epoch: 9 loss: 0.1438, grad_norm: 0.36702248454093933, lr: 0.000980, time: 0.10s
[INFO]: TRAIN epoch: 9 loss: 0.2600, grad_norm: 0.3297955095767975, lr: 0.000980, time: 0.10s
[INFO]: TRAIN epoch: 9 loss: 0.4327, grad_norm: 0.39554649591445923, lr: 0.000980, time: 0.10s
[INFO]: TRAIN epoch: 9 loss: 0.1422, grad_norm: 0.2611634433269501, lr: 0.000980, time: 0.10s
[INFO]: TRAIN epoch: 9 loss: 0.2639, grad_norm: 0.3870188593864441, lr: 0.000980, time: 0.10s
[INFO]: TRAIN epoch: 9 loss: 0.4245, grad_norm: 0.47368744015693665, lr: 0.000980, time: 0.10s
[INFO]: TRAIN epoch: 9 loss: 0.4821, grad_norm: 0.3645544946193695, lr: 0.000980, time: 0.10s
[INFO]: TRAIN epoch: 9 loss: 0.1198, grad_norm: 0.26548829674720764, lr: 0.000980, time: 0.10s
[INFO]: TRAIN epoch: 9 loss: 0.0846, grad_norm: 0.21268649399280548, lr: 0.000980, time: 0.10s
[INFO]: TRAIN epoch: 9 loss: 0.4894, grad_norm: 0.38490819931030273, lr: 0.000980, time: 0.10s
[INFO]: TRAIN epoch: 9 loss: 0.4816, grad_norm: 0.38387951254844666, lr: 0.000980, time: 0.10s
[INFO]: TRAIN epoch: 9 loss: 0.3532, grad_norm: 0.36893394589424133, lr: 0.000980, time: 0.10s
[INFO]: TRAIN epoch: 9 loss: 0.2649, grad_norm: 0.36001408100128174, lr: 0.000980, time: 0.10s
[INFO]: TRAIN epoch: 9 loss: 0.1131, grad_norm: 0.28663522005081177, lr: 0.000980, time: 0.10s
[INFO]: TRAIN epoch: 9 loss: 0.0762, grad_norm: 0.1789833903312683, lr: 0.000980, time: 0.10s
[INFO]: TRAIN epoch: 9 loss: 0.2995, grad_norm: 0.3928610682487488, lr: 0.000980, time: 0.10s
[INFO]: TRAIN epoch: 9 loss: 0.2222, grad_norm: 0.4557528495788574, lr: 0.000980, time: 0.10s
[INFO]: TRAIN epoch: 9 loss: 0.3220, grad_norm: 0.29633644223213196, lr: 0.000980, time: 0.10s
[INFO]: TRAIN epoch: 9 loss: 0.3339, grad_norm: 0.44031038880348206, lr: 0.000980, time: 0.10s
[INFO]: TRAIN epoch: 9 loss: 0.1032, grad_norm: 0.24699878692626953, lr: 0.000980, time: 0.10s
[INFO]: TRAIN epoch: 9 loss: 0.0822, grad_norm: 0.2671468257904053, lr: 0.000980, time: 0.10s
[INFO]: TRAIN epoch: 9 loss: 0.1155, grad_norm: 0.36821913719177246, lr: 0.000980, time: 0.10s
[INFO]: TRAIN epoch: 9 loss: 0.4107, grad_norm: 0.4186748266220093, lr: 0.000980, time: 0.10s
[INFO]: TRAIN epoch: 9 loss: 0.1945, grad_norm: 0.3734185993671417, lr: 0.000980, time: 0.10s
[INFO]: TRAIN epoch: 9 loss: 0.0689, grad_norm: 0.18825431168079376, lr: 0.000980, time: 0.10s
[INFO]: TRAIN epoch: 9 loss: 0.0949, grad_norm: 0.27347931265830994, lr: 0.000980, time: 0.10s
[INFO]: TRAIN epoch: 9 loss: 0.1048, grad_norm: 0.4834427833557129, lr: 0.000980, time: 0.10s
[INFO]: TRAIN epoch: 9 loss: 0.1488, grad_norm: 0.2924918830394745, lr: 0.000980, time: 0.10s
[INFO]: TRAIN epoch: 9 loss: 0.1518, grad_norm: 0.248022198677063, lr: 0.000980, time: 0.10s
[INFO]: TRAIN epoch: 9 loss: 0.3919, grad_norm: 0.5041150450706482, lr: 0.000980, time: 0.10s
[INFO]: TRAIN epoch: 9 loss: 0.4261, grad_norm: 0.2748697102069855, lr: 0.000980, time: 0.10s
[INFO]: TRAIN epoch: 9 loss: 0.0649, grad_norm: 0.20395399630069733, lr: 0.000980, time: 0.10s
[INFO]: TRAIN epoch: 9 loss: 0.4174, grad_norm: 0.29000210762023926, lr: 0.000980, time: 0.10s
[INFO]: TRAIN epoch: 9 loss: 0.1206, grad_norm: 0.3388053774833679, lr: 0.000980, time: 0.10s
[INFO]: TRAIN epoch: 9 loss: 0.2213, grad_norm: 0.3577040135860443, lr: 0.000980, time: 0.10s
[INFO]: TRAIN epoch: 9 loss: 0.1379, grad_norm: 0.292757511138916, lr: 0.000980, time: 0.10s
[INFO]: TRAIN epoch: 9 loss: 0.3939, grad_norm: 0.34495487809181213, lr: 0.000980, time: 0.10s
[INFO]: TRAIN epoch: 9 loss: 0.3492, grad_norm: 0.4015294015407562, lr: 0.000980, time: 0.10s
[INFO]: TRAIN epoch: 9 loss: 0.0628, grad_norm: 0.22191621363162994, lr: 0.000980, time: 0.10s
[INFO]: TRAIN epoch: 9 loss: 0.3379, grad_norm: 0.4938194751739502, lr: 0.000980, time: 0.10s
[INFO]: TRAIN epoch: 9 loss: 0.3244, grad_norm: 0.2838701009750366, lr: 0.000980, time: 0.10s
[INFO]: TRAIN epoch: 9 loss: 0.1505, grad_norm: 0.26803839206695557, lr: 0.000980, time: 0.10s
[INFO]: TRAIN epoch: 9 loss: 0.3187, grad_norm: 0.35553833842277527, lr: 0.000980, time: 0.10s
[INFO]: TRAIN epoch: 9 loss: 0.1157, grad_norm: 0.17713072896003723, lr: 0.000980, time: 0.10s
[INFO]: TRAIN epoch: 9 loss: 0.0940, grad_norm: 0.22036762535572052, lr: 0.000980, time: 0.10s
[INFO]: TRAIN epoch: 9 loss: 0.1873, grad_norm: 0.25778838992118835, lr: 0.000980, time: 0.11s
[INFO]: TRAIN epoch: 9 loss: 0.3178, grad_norm: 0.2940366864204407, lr: 0.000980, time: 0.10s
[INFO]: TRAIN epoch: 9 loss: 0.2775, grad_norm: 0.4049883186817169, lr: 0.000980, time: 0.10s
[INFO]: TRAIN epoch: 9 loss: 0.0640, grad_norm: 0.1466691493988037, lr: 0.000980, time: 0.10s
[INFO]: TRAIN epoch: 9 loss: 0.2021, grad_norm: 0.33431658148765564, lr: 0.000980, time: 0.10s
[INFO]: TRAIN epoch: 9 loss: 0.1609, grad_norm: 0.29053616523742676, lr: 0.000980, time: 0.10s
[INFO]: TRAIN epoch: 9 loss: 0.0751, grad_norm: 0.20802967250347137, lr: 0.000980, time: 0.10s
[INFO]: TRAIN epoch: 9 loss: 0.1089, grad_norm: 0.29000458121299744, lr: 0.000980, time: 0.10s
[INFO]: TRAIN epoch: 9 loss: 0.1006, grad_norm: 0.2570478320121765, lr: 0.000980, time: 0.10s
[INFO]: TRAIN epoch: 9 loss: 0.0980, grad_norm: 0.25565680861473083, lr: 0.000980, time: 0.10s
[INFO]: TRAIN epoch: 9 loss: 0.1609, grad_norm: 0.21553584933280945, lr: 0.000980, time: 0.10s
[INFO]: TRAIN epoch: 9 loss: 0.2667, grad_norm: 0.526796817779541, lr: 0.000980, time: 0.10s
[INFO]: TRAIN epoch: 9 loss: 0.3127, grad_norm: 0.41874006390571594, lr: 0.000980, time: 0.10s
[INFO]: TRAIN epoch: 9 loss: 0.4005, grad_norm: 0.501566469669342, lr: 0.000980, time: 0.10s
[INFO]: TRAIN epoch: 9 loss: 0.1821, grad_norm: 0.3172663748264313, lr: 0.000980, time: 0.10s
[INFO]: TRAIN epoch: 9 loss: 0.1929, grad_norm: 0.4743059575557709, lr: 0.000980, time: 0.10s
[INFO]: TRAIN epoch: 9 loss: 0.2111, grad_norm: 0.35267844796180725, lr: 0.000980, time: 0.10s
[INFO]: TRAIN epoch: 9 loss: 0.1165, grad_norm: 0.2521205544471741, lr: 0.000980, time: 0.10s
[INFO]: TRAIN epoch: 9 loss: 0.3778, grad_norm: 0.33210238814353943, lr: 0.000980, time: 0.10s
[INFO]: TRAIN epoch: 9 loss: 0.0884, grad_norm: 0.2032351940870285, lr: 0.000980, time: 0.10s
[INFO]: TRAIN epoch: 9 loss: 0.2941, grad_norm: 0.3881218433380127, lr: 0.000980, time: 0.11s
[INFO]: TRAIN epoch: 9 loss: 0.2416, grad_norm: 0.2349347025156021, lr: 0.000980, time: 0.10s
[INFO]: TRAIN epoch: 9 loss: 0.0590, grad_norm: 0.13655076920986176, lr: 0.000980, time: 0.10s
[INFO]: TRAIN epoch: 9 loss: 0.3593, grad_norm: 0.3455335199832916, lr: 0.000980, time: 0.10s
[INFO]: TRAIN epoch: 9 loss: 0.3701, grad_norm: 0.3957265317440033, lr: 0.000980, time: 0.10s
[INFO]: TRAIN epoch: 9 loss: 0.1846, grad_norm: 0.33321139216423035, lr: 0.000980, time: 0.10s
[INFO]: TRAIN epoch: 9 loss: 0.3398, grad_norm: 0.41754797101020813, lr: 0.000980, time: 0.10s
[INFO]: TRAIN epoch: 9 loss: 0.3872, grad_norm: 0.51571124792099, lr: 0.000980, time: 0.10s
[INFO]: TRAIN epoch: 9 loss: 0.1332, grad_norm: 0.27305707335472107, lr: 0.000980, time: 0.10s
[INFO]: TRAIN epoch: 9 loss: 0.1890, grad_norm: 0.3114875257015228, lr: 0.000980, time: 0.10s
[INFO]: TRAIN epoch: 9 loss: 0.1588, grad_norm: 0.30579450726509094, lr: 0.000980, time: 0.10s
[INFO]: TRAIN epoch: 9 loss: 0.2638, grad_norm: 0.42685845494270325, lr: 0.000980, time: 0.10s
[INFO]: TRAIN epoch: 9 loss: 0.6881, grad_norm: 0.58924800157547, lr: 0.000980, time: 0.10s
[INFO]: TRAIN epoch: 9 loss: 0.2869, grad_norm: 0.4782569110393524, lr: 0.000980, time: 0.10s
[INFO]: TRAIN epoch: 9 loss: 0.0959, grad_norm: 0.26278847455978394, lr: 0.000980, time: 0.10s
[INFO]: TRAIN epoch: 9 loss: 0.2827, grad_norm: 0.3212467432022095, lr: 0.000980, time: 0.10s
[INFO]: TRAIN epoch: 9 loss: 0.2707, grad_norm: 0.3176293671131134, lr: 0.000980, time: 0.10s
[INFO]: TRAIN epoch: 9 loss: 0.3020, grad_norm: 0.35958772897720337, lr: 0.000980, time: 0.10s
[INFO]: TRAIN epoch: 9 loss: 0.3515, grad_norm: 0.3460370600223541, lr: 0.000980, time: 0.10s
[INFO]: TRAIN epoch: 9 loss: 0.6149, grad_norm: 0.4566595256328583, lr: 0.000980, time: 0.10s
[INFO]: TRAIN epoch: 9 loss: 0.4087, grad_norm: 0.42894938588142395, lr: 0.000980, time: 0.11s
[INFO]: TRAIN epoch: 9 loss: 0.4844, grad_norm: 0.4202440679073334, lr: 0.000980, time: 0.10s
[INFO]: TRAIN epoch: 9 loss: 0.2635, grad_norm: 0.357024222612381, lr: 0.000980, time: 0.10s
[INFO]: TRAIN epoch: 9 loss: 0.1059, grad_norm: 0.2517429292201996, lr: 0.000980, time: 0.10s
[INFO]: TRAIN epoch: 9 loss: 0.5095, grad_norm: 0.43821024894714355, lr: 0.000980, time: 0.10s
[INFO]: TRAIN epoch: 9 loss: 0.2281, grad_norm: 0.3517898917198181, lr: 0.000980, time: 0.10s
[INFO]: TRAIN epoch: 9 loss: 0.3172, grad_norm: 0.398849755525589, lr: 0.000980, time: 0.10s
[INFO]: TRAIN epoch: 9 loss: 0.1309, grad_norm: 0.2851133942604065, lr: 0.000980, time: 0.10s
[INFO]: TRAIN epoch: 9 loss: 0.2526, grad_norm: 0.4004907011985779, lr: 0.000980, time: 0.10s
[INFO]: TRAIN epoch: 9 loss: 0.1478, grad_norm: 0.32062798738479614, lr: 0.000980, time: 0.10s
[INFO]: TRAIN epoch: 9 loss: 0.4307, grad_norm: 0.4315238296985626, lr: 0.000980, time: 0.10s
[INFO]: TRAIN epoch: 9 loss: 0.5054, grad_norm: 0.38872361183166504, lr: 0.000980, time: 0.10s
[INFO]: TRAIN epoch: 9 loss: 0.2668, grad_norm: 0.35199159383773804, lr: 0.000980, time: 0.10s
[INFO]: TRAIN epoch: 9 loss: 0.3588, grad_norm: 0.4051768183708191, lr: 0.000980, time: 0.10s
[INFO]: TRAIN epoch: 9 loss: 0.1041, grad_norm: 0.266862154006958, lr: 0.000980, time: 0.10s
[INFO]: TRAIN epoch: 9 loss: 0.0886, grad_norm: 0.22893427312374115, lr: 0.000980, time: 0.10s
[INFO]: TRAIN epoch: 9 loss: 0.2361, grad_norm: 0.3274267017841339, lr: 0.000980, time: 0.10s
[INFO]: TRAIN epoch: 9 loss: 0.3949, grad_norm: 0.35371842980384827, lr: 0.000980, time: 0.10s
[INFO]: TRAIN epoch: 9 loss: 0.3420, grad_norm: 0.3781987130641937, lr: 0.000980, time: 0.10s
[INFO]: TRAIN epoch: 9 loss: 0.1621, grad_norm: 0.24559369683265686, lr: 0.000980, time: 0.10s
[INFO]: TRAIN epoch: 9 loss: 0.5597, grad_norm: 0.5409375429153442, lr: 0.000980, time: 0.10s
[INFO]: TRAIN epoch: 9 loss: 0.3189, grad_norm: 0.3702218234539032, lr: 0.000980, time: 0.10s
[INFO]: TRAIN epoch: 9 loss: 0.1586, grad_norm: 0.321846067905426, lr: 0.000980, time: 0.10s
[INFO]: TRAIN epoch: 9 loss: 0.3694, grad_norm: 0.44280967116355896, lr: 0.000980, time: 0.10s
[INFO]: TRAIN epoch: 9 loss: 0.0854, grad_norm: 0.1712036430835724, lr: 0.000980, time: 0.10s
[INFO]: TRAIN epoch: 9 loss: 0.5460, grad_norm: 0.4780309200286865, lr: 0.000980, time: 0.10s
[INFO]: TRAIN epoch: 9 loss: 0.7980, grad_norm: 0.4613330662250519, lr: 0.000980, time: 0.10s
[INFO]: TRAIN epoch: 9 loss: 0.6865, grad_norm: 0.35868239402770996, lr: 0.000980, time: 0.10s
[INFO]: TRAIN epoch: 9 loss: 0.0572, grad_norm: 0.1777830570936203, lr: 0.000980, time: 0.10s
[INFO]: TRAIN epoch: 9 loss: 0.1287, grad_norm: 0.41476061940193176, lr: 0.000980, time: 0.10s
[INFO]: TRAIN epoch: 9 loss: 0.1129, grad_norm: 0.2644232213497162, lr: 0.000980, time: 0.10s
[INFO]: TRAIN epoch: 9 loss: 0.3357, grad_norm: 0.3950183689594269, lr: 0.000980, time: 0.10s
[INFO]: TRAIN epoch: 9 loss: 0.2774, grad_norm: 0.2906925678253174, lr: 0.000980, time: 0.10s
[INFO]: TRAIN epoch: 9 loss: 0.4107, grad_norm: 0.30342650413513184, lr: 0.000980, time: 0.10s
[INFO]: TRAIN epoch: 9 loss: 0.1793, grad_norm: 0.3671928644180298, lr: 0.000980, time: 0.10s
[INFO]: TRAIN epoch: 9 loss: 0.4513, grad_norm: 0.37999227643013, lr: 0.000980, time: 0.10s
[INFO]: TRAIN epoch: 9 loss: 0.0521, grad_norm: 0.13122837245464325, lr: 0.000980, time: 0.10s
[INFO]: TRAIN epoch: 9 loss: 0.2972, grad_norm: 0.31590017676353455, lr: 0.000980, time: 0.10s
[INFO]: TRAIN epoch: 9 loss: 0.4644, grad_norm: 0.41524818539619446, lr: 0.000980, time: 0.10s
[INFO]: TRAIN epoch: 9 loss: 0.3278, grad_norm: 0.29757237434387207, lr: 0.000980, time: 0.10s
[INFO]: TRAIN epoch: 9 loss: 0.1008, grad_norm: 0.29007217288017273, lr: 0.000980, time: 0.10s
[INFO]: TRAIN epoch: 9 loss: 0.3726, grad_norm: 0.3769136369228363, lr: 0.000980, time: 0.10s
[INFO]: TRAIN epoch: 9 loss: 0.3437, grad_norm: 0.2810105085372925, lr: 0.000980, time: 0.10s
[INFO]: TRAIN epoch: 9 loss: 0.4554, grad_norm: 0.3827177882194519, lr: 0.000980, time: 0.10s
[INFO]: TRAIN epoch: 9 loss: 0.1305, grad_norm: 0.23399591445922852, lr: 0.000980, time: 0.10s
[INFO]: TRAIN epoch: 9 loss: 0.0814, grad_norm: 0.21151115000247955, lr: 0.000980, time: 0.10s
[INFO]: TRAIN epoch: 9 loss: 0.0475, grad_norm: 0.1440088003873825, lr: 0.000980, time: 0.10s
[INFO]: TRAIN epoch: 9 loss: 0.5705, grad_norm: 0.4853367507457733, lr: 0.000980, time: 0.10s
[INFO]: TRAIN epoch: 9 loss: 0.3107, grad_norm: 0.30663546919822693, lr: 0.000980, time: 0.10s
[INFO]: TRAIN epoch: 9 loss: 0.1207, grad_norm: 0.32133883237838745, lr: 0.000980, time: 0.10s
[INFO]: TRAIN epoch: 9 loss: 0.1890, grad_norm: 0.458865225315094, lr: 0.000980, time: 0.10s
[INFO]: TRAIN epoch: 9 loss: 0.0444, grad_norm: 0.13491840660572052, lr: 0.000980, time: 0.10s
[INFO]: TRAIN epoch: 9 loss: 0.1168, grad_norm: 0.1824067234992981, lr: 0.000980, time: 0.10s
[INFO]: TRAIN epoch: 9 loss: 0.1571, grad_norm: 0.2612839341163635, lr: 0.000980, time: 0.10s
[INFO]: TRAIN epoch: 9 loss: 0.1928, grad_norm: 0.37497806549072266, lr: 0.000980, time: 0.11s
[INFO]: TRAIN epoch: 9 loss: 0.1475, grad_norm: 0.3139382600784302, lr: 0.000980, time: 0.10s
[INFO]: TRAIN epoch: 9 loss: 0.1767, grad_norm: 0.3194176256656647, lr: 0.000980, time: 0.10s
[INFO]: TRAIN epoch: 9 loss: 0.2680, grad_norm: 0.43138399720191956, lr: 0.000980, time: 0.10s
[INFO]: TRAIN epoch: 9 loss: 0.4039, grad_norm: 0.4650780260562897, lr: 0.000980, time: 0.10s
[INFO]: TRAIN epoch: 9 loss: 0.3721, grad_norm: 0.3650992810726166, lr: 0.000980, time: 0.10s
[INFO]: TRAIN epoch: 9 loss: 0.3848, grad_norm: 0.4307248294353485, lr: 0.000980, time: 0.10s
[INFO]: TRAIN epoch: 9 loss: 0.2288, grad_norm: 0.40467095375061035, lr: 0.000980, time: 0.10s
[INFO]: TRAIN epoch: 9 loss: 0.1081, grad_norm: 0.2932901382446289, lr: 0.000980, time: 0.10s
[INFO]: TRAIN epoch: 9 loss: 0.0552, grad_norm: 0.1677590161561966, lr: 0.000980, time: 0.10s
[INFO]: TRAIN epoch: 9 loss: 0.1881, grad_norm: 0.269673615694046, lr: 0.000980, time: 0.10s
[INFO]: TRAIN epoch: 9 loss: 0.2612, grad_norm: 0.2922728955745697, lr: 0.000980, time: 0.10s
[INFO]: TRAIN epoch: 9 loss: 0.4281, grad_norm: 0.3777054250240326, lr: 0.000980, time: 0.10s
[INFO]: TRAIN epoch: 9 loss: 0.2411, grad_norm: 0.34948626160621643, lr: 0.000980, time: 0.10s
[INFO]: TRAIN epoch: 9 loss: 0.2985, grad_norm: 0.3895488679409027, lr: 0.000980, time: 0.10s
[INFO]: TRAIN epoch: 9 loss: 0.1443, grad_norm: 0.2696627378463745, lr: 0.000980, time: 0.10s
[INFO]: TRAIN epoch: 9 loss: 0.4755, grad_norm: 0.5397124290466309, lr: 0.000980, time: 0.10s
[INFO]: TRAIN epoch: 9 loss: 0.3498, grad_norm: 0.5612146258354187, lr: 0.000980, time: 0.10s
[INFO]: TRAIN epoch: 9 loss: 0.4930, grad_norm: 0.37703248858451843, lr: 0.000980, time: 0.10s
[INFO]: TRAIN epoch: 9 loss: 0.2491, grad_norm: 0.4640609920024872, lr: 0.000980, time: 0.10s
[INFO]: TRAIN epoch: 9 loss: 0.4830, grad_norm: 0.4713771343231201, lr: 0.000980, time: 0.10s
[INFO]: TRAIN epoch: 9 loss: 0.3963, grad_norm: 0.3869851529598236, lr: 0.000980, time: 0.10s
[INFO]: TRAIN epoch: 9 loss: 0.0800, grad_norm: 0.2541602551937103, lr: 0.000980, time: 0.10s
[INFO]: TRAIN epoch: 9 loss: 0.2723, grad_norm: 0.31999948620796204, lr: 0.000980, time: 0.10s
[INFO]: TRAIN epoch: 9 loss: 0.5635, grad_norm: 0.47972849011421204, lr: 0.000980, time: 0.10s
[INFO]: TRAIN epoch: 9 loss: 0.0744, grad_norm: 0.23766747117042542, lr: 0.000980, time: 0.10s
[INFO]: TRAIN epoch: 9 loss: 0.4384, grad_norm: 0.3514374792575836, lr: 0.000980, time: 0.10s
[INFO]: TRAIN epoch: 9 loss: 0.1673, grad_norm: 0.2416505366563797, lr: 0.000980, time: 0.10s
[INFO]: TRAIN epoch: 9 loss: 0.3966, grad_norm: 0.3134928345680237, lr: 0.000980, time: 0.10s
[INFO]: TRAIN epoch: 9 loss: 0.4484, grad_norm: 0.3602578043937683, lr: 0.000980, time: 0.10s
[INFO]: TRAIN epoch: 9 loss: 0.5936, grad_norm: 0.2673240303993225, lr: 0.000980, time: 0.10s
[INFO]: TRAIN epoch: 9 loss: 0.1250, grad_norm: 0.2976774573326111, lr: 0.000980, time: 0.10s
[INFO]: TRAIN epoch: 9 loss: 0.1896, grad_norm: 0.2665005326271057, lr: 0.000980, time: 0.10s
[INFO]: TRAIN epoch: 9 loss: 0.0613, grad_norm: 0.16700242459774017, lr: 0.000980, time: 0.10s
[INFO]: TRAIN epoch: 9 loss: 0.2188, grad_norm: 0.2881971597671509, lr: 0.000980, time: 0.10s
[INFO]: TRAIN epoch: 9 loss: 0.3580, grad_norm: 0.2837096154689789, lr: 0.000980, time: 0.10s
[INFO]: TRAIN epoch: 9 loss: 0.3155, grad_norm: 0.5094977021217346, lr: 0.000980, time: 0.10s
[INFO]: TRAIN epoch: 9 loss: 0.3172, grad_norm: 0.5471113324165344, lr: 0.000980, time: 0.10s
[INFO]: TRAIN epoch: 9 loss: 0.4369, grad_norm: 0.39652299880981445, lr: 0.000980, time: 0.10s
[INFO]: TRAIN epoch: 9 loss: 0.3971, grad_norm: 0.4410032331943512, lr: 0.000980, time: 0.10s
[INFO]: TRAIN epoch: 9 loss: 0.2543, grad_norm: 0.3754655122756958, lr: 0.000980, time: 0.10s
[INFO]: TRAIN epoch: 9 loss: 0.3490, grad_norm: 0.34549832344055176, lr: 0.000980, time: 0.10s
[INFO]: TRAIN epoch: 9 loss: 0.0688, grad_norm: 0.23231399059295654, lr: 0.000980, time: 0.10s
[INFO]: TRAIN epoch: 9 loss: 0.4008, grad_norm: 0.34038612246513367, lr: 0.000980, time: 0.10s
[INFO]: TRAIN epoch: 9 loss: 0.3342, grad_norm: 0.48696914315223694, lr: 0.000980, time: 0.10s
[INFO]: TRAIN epoch: 9 loss: 0.3847, grad_norm: 0.38982531428337097, lr: 0.000980, time: 0.10s
[INFO]: TRAIN epoch: 9 loss: 0.6305, grad_norm: 0.47355976700782776, lr: 0.000980, time: 0.10s
[INFO]: TRAIN epoch: 9 loss: 0.2750, grad_norm: 0.38440850377082825, lr: 0.000980, time: 0.10s
[INFO]: TRAIN epoch: 9 loss: 0.2698, grad_norm: 0.3893245458602905, lr: 0.000980, time: 0.10s
[INFO]: TRAIN epoch: 9 loss: 0.0476, grad_norm: 0.1654292792081833, lr: 0.000980, time: 0.10s
[INFO]: TRAIN epoch: 9 loss: 0.3039, grad_norm: 0.3243230879306793, lr: 0.000980, time: 0.10s
[INFO]: TRAIN epoch: 9 loss: 0.2221, grad_norm: 0.4349178373813629, lr: 0.000980, time: 0.10s
[INFO]: TRAIN epoch: 9 loss: 0.4025, grad_norm: 0.34103724360466003, lr: 0.000980, time: 0.10s
[INFO]: TRAIN epoch: 9 loss: 0.1921, grad_norm: 0.270548552274704, lr: 0.000980, time: 0.10s
[INFO]: TRAIN epoch: 9 loss: 0.0948, grad_norm: 0.22208172082901, lr: 0.000980, time: 0.10s
[INFO]: TRAIN epoch: 9 loss: 0.5348, grad_norm: 0.38808661699295044, lr: 0.000980, time: 0.10s
[INFO]: TRAIN epoch: 9 loss: 0.1870, grad_norm: 0.28958752751350403, lr: 0.000980, time: 0.10s
[INFO]: TRAIN epoch: 9 loss: 0.3018, grad_norm: 0.36304306983947754, lr: 0.000980, time: 0.10s
[INFO]: TRAIN epoch: 9 loss: 0.5833, grad_norm: 0.49395352602005005, lr: 0.000980, time: 0.10s
[INFO]: TRAIN epoch: 9 loss: 0.5226, grad_norm: 0.3536715805530548, lr: 0.000980, time: 0.10s
[INFO]: TRAIN epoch: 9 loss: 0.1135, grad_norm: 0.27503663301467896, lr: 0.000980, time: 0.10s
[INFO]: TRAIN epoch: 9 loss: 0.1239, grad_norm: 0.2606619596481323, lr: 0.000980, time: 0.10s
[INFO]: TRAIN epoch: 9 loss: 0.0931, grad_norm: 0.2358456701040268, lr: 0.000980, time: 0.10s
[INFO]: TRAIN epoch: 9 loss: 0.1002, grad_norm: 0.3130606412887573, lr: 0.000980, time: 0.10s
[INFO]: TRAIN epoch: 9 loss: 0.0713, grad_norm: 0.21537739038467407, lr: 0.000980, time: 0.10s
[INFO]: TRAIN epoch: 9 loss: 0.1896, grad_norm: 0.27028775215148926, lr: 0.000980, time: 0.10s
[INFO]: TRAIN epoch: 9 loss: 0.2662, grad_norm: 0.4776429533958435, lr: 0.000980, time: 0.10s
[INFO]: TRAIN epoch: 9 loss: 0.4361, grad_norm: 0.3625441789627075, lr: 0.000980, time: 0.10s
[INFO]: TRAIN epoch: 9 loss: 0.2199, grad_norm: 0.3685246407985687, lr: 0.000980, time: 0.10s
[INFO]: TRAIN epoch: 9 loss: 0.0969, grad_norm: 0.18141278624534607, lr: 0.000980, time: 0.10s
[INFO]: TRAIN epoch: 9 loss: 0.3201, grad_norm: 0.35350894927978516, lr: 0.000980, time: 0.10s
[INFO]: TRAIN epoch: 9 loss: 0.0735, grad_norm: 0.20276765525341034, lr: 0.000980, time: 0.10s
[INFO]: TRAIN epoch: 9 loss: 0.2059, grad_norm: 0.2930414080619812, lr: 0.000980, time: 0.10s
[INFO]: TRAIN epoch: 9 loss: 0.2330, grad_norm: 0.3034681975841522, lr: 0.000980, time: 0.10s
[INFO]: TRAIN epoch: 9 loss: 0.1249, grad_norm: 0.33328768610954285, lr: 0.000980, time: 0.10s
[INFO]: TRAIN epoch: 9 loss: 0.4154, grad_norm: 0.38546064496040344, lr: 0.000980, time: 0.10s
[INFO]: TRAIN epoch: 9 loss: 0.3507, grad_norm: 0.3424240052700043, lr: 0.000980, time: 0.10s
[INFO]: TRAIN epoch: 9 loss: 0.4057, grad_norm: 0.32567456364631653, lr: 0.000980, time: 0.10s
[INFO]: TRAIN epoch: 9 loss: 0.3569, grad_norm: 0.4108184278011322, lr: 0.000980, time: 0.10s
[INFO]: TRAIN epoch: 9 loss: 0.1045, grad_norm: 0.23347020149230957, lr: 0.000980, time: 0.10s
[INFO]: TRAIN epoch: 9 loss: 0.3851, grad_norm: 0.3478486239910126, lr: 0.000980, time: 0.10s
[INFO]: TRAIN epoch: 9 loss: 0.3116, grad_norm: 0.4196389317512512, lr: 0.000980, time: 0.10s
[INFO]: TRAIN epoch: 9 loss: 0.1085, grad_norm: 0.27523311972618103, lr: 0.000980, time: 0.10s
[INFO]: TRAIN epoch: 9 loss: 0.1286, grad_norm: 0.2315922975540161, lr: 0.000980, time: 0.10s
[INFO]: TRAIN epoch: 9 loss: 0.0519, grad_norm: 0.12147760391235352, lr: 0.000980, time: 0.10s
[INFO]: TRAIN epoch: 9 loss: 0.4586, grad_norm: 0.30679619312286377, lr: 0.000980, time: 0.10s
[INFO]: TRAIN epoch: 9 loss: 0.3027, grad_norm: 0.29991182684898376, lr: 0.000980, time: 0.10s
[INFO]: TRAIN epoch: 9 loss: 0.6469, grad_norm: 0.3994140923023224, lr: 0.000980, time: 0.10s
[INFO]: TRAIN epoch: 9 loss: 0.3345, grad_norm: 0.37563830614089966, lr: 0.000980, time: 0.10s
[INFO]: TRAIN epoch: 9 loss: 0.6841, grad_norm: 0.4104960858821869, lr: 0.000980, time: 0.10s
[INFO]: TRAIN epoch: 9 loss: 0.3990, grad_norm: 0.41779348254203796, lr: 0.000980, time: 0.10s
[INFO]: TRAIN epoch: 9 loss: 0.1133, grad_norm: 0.22813227772712708, lr: 0.000980, time: 0.10s
[INFO]: TRAIN epoch: 9 loss: 0.2524, grad_norm: 0.28938692808151245, lr: 0.000980, time: 0.10s
[INFO]: TRAIN epoch: 9 loss: 0.5769, grad_norm: 0.4367201328277588, lr: 0.000980, time: 0.10s
[INFO]: TRAIN epoch: 9 loss: 0.0682, grad_norm: 0.1584435999393463, lr: 0.000980, time: 0.10s
[INFO]: TRAIN epoch: 9 loss: 0.6927, grad_norm: 0.3755648136138916, lr: 0.000980, time: 0.10s
[INFO]: TRAIN epoch: 9 loss: 0.5104, grad_norm: 0.25154486298561096, lr: 0.000980, time: 0.10s
[INFO]: TRAIN epoch: 9 loss: 0.2575, grad_norm: 0.23307226598262787, lr: 0.000980, time: 0.10s
[INFO]: TRAIN epoch: 9 loss: 0.3195, grad_norm: 0.31326958537101746, lr: 0.000980, time: 0.10s
[INFO]: TRAIN epoch: 9 loss: 0.3198, grad_norm: 0.37297943234443665, lr: 0.000980, time: 0.10s
[INFO]: TRAIN epoch: 9 loss: 0.3466, grad_norm: 0.38644370436668396, lr: 0.000980, time: 0.10s
[INFO]: TRAIN epoch: 9 loss: 0.3170, grad_norm: 0.29060667753219604, lr: 0.000980, time: 0.10s
[INFO]: TRAIN epoch: 9 loss: 0.4437, grad_norm: 0.36415791511535645, lr: 0.000980, time: 0.10s
[INFO]: TRAIN epoch: 9 loss: 0.1559, grad_norm: 0.2308100312948227, lr: 0.000980, time: 0.10s
[INFO]: TRAIN epoch: 9 loss: 0.3170, grad_norm: 0.4885401129722595, lr: 0.000980, time: 0.10s
[INFO]: TRAIN epoch: 9 loss: 0.0739, grad_norm: 0.1745709925889969, lr: 0.000980, time: 0.10s
[INFO]: TRAIN epoch: 9 loss: 0.0806, grad_norm: 0.2105853110551834, lr: 0.000980, time: 0.10s
[INFO]: TRAIN epoch: 9 loss: 0.1379, grad_norm: 0.30483126640319824, lr: 0.000980, time: 0.10s
[INFO]: TRAIN epoch: 9 loss: 0.5844, grad_norm: 0.5490729212760925, lr: 0.000980, time: 0.10s
[INFO]: TRAIN epoch: 9 loss: 0.0679, grad_norm: 0.23016543686389923, lr: 0.000980, time: 0.10s
[INFO]: TRAIN epoch: 9 loss: 0.2739, grad_norm: 0.4303860664367676, lr: 0.000980, time: 0.10s
[INFO]: TRAIN epoch: 9 loss: 0.3583, grad_norm: 0.3870403468608856, lr: 0.000980, time: 0.10s
[INFO]: TRAIN epoch: 9 loss: 0.0403, grad_norm: 0.13906492292881012, lr: 0.000980, time: 0.10s
[INFO]: TRAIN epoch: 9 loss: 0.0753, grad_norm: 0.22654442489147186, lr: 0.000980, time: 0.10s
[INFO]: TRAIN epoch: 9 loss: 0.1028, grad_norm: 0.26708558201789856, lr: 0.000980, time: 0.10s
[INFO]: TRAIN epoch: 9 loss: 0.2467, grad_norm: 0.439735472202301, lr: 0.000980, time: 0.10s
[INFO]: TRAIN epoch: 9 loss: 0.1165, grad_norm: 0.21597042679786682, lr: 0.000980, time: 0.10s
[INFO]: TRAIN epoch: 9 loss: 0.1177, grad_norm: 0.3650705814361572, lr: 0.000980, time: 0.10s
[INFO]: TRAIN epoch: 9 loss: 0.6805, grad_norm: 0.38064226508140564, lr: 0.000980, time: 0.10s
[INFO]: TRAIN epoch: 9 loss: 0.1570, grad_norm: 0.3699953258037567, lr: 0.000980, time: 0.10s
[INFO]: TRAIN epoch: 9 loss: 0.0577, grad_norm: 0.18699340522289276, lr: 0.000980, time: 0.11s
[INFO]: TRAIN epoch: 9 loss: 0.0773, grad_norm: 0.28668737411499023, lr: 0.000980, time: 0.11s
[INFO]: TRAIN epoch: 9 loss: 0.3219, grad_norm: 0.38996750116348267, lr: 0.000980, time: 0.10s
[INFO]: TRAIN epoch: 9 loss: 0.0801, grad_norm: 0.2581360340118408, lr: 0.000980, time: 0.10s
[INFO]: TRAIN epoch: 9 loss: 0.3245, grad_norm: 0.3951999843120575, lr: 0.000980, time: 0.11s
[INFO]: TRAIN epoch: 9 loss: 0.3108, grad_norm: 0.2389974743127823, lr: 0.000980, time: 0.10s
[INFO]: TRAIN epoch: 9 loss: 0.3846, grad_norm: 0.34881556034088135, lr: 0.000980, time: 0.10s
[INFO]: TRAIN epoch: 9 loss: 0.2955, grad_norm: 0.31468769907951355, lr: 0.000980, time: 0.11s
[INFO]: TRAIN epoch: 9 loss: 0.3552, grad_norm: 0.4154558777809143, lr: 0.000980, time: 0.11s
[INFO]: TRAIN epoch: 9 loss: 0.2402, grad_norm: 0.255555123090744, lr: 0.000980, time: 0.11s
[INFO]: TRAIN epoch: 9 loss: 0.6493, grad_norm: 0.4532037079334259, lr: 0.000980, time: 0.11s
[INFO]: TRAIN epoch: 9 loss: 0.3292, grad_norm: 0.3378196358680725, lr: 0.000980, time: 0.10s
[INFO]: TRAIN epoch: 9 loss: 0.1024, grad_norm: 0.2120814174413681, lr: 0.000980, time: 0.11s
[INFO]: TRAIN epoch: 9 loss: 0.1569, grad_norm: 0.30787235498428345, lr: 0.000980, time: 0.10s
[INFO]: TRAIN epoch: 9 loss: 0.3464, grad_norm: 0.32720324397087097, lr: 0.000980, time: 0.11s
[INFO]: TRAIN epoch: 9 loss: 0.1041, grad_norm: 0.2143910974264145, lr: 0.000980, time: 0.10s
[INFO]: TRAIN epoch: 9 loss: 0.2611, grad_norm: 0.4802325665950775, lr: 0.000980, time: 0.10s
[INFO]: TRAIN epoch: 9 loss: 0.3758, grad_norm: 0.3552376925945282, lr: 0.000980, time: 0.10s
[INFO]: TRAIN epoch: 9 loss: 0.2039, grad_norm: 0.34886613488197327, lr: 0.000980, time: 0.10s
[INFO]: TRAIN epoch: 9 loss: 0.3063, grad_norm: 0.34612536430358887, lr: 0.000980, time: 0.10s
[INFO]: TRAIN epoch: 9 loss: 0.0862, grad_norm: 0.2333526760339737, lr: 0.000980, time: 0.10s
[INFO]: TRAIN epoch: 9 loss: 0.1575, grad_norm: 0.4139222204685211, lr: 0.000980, time: 0.10s
[INFO]: TRAIN epoch: 9 loss: 0.5456, grad_norm: 0.6394052505493164, lr: 0.000980, time: 0.10s
[INFO]: TRAIN epoch: 9 loss: 0.1219, grad_norm: 0.3518214225769043, lr: 0.000980, time: 0.10s
[INFO]: TRAIN epoch: 9 loss: 0.0855, grad_norm: 0.2698499262332916, lr: 0.000980, time: 0.10s
[INFO]: TRAIN epoch: 9 loss: 0.3481, grad_norm: 0.347072571516037, lr: 0.000980, time: 0.10s
[INFO]: TRAIN epoch: 9 loss: 0.1839, grad_norm: 0.3227889835834503, lr: 0.000980, time: 0.10s
[INFO]: TRAIN epoch: 9 loss: 0.3243, grad_norm: 0.30601996183395386, lr: 0.000980, time: 0.10s
[INFO]: TRAIN epoch: 9 loss: 0.3153, grad_norm: 0.32173341512680054, lr: 0.000980, time: 0.10s
[INFO]: TRAIN epoch: 9 loss: 0.2676, grad_norm: 0.3184885084629059, lr: 0.000980, time: 0.10s
[INFO]: TRAIN epoch: 9 loss: 0.3576, grad_norm: 0.32823172211647034, lr: 0.000980, time: 0.10s
[INFO]: TRAIN epoch: 9 loss: 0.2994, grad_norm: 0.32709118723869324, lr: 0.000980, time: 0.10s
[INFO]: TRAIN epoch: 9 loss: 0.0524, grad_norm: 0.20877113938331604, lr: 0.000980, time: 0.10s
[INFO]: TRAIN epoch: 9 loss: 0.2570, grad_norm: 0.46119752526283264, lr: 0.000980, time: 0.11s
[INFO]: TRAIN epoch: 9 loss: 0.2288, grad_norm: 0.4300393760204315, lr: 0.000980, time: 0.10s
[INFO]: TRAIN epoch: 9 loss: 0.3982, grad_norm: 0.40739813446998596, lr: 0.000980, time: 0.10s
[INFO]: TRAIN epoch: 9 loss: 0.3978, grad_norm: 0.4463096261024475, lr: 0.000980, time: 0.10s
[INFO]: TRAIN epoch: 9 loss: 0.4477, grad_norm: 0.42274802923202515, lr: 0.000980, time: 0.10s
[INFO]: TRAIN epoch: 9 loss: 0.5481, grad_norm: 0.3612973690032959, lr: 0.000980, time: 0.10s
[INFO]: TRAIN epoch: 9 loss: 0.4421, grad_norm: 0.4088273048400879, lr: 0.000980, time: 0.10s
[INFO]: TRAIN epoch: 9 loss: 0.3576, grad_norm: 0.6517142057418823, lr: 0.000980, time: 0.10s
[INFO]: TRAIN epoch: 9 loss: 0.5090, grad_norm: 0.3990659713745117, lr: 0.000980, time: 0.10s
[INFO]: TRAIN epoch: 9 loss: 0.4591, grad_norm: 0.4092775881290436, lr: 0.000980, time: 0.10s
[INFO]: TRAIN epoch: 9 loss: 0.2427, grad_norm: 0.3518701493740082, lr: 0.000980, time: 0.10s
[INFO]: TRAIN epoch: 9 loss: 0.6862, grad_norm: 0.41299304366111755, lr: 0.000980, time: 0.11s
[INFO]: TRAIN epoch: 9 loss: 0.1034, grad_norm: 0.29001525044441223, lr: 0.000980, time: 0.10s
[INFO]: TRAIN epoch: 9 loss: 0.4444, grad_norm: 0.448973685503006, lr: 0.000980, time: 0.10s
[INFO]: TRAIN epoch: 9 loss: 0.2502, grad_norm: 0.37083810567855835, lr: 0.000980, time: 0.10s
[INFO]: TRAIN epoch: 9 loss: 0.1713, grad_norm: 0.37352854013442993, lr: 0.000980, time: 0.10s
[INFO]: TRAIN epoch: 9 loss: 0.2262, grad_norm: 0.35743746161460876, lr: 0.000980, time: 0.10s
[INFO]: TRAIN epoch: 9 loss: 0.1710, grad_norm: 0.29949262738227844, lr: 0.000980, time: 0.10s
[INFO]: TRAIN epoch: 9 loss: 0.1724, grad_norm: 0.40855005383491516, lr: 0.000980, time: 0.10s
[INFO]: TRAIN epoch: 9 loss: 0.3480, grad_norm: 0.36636847257614136, lr: 0.000980, time: 0.10s
[INFO]: TRAIN epoch: 9 loss: 0.1893, grad_norm: 0.316790372133255, lr: 0.000980, time: 0.10s
[INFO]: TRAIN epoch: 9 loss: 0.3080, grad_norm: 0.31017762422561646, lr: 0.000980, time: 0.10s
[INFO]: TRAIN epoch: 9 loss: 0.7738, grad_norm: 0.35090556740760803, lr: 0.000980, time: 0.10s
[INFO]: TRAIN epoch: 9 loss: 0.1743, grad_norm: 0.34065964818000793, lr: 0.000980, time: 0.10s
[INFO]: TRAIN epoch: 9 loss: 0.1531, grad_norm: 0.22438392043113708, lr: 0.000980, time: 0.10s
[INFO]: TRAIN epoch: 9 loss: 0.1633, grad_norm: 0.28796297311782837, lr: 0.000980, time: 0.10s
[INFO]: TRAIN epoch: 9 loss: 0.2504, grad_norm: 0.3556525409221649, lr: 0.000980, time: 0.11s
[INFO]: TRAIN epoch: 9 loss: 0.6647, grad_norm: 0.33605900406837463, lr: 0.000980, time: 0.10s
[INFO]: TRAIN epoch: 9 loss: 0.0849, grad_norm: 0.253294974565506, lr: 0.000980, time: 0.10s
[INFO]: TRAIN epoch: 9 loss: 0.1362, grad_norm: 0.24725154042243958, lr: 0.000980, time: 0.11s
[INFO]: TRAIN epoch: 9 loss: 0.3196, grad_norm: 0.4741046726703644, lr: 0.000980, time: 0.10s
[INFO]: TRAIN epoch: 9 loss: 0.3962, grad_norm: 0.5060444474220276, lr: 0.000980, time: 0.10s
[INFO]: TRAIN epoch: 9 loss: 0.2708, grad_norm: 0.418108731508255, lr: 0.000980, time: 0.10s
[INFO]: TRAIN epoch: 9 loss: 0.6325, grad_norm: 0.38297170400619507, lr: 0.000980, time: 0.10s
[INFO]: TRAIN epoch: 9 loss: 0.4659, grad_norm: 0.4611748456954956, lr: 0.000980, time: 0.10s
[INFO]: TRAIN epoch: 9 loss: 0.1780, grad_norm: 0.40528520941734314, lr: 0.000980, time: 0.10s
[INFO]: TRAIN epoch: 9 loss: 0.1030, grad_norm: 0.19220009446144104, lr: 0.000980, time: 0.10s
[INFO]: TRAIN epoch: 9 loss: 0.5698, grad_norm: 0.366020143032074, lr: 0.000980, time: 0.11s
[INFO]: TRAIN epoch: 9 loss: 0.3797, grad_norm: 0.30885744094848633, lr: 0.000980, time: 0.10s
[INFO]: TRAIN epoch: 9 loss: 0.2192, grad_norm: 0.29394176602363586, lr: 0.000980, time: 0.10s
[INFO]: TRAIN epoch: 9 loss: 0.2965, grad_norm: 0.3246864378452301, lr: 0.000980, time: 0.10s
[INFO]: TRAIN epoch: 9 loss: 0.3834, grad_norm: 0.41720858216285706, lr: 0.000980, time: 0.10s
[INFO]: TRAIN epoch: 9 loss: 0.4140, grad_norm: 0.4246085584163666, lr: 0.000980, time: 0.10s
[INFO]: TRAIN epoch: 9 loss: 0.5000, grad_norm: 0.38958078622817993, lr: 0.000980, time: 0.10s
[INFO]: TRAIN epoch: 9 loss: 0.3962, grad_norm: 0.42399680614471436, lr: 0.000980, time: 0.10s
[INFO]: TRAIN epoch: 9 loss: 0.3479, grad_norm: 0.3431575894355774, lr: 0.000980, time: 0.10s
[INFO]: TRAIN epoch: 9 loss: 0.1082, grad_norm: 0.28999191522598267, lr: 0.000980, time: 0.11s
[INFO]: TRAIN epoch: 9 loss: 0.3951, grad_norm: 0.37490108609199524, lr: 0.000980, time: 0.10s
[INFO]: TRAIN epoch: 9 loss: 0.0896, grad_norm: 0.2364025115966797, lr: 0.000980, time: 0.10s
[INFO]: TRAIN epoch: 9 loss: 0.1382, grad_norm: 0.25676673650741577, lr: 0.000980, time: 0.10s
[INFO]: TRAIN epoch: 9 loss: 0.3240, grad_norm: 0.33021244406700134, lr: 0.000980, time: 0.10s
[INFO]: TRAIN epoch: 9 loss: 0.3840, grad_norm: 0.4041600525379181, lr: 0.000980, time: 0.10s
[INFO]: TRAIN epoch: 9 loss: 0.3253, grad_norm: 0.2850453853607178, lr: 0.000980, time: 0.10s
[INFO]: TRAIN epoch: 9 loss: 0.3094, grad_norm: 0.39252087473869324, lr: 0.000980, time: 0.10s
[INFO]: TRAIN epoch: 9 loss: 0.3076, grad_norm: 0.39880090951919556, lr: 0.000980, time: 0.10s
[INFO]: TRAIN epoch: 9 loss: 0.2798, grad_norm: 0.3602270781993866, lr: 0.000980, time: 0.10s
[INFO]: TRAIN epoch: 9 loss: 0.2470, grad_norm: 0.281475692987442, lr: 0.000980, time: 0.10s
[INFO]: TRAIN epoch: 9 loss: 0.3353, grad_norm: 0.34658798575401306, lr: 0.000980, time: 0.10s
[INFO]: TRAIN epoch: 9 loss: 0.0914, grad_norm: 0.21683369576931, lr: 0.000980, time: 0.10s
[INFO]: TRAIN epoch: 9 loss: 0.0887, grad_norm: 0.2228424996137619, lr: 0.000980, time: 0.10s
[INFO]: TRAIN epoch: 9 loss: 0.6127, grad_norm: 0.3906992971897125, lr: 0.000980, time: 0.10s
[INFO]: TRAIN epoch: 9 loss: 0.4729, grad_norm: 0.4182913899421692, lr: 0.000980, time: 0.11s
[INFO]: TRAIN epoch: 9 loss: 0.1081, grad_norm: 0.2269422560930252, lr: 0.000980, time: 0.10s
[INFO]: TRAIN epoch: 9 loss: 0.1513, grad_norm: 0.2702687084674835, lr: 0.000980, time: 0.10s
[INFO]: TRAIN epoch: 9 loss: 0.3209, grad_norm: 0.39558979868888855, lr: 0.000980, time: 0.10s
[INFO]: TRAIN epoch: 9 loss: 0.4660, grad_norm: 0.33177176117897034, lr: 0.000980, time: 0.10s
[INFO]: TRAIN epoch: 9 loss: 0.4213, grad_norm: 0.359756737947464, lr: 0.000980, time: 0.10s
[INFO]: TRAIN epoch: 9 loss: 0.3568, grad_norm: 0.32859089970588684, lr: 0.000980, time: 0.10s
[INFO]: TRAIN epoch: 9 loss: 0.0875, grad_norm: 0.16082645952701569, lr: 0.000980, time: 0.10s
[INFO]: TRAIN epoch: 9 loss: 0.2825, grad_norm: 0.35725775361061096, lr: 0.000980, time: 0.10s
[INFO]: TRAIN epoch: 9 loss: 0.1359, grad_norm: 0.25847911834716797, lr: 0.000980, time: 0.10s
[INFO]: TRAIN epoch: 9 loss: 0.1624, grad_norm: 0.3385046720504761, lr: 0.000980, time: 0.10s
[INFO]: TRAIN epoch: 9 loss: 0.1107, grad_norm: 0.2677060067653656, lr: 0.000980, time: 0.10s
[INFO]: TRAIN epoch: 9 loss: 0.5255, grad_norm: 0.35715043544769287, lr: 0.000980, time: 0.11s
[INFO]: TRAIN epoch: 9 loss: 0.3731, grad_norm: 0.42820173501968384, lr: 0.000980, time: 0.10s
[INFO]: TRAIN epoch: 9 loss: 0.5487, grad_norm: 0.5088639855384827, lr: 0.000980, time: 0.10s
[INFO]: TRAIN epoch: 9 loss: 0.1566, grad_norm: 0.35561928153038025, lr: 0.000980, time: 0.11s
[INFO]: TRAIN epoch: 9 loss: 0.3355, grad_norm: 0.2886142432689667, lr: 0.000980, time: 0.10s
[INFO]: TRAIN epoch: 9 loss: 0.4352, grad_norm: 0.3222607672214508, lr: 0.000980, time: 0.10s
[INFO]: TRAIN epoch: 9 loss: 0.8180, grad_norm: 0.45694881677627563, lr: 0.000980, time: 0.10s
[INFO]: TRAIN epoch: 9 loss: 0.3122, grad_norm: 0.3441372811794281, lr: 0.000980, time: 0.11s
[INFO]: TRAIN epoch: 9 loss: 0.1411, grad_norm: 0.27579912543296814, lr: 0.000980, time: 0.10s
[INFO]: TRAIN epoch: 9 loss: 0.1564, grad_norm: 0.45120376348495483, lr: 0.000980, time: 0.10s
[INFO]: TRAIN epoch: 9 loss: 0.3103, grad_norm: 0.3741433918476105, lr: 0.000980, time: 0.10s
[INFO]: TRAIN epoch summary: 9 loss: 0.2805
[INFO]: VALIDATION epoch: 9 loss: 0.2994
[INFO]: TRAIN epoch: 10 loss: 0.5319, grad_norm: 0.7438908219337463, lr: 0.000976, time: 0.12s
[INFO]: TRAIN epoch: 10 loss: 0.1062, grad_norm: 0.2829696536064148, lr: 0.000976, time: 0.11s
[INFO]: TRAIN epoch: 10 loss: 0.2961, grad_norm: 0.33238276839256287, lr: 0.000976, time: 0.10s
[INFO]: TRAIN epoch: 10 loss: 0.2127, grad_norm: 0.3155619204044342, lr: 0.000976, time: 0.10s
[INFO]: TRAIN epoch: 10 loss: 0.1892, grad_norm: 0.2917200028896332, lr: 0.000976, time: 0.10s
[INFO]: TRAIN epoch: 10 loss: 0.4097, grad_norm: 0.34853968024253845, lr: 0.000976, time: 0.10s
[INFO]: TRAIN epoch: 10 loss: 0.0608, grad_norm: 0.20582254230976105, lr: 0.000976, time: 0.11s
[INFO]: TRAIN epoch: 10 loss: 0.0902, grad_norm: 0.23090891540050507, lr: 0.000976, time: 0.10s
[INFO]: TRAIN epoch: 10 loss: 0.1790, grad_norm: 0.3182162642478943, lr: 0.000976, time: 0.11s
[INFO]: TRAIN epoch: 10 loss: 0.1114, grad_norm: 0.3230036199092865, lr: 0.000976, time: 0.10s
[INFO]: TRAIN epoch: 10 loss: 0.2502, grad_norm: 0.35455161333084106, lr: 0.000976, time: 0.10s
[INFO]: TRAIN epoch: 10 loss: 0.1496, grad_norm: 0.31315213441848755, lr: 0.000976, time: 0.10s
[INFO]: TRAIN epoch: 10 loss: 0.2705, grad_norm: 0.3450590670108795, lr: 0.000976, time: 0.10s
[INFO]: TRAIN epoch: 10 loss: 0.2814, grad_norm: 0.3468070924282074, lr: 0.000976, time: 0.10s
[INFO]: TRAIN epoch: 10 loss: 0.4054, grad_norm: 0.4531109929084778, lr: 0.000976, time: 0.10s
[INFO]: TRAIN epoch: 10 loss: 0.3124, grad_norm: 0.3190150856971741, lr: 0.000976, time: 0.10s
[INFO]: TRAIN epoch: 10 loss: 0.2995, grad_norm: 0.2506237030029297, lr: 0.000976, time: 0.10s
[INFO]: TRAIN epoch: 10 loss: 0.1029, grad_norm: 0.3329763114452362, lr: 0.000976, time: 0.10s
[INFO]: TRAIN epoch: 10 loss: 0.6131, grad_norm: 0.3953700661659241, lr: 0.000976, time: 0.10s
[INFO]: TRAIN epoch: 10 loss: 0.2744, grad_norm: 0.4120327830314636, lr: 0.000976, time: 0.10s
[INFO]: TRAIN epoch: 10 loss: 0.2808, grad_norm: 0.30841711163520813, lr: 0.000976, time: 0.10s
[INFO]: TRAIN epoch: 10 loss: 0.2661, grad_norm: 0.32226648926734924, lr: 0.000976, time: 0.10s
[INFO]: TRAIN epoch: 10 loss: 0.2187, grad_norm: 0.2733703553676605, lr: 0.000976, time: 0.10s
[INFO]: TRAIN epoch: 10 loss: 0.2966, grad_norm: 0.3772273659706116, lr: 0.000976, time: 0.10s
[INFO]: TRAIN epoch: 10 loss: 0.3900, grad_norm: 0.4076717495918274, lr: 0.000976, time: 0.10s
[INFO]: TRAIN epoch: 10 loss: 0.3483, grad_norm: 0.2589809000492096, lr: 0.000976, time: 0.10s
[INFO]: TRAIN epoch: 10 loss: 0.1081, grad_norm: 0.2368103712797165, lr: 0.000976, time: 0.10s
[INFO]: TRAIN epoch: 10 loss: 0.3105, grad_norm: 0.3502209484577179, lr: 0.000976, time: 0.10s
[INFO]: TRAIN epoch: 10 loss: 0.2335, grad_norm: 0.25056174397468567, lr: 0.000976, time: 0.10s
[INFO]: TRAIN epoch: 10 loss: 0.2293, grad_norm: 0.2528745234012604, lr: 0.000976, time: 0.10s
[INFO]: TRAIN epoch: 10 loss: 0.3097, grad_norm: 0.3656148612499237, lr: 0.000976, time: 0.10s
[INFO]: TRAIN epoch: 10 loss: 0.3522, grad_norm: 0.2985810339450836, lr: 0.000976, time: 0.10s
[INFO]: TRAIN epoch: 10 loss: 0.5542, grad_norm: 0.30296987295150757, lr: 0.000976, time: 0.10s
[INFO]: TRAIN epoch: 10 loss: 0.3909, grad_norm: 0.42893046140670776, lr: 0.000976, time: 0.10s
[INFO]: TRAIN epoch: 10 loss: 0.5283, grad_norm: 0.3489478826522827, lr: 0.000976, time: 0.10s
[INFO]: TRAIN epoch: 10 loss: 0.1115, grad_norm: 0.25837936997413635, lr: 0.000976, time: 0.10s
[INFO]: TRAIN epoch: 10 loss: 0.3099, grad_norm: 0.45178303122520447, lr: 0.000976, time: 0.10s
[INFO]: TRAIN epoch: 10 loss: 0.6476, grad_norm: 0.43974167108535767, lr: 0.000976, time: 0.10s
[INFO]: TRAIN epoch: 10 loss: 0.1503, grad_norm: 0.2697583734989166, lr: 0.000976, time: 0.10s
[INFO]: TRAIN epoch: 10 loss: 0.3638, grad_norm: 0.5104939341545105, lr: 0.000976, time: 0.10s
[INFO]: TRAIN epoch: 10 loss: 0.1042, grad_norm: 0.2722470760345459, lr: 0.000976, time: 0.10s
[INFO]: TRAIN epoch: 10 loss: 0.5916, grad_norm: 0.392642080783844, lr: 0.000976, time: 0.10s
[INFO]: TRAIN epoch: 10 loss: 0.1176, grad_norm: 0.27598851919174194, lr: 0.000976, time: 0.10s
[INFO]: TRAIN epoch: 10 loss: 0.3661, grad_norm: 0.37118616700172424, lr: 0.000976, time: 0.10s
[INFO]: TRAIN epoch: 10 loss: 0.1973, grad_norm: 0.27818647027015686, lr: 0.000976, time: 0.10s
[INFO]: TRAIN epoch: 10 loss: 0.1272, grad_norm: 0.23150621354579926, lr: 0.000976, time: 0.10s
[INFO]: TRAIN epoch: 10 loss: 0.3430, grad_norm: 0.3961678743362427, lr: 0.000976, time: 0.10s
[INFO]: TRAIN epoch: 10 loss: 0.1391, grad_norm: 0.2699972093105316, lr: 0.000976, time: 0.10s
[INFO]: TRAIN epoch: 10 loss: 0.1364, grad_norm: 0.36317679286003113, lr: 0.000976, time: 0.10s
[INFO]: TRAIN epoch: 10 loss: 0.1223, grad_norm: 0.35895782709121704, lr: 0.000976, time: 0.10s
[INFO]: TRAIN epoch: 10 loss: 0.1710, grad_norm: 0.39092114567756653, lr: 0.000976, time: 0.10s
[INFO]: TRAIN epoch: 10 loss: 0.2604, grad_norm: 0.3467877209186554, lr: 0.000976, time: 0.10s
[INFO]: TRAIN epoch: 10 loss: 0.0921, grad_norm: 0.1953520029783249, lr: 0.000976, time: 0.10s
[INFO]: TRAIN epoch: 10 loss: 0.4580, grad_norm: 0.4451361894607544, lr: 0.000976, time: 0.10s
[INFO]: TRAIN epoch: 10 loss: 0.3138, grad_norm: 0.4344758093357086, lr: 0.000976, time: 0.10s
[INFO]: TRAIN epoch: 10 loss: 0.2746, grad_norm: 0.35831382870674133, lr: 0.000976, time: 0.10s
[INFO]: TRAIN epoch: 10 loss: 0.3170, grad_norm: 0.3580690622329712, lr: 0.000976, time: 0.10s
[INFO]: TRAIN epoch: 10 loss: 0.2767, grad_norm: 0.3954778015613556, lr: 0.000976, time: 0.10s
[INFO]: TRAIN epoch: 10 loss: 0.6194, grad_norm: 0.4308472275733948, lr: 0.000976, time: 0.10s
[INFO]: TRAIN epoch: 10 loss: 0.2959, grad_norm: 0.4340561330318451, lr: 0.000976, time: 0.10s
[INFO]: TRAIN epoch: 10 loss: 0.4625, grad_norm: 0.38501283526420593, lr: 0.000976, time: 0.10s
[INFO]: TRAIN epoch: 10 loss: 0.3683, grad_norm: 0.38196486234664917, lr: 0.000976, time: 0.10s
[INFO]: TRAIN epoch: 10 loss: 0.1197, grad_norm: 0.25541120767593384, lr: 0.000976, time: 0.10s
[INFO]: TRAIN epoch: 10 loss: 0.3171, grad_norm: 0.30265751481056213, lr: 0.000976, time: 0.10s
[INFO]: TRAIN epoch: 10 loss: 0.1415, grad_norm: 0.31492891907691956, lr: 0.000976, time: 0.10s
[INFO]: TRAIN epoch: 10 loss: 0.4704, grad_norm: 0.42645469307899475, lr: 0.000976, time: 0.10s
[INFO]: TRAIN epoch: 10 loss: 0.4785, grad_norm: 0.3780544102191925, lr: 0.000976, time: 0.10s
[INFO]: TRAIN epoch: 10 loss: 0.3161, grad_norm: 0.46855661273002625, lr: 0.000976, time: 0.10s
[INFO]: TRAIN epoch: 10 loss: 0.3868, grad_norm: 0.4437195360660553, lr: 0.000976, time: 0.10s
[INFO]: TRAIN epoch: 10 loss: 0.1478, grad_norm: 0.33982813358306885, lr: 0.000976, time: 0.10s
[INFO]: TRAIN epoch: 10 loss: 0.5496, grad_norm: 0.40504181385040283, lr: 0.000976, time: 0.10s
[INFO]: TRAIN epoch: 10 loss: 0.0725, grad_norm: 0.2183612883090973, lr: 0.000976, time: 0.10s
[INFO]: TRAIN epoch: 10 loss: 0.2933, grad_norm: 0.3113558292388916, lr: 0.000976, time: 0.10s
[INFO]: TRAIN epoch: 10 loss: 0.2548, grad_norm: 0.5363311767578125, lr: 0.000976, time: 0.10s
[INFO]: TRAIN epoch: 10 loss: 0.2660, grad_norm: 0.3582843244075775, lr: 0.000976, time: 0.10s
[INFO]: TRAIN epoch: 10 loss: 0.2661, grad_norm: 0.3424217104911804, lr: 0.000976, time: 0.10s
[INFO]: TRAIN epoch: 10 loss: 0.1729, grad_norm: 0.34674614667892456, lr: 0.000976, time: 0.10s
[INFO]: TRAIN epoch: 10 loss: 0.4504, grad_norm: 0.47585639357566833, lr: 0.000976, time: 0.10s
[INFO]: TRAIN epoch: 10 loss: 0.3448, grad_norm: 0.32134291529655457, lr: 0.000976, time: 0.10s
[INFO]: TRAIN epoch: 10 loss: 0.0823, grad_norm: 0.25538399815559387, lr: 0.000976, time: 0.10s
[INFO]: TRAIN epoch: 10 loss: 0.5437, grad_norm: 0.4656800627708435, lr: 0.000976, time: 0.10s
[INFO]: TRAIN epoch: 10 loss: 0.3498, grad_norm: 0.2957306504249573, lr: 0.000976, time: 0.10s
[INFO]: TRAIN epoch: 10 loss: 0.1064, grad_norm: 0.23873326182365417, lr: 0.000976, time: 0.10s
[INFO]: TRAIN epoch: 10 loss: 0.3071, grad_norm: 0.44074174761772156, lr: 0.000976, time: 0.10s
[INFO]: TRAIN epoch: 10 loss: 0.3343, grad_norm: 0.37837883830070496, lr: 0.000976, time: 0.10s
[INFO]: TRAIN epoch: 10 loss: 0.2068, grad_norm: 0.37449780106544495, lr: 0.000976, time: 0.10s
[INFO]: TRAIN epoch: 10 loss: 0.1412, grad_norm: 0.26640477776527405, lr: 0.000976, time: 0.10s
[INFO]: TRAIN epoch: 10 loss: 0.1595, grad_norm: 0.31811878085136414, lr: 0.000976, time: 0.10s
[INFO]: TRAIN epoch: 10 loss: 0.1120, grad_norm: 0.2751064598560333, lr: 0.000976, time: 0.10s
[INFO]: TRAIN epoch: 10 loss: 0.5580, grad_norm: 0.6574734449386597, lr: 0.000976, time: 0.10s
[INFO]: TRAIN epoch: 10 loss: 0.4411, grad_norm: 0.47559282183647156, lr: 0.000976, time: 0.10s
[INFO]: TRAIN epoch: 10 loss: 0.2604, grad_norm: 0.3290805220603943, lr: 0.000976, time: 0.10s
[INFO]: TRAIN epoch: 10 loss: 0.5424, grad_norm: 0.4450018107891083, lr: 0.000976, time: 0.10s
[INFO]: TRAIN epoch: 10 loss: 0.1892, grad_norm: 0.30453598499298096, lr: 0.000976, time: 0.10s
[INFO]: TRAIN epoch: 10 loss: 0.2185, grad_norm: 0.265321284532547, lr: 0.000976, time: 0.10s
[INFO]: TRAIN epoch: 10 loss: 0.1821, grad_norm: 0.3182445168495178, lr: 0.000976, time: 0.10s
[INFO]: TRAIN epoch: 10 loss: 0.1289, grad_norm: 0.185294970870018, lr: 0.000976, time: 0.10s
[INFO]: TRAIN epoch: 10 loss: 0.1828, grad_norm: 0.3344420790672302, lr: 0.000976, time: 0.10s
[INFO]: TRAIN epoch: 10 loss: 0.3195, grad_norm: 0.3257070481777191, lr: 0.000976, time: 0.10s
[INFO]: TRAIN epoch: 10 loss: 0.3750, grad_norm: 0.4241679608821869, lr: 0.000976, time: 0.10s
[INFO]: TRAIN epoch: 10 loss: 0.3163, grad_norm: 0.35414570569992065, lr: 0.000976, time: 0.10s
[INFO]: TRAIN epoch: 10 loss: 0.1160, grad_norm: 0.2361067235469818, lr: 0.000976, time: 0.10s
[INFO]: TRAIN epoch: 10 loss: 0.0628, grad_norm: 0.19782139360904694, lr: 0.000976, time: 0.10s
[INFO]: TRAIN epoch: 10 loss: 0.4178, grad_norm: 0.40051940083503723, lr: 0.000976, time: 0.10s
[INFO]: TRAIN epoch: 10 loss: 0.4039, grad_norm: 0.3077929615974426, lr: 0.000976, time: 0.10s
[INFO]: TRAIN epoch: 10 loss: 0.4393, grad_norm: 0.5725155472755432, lr: 0.000976, time: 0.10s
[INFO]: TRAIN epoch: 10 loss: 0.2660, grad_norm: 0.31121742725372314, lr: 0.000976, time: 0.10s
[INFO]: TRAIN epoch: 10 loss: 0.0769, grad_norm: 0.2297545075416565, lr: 0.000976, time: 0.10s
[INFO]: TRAIN epoch: 10 loss: 0.1673, grad_norm: 0.3202528953552246, lr: 0.000976, time: 0.10s
[INFO]: TRAIN epoch: 10 loss: 0.4339, grad_norm: 0.3634701371192932, lr: 0.000976, time: 0.10s
[INFO]: TRAIN epoch: 10 loss: 0.3383, grad_norm: 0.31048136949539185, lr: 0.000976, time: 0.10s
[INFO]: TRAIN epoch: 10 loss: 0.0659, grad_norm: 0.15968719124794006, lr: 0.000976, time: 0.10s
[INFO]: TRAIN epoch: 10 loss: 0.4038, grad_norm: 0.30731746554374695, lr: 0.000976, time: 0.10s
[INFO]: TRAIN epoch: 10 loss: 0.0932, grad_norm: 0.22451981902122498, lr: 0.000976, time: 0.10s
[INFO]: TRAIN epoch: 10 loss: 0.0886, grad_norm: 0.17927199602127075, lr: 0.000976, time: 0.10s
[INFO]: TRAIN epoch: 10 loss: 0.3534, grad_norm: 0.4467133581638336, lr: 0.000976, time: 0.10s
[INFO]: TRAIN epoch: 10 loss: 0.2821, grad_norm: 0.34945693612098694, lr: 0.000976, time: 0.10s
[INFO]: TRAIN epoch: 10 loss: 0.3826, grad_norm: 0.39910534024238586, lr: 0.000976, time: 0.11s
[INFO]: TRAIN epoch: 10 loss: 0.5293, grad_norm: 0.6563143730163574, lr: 0.000976, time: 0.10s
[INFO]: TRAIN epoch: 10 loss: 0.1115, grad_norm: 0.31461066007614136, lr: 0.000976, time: 0.10s
[INFO]: TRAIN epoch: 10 loss: 0.3376, grad_norm: 0.3440985083580017, lr: 0.000976, time: 0.10s
[INFO]: TRAIN epoch: 10 loss: 0.3536, grad_norm: 0.4099595248699188, lr: 0.000976, time: 0.10s
[INFO]: TRAIN epoch: 10 loss: 0.3277, grad_norm: 0.3664276897907257, lr: 0.000976, time: 0.10s
[INFO]: TRAIN epoch: 10 loss: 0.1026, grad_norm: 0.26226064562797546, lr: 0.000976, time: 0.10s
[INFO]: TRAIN epoch: 10 loss: 0.2508, grad_norm: 0.3818308115005493, lr: 0.000976, time: 0.10s
[INFO]: TRAIN epoch: 10 loss: 0.4582, grad_norm: 0.4042961895465851, lr: 0.000976, time: 0.10s
[INFO]: TRAIN epoch: 10 loss: 0.1292, grad_norm: 0.2548862397670746, lr: 0.000976, time: 0.10s
[INFO]: TRAIN epoch: 10 loss: 0.0797, grad_norm: 0.1916850507259369, lr: 0.000976, time: 0.10s
[INFO]: TRAIN epoch: 10 loss: 0.3549, grad_norm: 0.41412681341171265, lr: 0.000976, time: 0.10s
[INFO]: TRAIN epoch: 10 loss: 0.1895, grad_norm: 0.3036133944988251, lr: 0.000976, time: 0.10s
[INFO]: TRAIN epoch: 10 loss: 0.1207, grad_norm: 0.3154676556587219, lr: 0.000976, time: 0.10s
[INFO]: TRAIN epoch: 10 loss: 0.0835, grad_norm: 0.21095189452171326, lr: 0.000976, time: 0.10s
[INFO]: TRAIN epoch: 10 loss: 0.3063, grad_norm: 0.31508174538612366, lr: 0.000976, time: 0.10s
[INFO]: TRAIN epoch: 10 loss: 0.0560, grad_norm: 0.16633762419223785, lr: 0.000976, time: 0.10s
[INFO]: TRAIN epoch: 10 loss: 0.1423, grad_norm: 0.2545432448387146, lr: 0.000976, time: 0.10s
[INFO]: TRAIN epoch: 10 loss: 0.0754, grad_norm: 0.19164690375328064, lr: 0.000976, time: 0.10s
[INFO]: TRAIN epoch: 10 loss: 0.1625, grad_norm: 0.25870656967163086, lr: 0.000976, time: 0.10s
[INFO]: TRAIN epoch: 10 loss: 0.0992, grad_norm: 0.2542708218097687, lr: 0.000976, time: 0.11s
[INFO]: TRAIN epoch: 10 loss: 0.3086, grad_norm: 0.39086833596229553, lr: 0.000976, time: 0.10s
[INFO]: TRAIN epoch: 10 loss: 0.3251, grad_norm: 0.4294211268424988, lr: 0.000976, time: 0.10s
[INFO]: TRAIN epoch: 10 loss: 0.1000, grad_norm: 0.3524656593799591, lr: 0.000976, time: 0.11s
[INFO]: TRAIN epoch: 10 loss: 0.0400, grad_norm: 0.12365604937076569, lr: 0.000976, time: 0.11s
[INFO]: TRAIN epoch: 10 loss: 0.3825, grad_norm: 0.5424085855484009, lr: 0.000976, time: 0.10s
[INFO]: TRAIN epoch: 10 loss: 0.3095, grad_norm: 0.4217231869697571, lr: 0.000976, time: 0.10s
[INFO]: TRAIN epoch: 10 loss: 0.2985, grad_norm: 0.27991947531700134, lr: 0.000976, time: 0.10s
[INFO]: TRAIN epoch: 10 loss: 0.0732, grad_norm: 0.16916370391845703, lr: 0.000976, time: 0.10s
[INFO]: TRAIN epoch: 10 loss: 0.1196, grad_norm: 0.32240328192710876, lr: 0.000976, time: 0.10s
[INFO]: TRAIN epoch: 10 loss: 0.0631, grad_norm: 0.16165030002593994, lr: 0.000976, time: 0.10s
[INFO]: TRAIN epoch: 10 loss: 0.0547, grad_norm: 0.15426291525363922, lr: 0.000976, time: 0.10s
[INFO]: TRAIN epoch: 10 loss: 0.2690, grad_norm: 0.3423769176006317, lr: 0.000976, time: 0.10s
[INFO]: TRAIN epoch: 10 loss: 0.2693, grad_norm: 0.3449658751487732, lr: 0.000976, time: 0.10s
[INFO]: TRAIN epoch: 10 loss: 0.1319, grad_norm: 0.2098541557788849, lr: 0.000976, time: 0.10s
[INFO]: TRAIN epoch: 10 loss: 0.0661, grad_norm: 0.23559100925922394, lr: 0.000976, time: 0.10s
[INFO]: TRAIN epoch: 10 loss: 0.2101, grad_norm: 0.3449029326438904, lr: 0.000976, time: 0.10s
[INFO]: TRAIN epoch: 10 loss: 0.1932, grad_norm: 0.3711661100387573, lr: 0.000976, time: 0.10s
[INFO]: TRAIN epoch: 10 loss: 0.2245, grad_norm: 0.2995333671569824, lr: 0.000976, time: 0.11s
[INFO]: TRAIN epoch: 10 loss: 0.0669, grad_norm: 0.18545536696910858, lr: 0.000976, time: 0.11s
[INFO]: TRAIN epoch: 10 loss: 0.4258, grad_norm: 0.3558226227760315, lr: 0.000976, time: 0.11s
[INFO]: TRAIN epoch: 10 loss: 0.2448, grad_norm: 0.4401456117630005, lr: 0.000976, time: 0.10s
[INFO]: TRAIN epoch: 10 loss: 0.1168, grad_norm: 0.2651163935661316, lr: 0.000976, time: 0.10s
[INFO]: TRAIN epoch: 10 loss: 0.1073, grad_norm: 0.2563092112541199, lr: 0.000976, time: 0.10s
[INFO]: TRAIN epoch: 10 loss: 0.1634, grad_norm: 0.2854466736316681, lr: 0.000976, time: 0.11s
[INFO]: TRAIN epoch: 10 loss: 0.0813, grad_norm: 0.20755094289779663, lr: 0.000976, time: 0.11s
[INFO]: TRAIN epoch: 10 loss: 0.2423, grad_norm: 0.4022151827812195, lr: 0.000976, time: 0.10s
[INFO]: TRAIN epoch: 10 loss: 0.3006, grad_norm: 0.34631308913230896, lr: 0.000976, time: 0.10s
[INFO]: TRAIN epoch: 10 loss: 0.1024, grad_norm: 0.1909601092338562, lr: 0.000976, time: 0.10s
[INFO]: TRAIN epoch: 10 loss: 0.3752, grad_norm: 0.46197059750556946, lr: 0.000976, time: 0.10s
[INFO]: TRAIN epoch: 10 loss: 0.7125, grad_norm: 0.320314884185791, lr: 0.000976, time: 0.11s
[INFO]: TRAIN epoch: 10 loss: 0.2742, grad_norm: 0.3593202233314514, lr: 0.000976, time: 0.10s
[INFO]: TRAIN epoch: 10 loss: 0.1326, grad_norm: 0.31657153367996216, lr: 0.000976, time: 0.10s
[INFO]: TRAIN epoch: 10 loss: 0.1496, grad_norm: 0.24240367114543915, lr: 0.000976, time: 0.10s
[INFO]: TRAIN epoch: 10 loss: 0.4290, grad_norm: 0.40933310985565186, lr: 0.000976, time: 0.10s
[INFO]: TRAIN epoch: 10 loss: 0.1665, grad_norm: 0.37335506081581116, lr: 0.000976, time: 0.10s
[INFO]: TRAIN epoch: 10 loss: 0.2389, grad_norm: 0.25052428245544434, lr: 0.000976, time: 0.10s
[INFO]: TRAIN epoch: 10 loss: 0.1951, grad_norm: 0.2197856456041336, lr: 0.000976, time: 0.11s
[INFO]: TRAIN epoch: 10 loss: 0.3739, grad_norm: 0.3860047161579132, lr: 0.000976, time: 0.11s
[INFO]: TRAIN epoch: 10 loss: 0.4461, grad_norm: 0.3972059488296509, lr: 0.000976, time: 0.10s
[INFO]: TRAIN epoch: 10 loss: 0.3151, grad_norm: 0.4497811794281006, lr: 0.000976, time: 0.10s
[INFO]: TRAIN epoch: 10 loss: 0.4719, grad_norm: 0.3559194803237915, lr: 0.000976, time: 0.10s
[INFO]: TRAIN epoch: 10 loss: 0.2295, grad_norm: 0.31605064868927, lr: 0.000976, time: 0.10s
[INFO]: TRAIN epoch: 10 loss: 0.2655, grad_norm: 0.4445367157459259, lr: 0.000976, time: 0.10s
[INFO]: TRAIN epoch: 10 loss: 0.4674, grad_norm: 0.4218613803386688, lr: 0.000976, time: 0.11s
[INFO]: TRAIN epoch: 10 loss: 0.2296, grad_norm: 0.36621540784835815, lr: 0.000976, time: 0.10s
[INFO]: TRAIN epoch: 10 loss: 0.0918, grad_norm: 0.19389596581459045, lr: 0.000976, time: 0.10s
[INFO]: TRAIN epoch: 10 loss: 0.1336, grad_norm: 0.3325129449367523, lr: 0.000976, time: 0.10s
[INFO]: TRAIN epoch: 10 loss: 0.4423, grad_norm: 0.5704188942909241, lr: 0.000976, time: 0.10s
[INFO]: TRAIN epoch: 10 loss: 0.1275, grad_norm: 0.1964370161294937, lr: 0.000976, time: 0.11s
[INFO]: TRAIN epoch: 10 loss: 0.4545, grad_norm: 0.4098656177520752, lr: 0.000976, time: 0.10s
[INFO]: TRAIN epoch: 10 loss: 0.1252, grad_norm: 0.2464936375617981, lr: 0.000976, time: 0.10s
[INFO]: TRAIN epoch: 10 loss: 0.4097, grad_norm: 0.4669429361820221, lr: 0.000976, time: 0.10s
[INFO]: TRAIN epoch: 10 loss: 0.4020, grad_norm: 0.39078372716903687, lr: 0.000976, time: 0.10s
[INFO]: TRAIN epoch: 10 loss: 0.2456, grad_norm: 0.35953348875045776, lr: 0.000976, time: 0.11s
[INFO]: TRAIN epoch: 10 loss: 0.3784, grad_norm: 0.2960842251777649, lr: 0.000976, time: 0.10s
[INFO]: TRAIN epoch: 10 loss: 0.0828, grad_norm: 0.23181335628032684, lr: 0.000976, time: 0.10s
[INFO]: TRAIN epoch: 10 loss: 0.1440, grad_norm: 0.28433066606521606, lr: 0.000976, time: 0.10s
[INFO]: TRAIN epoch: 10 loss: 0.1436, grad_norm: 0.28181153535842896, lr: 0.000976, time: 0.11s
[INFO]: TRAIN epoch: 10 loss: 0.2533, grad_norm: 0.3047125041484833, lr: 0.000976, time: 0.10s
[INFO]: TRAIN epoch: 10 loss: 0.1032, grad_norm: 0.21727201342582703, lr: 0.000976, time: 0.10s
[INFO]: TRAIN epoch: 10 loss: 0.2930, grad_norm: 0.3978229761123657, lr: 0.000976, time: 0.10s
[INFO]: TRAIN epoch: 10 loss: 0.1610, grad_norm: 0.31662750244140625, lr: 0.000976, time: 0.11s
[INFO]: TRAIN epoch: 10 loss: 0.0573, grad_norm: 0.19098618626594543, lr: 0.000976, time: 0.10s
[INFO]: TRAIN epoch: 10 loss: 0.2558, grad_norm: 0.38640227913856506, lr: 0.000976, time: 0.10s
[INFO]: TRAIN epoch: 10 loss: 0.2443, grad_norm: 0.30660831928253174, lr: 0.000976, time: 0.10s
[INFO]: TRAIN epoch: 10 loss: 0.1035, grad_norm: 0.22677870094776154, lr: 0.000976, time: 0.11s
[INFO]: TRAIN epoch: 10 loss: 0.2617, grad_norm: 0.26594287157058716, lr: 0.000976, time: 0.11s
[INFO]: TRAIN epoch: 10 loss: 0.2631, grad_norm: 0.3584004044532776, lr: 0.000976, time: 0.10s
[INFO]: TRAIN epoch: 10 loss: 0.2681, grad_norm: 0.32795512676239014, lr: 0.000976, time: 0.10s
[INFO]: TRAIN epoch: 10 loss: 0.0677, grad_norm: 0.22097249329090118, lr: 0.000976, time: 0.10s
[INFO]: TRAIN epoch: 10 loss: 0.2969, grad_norm: 0.669755756855011, lr: 0.000976, time: 0.11s
[INFO]: TRAIN epoch: 10 loss: 0.2444, grad_norm: 0.3283178210258484, lr: 0.000976, time: 0.10s
[INFO]: TRAIN epoch: 10 loss: 0.3250, grad_norm: 0.5113967657089233, lr: 0.000976, time: 0.10s
[INFO]: TRAIN epoch: 10 loss: 0.0647, grad_norm: 0.16498993337154388, lr: 0.000976, time: 0.10s
[INFO]: TRAIN epoch: 10 loss: 0.0718, grad_norm: 0.24763475358486176, lr: 0.000976, time: 0.10s
[INFO]: TRAIN epoch: 10 loss: 0.1668, grad_norm: 0.3420456051826477, lr: 0.000976, time: 0.10s
[INFO]: TRAIN epoch: 10 loss: 0.4880, grad_norm: 0.4025512635707855, lr: 0.000976, time: 0.10s
[INFO]: TRAIN epoch: 10 loss: 0.3334, grad_norm: 0.3636270761489868, lr: 0.000976, time: 0.11s
[INFO]: TRAIN epoch: 10 loss: 0.0980, grad_norm: 0.24542482197284698, lr: 0.000976, time: 0.10s
[INFO]: TRAIN epoch: 10 loss: 0.6625, grad_norm: 0.38407331705093384, lr: 0.000976, time: 0.11s
[INFO]: TRAIN epoch: 10 loss: 0.1420, grad_norm: 0.26873698830604553, lr: 0.000976, time: 0.10s
[INFO]: TRAIN epoch: 10 loss: 0.0624, grad_norm: 0.17390243709087372, lr: 0.000976, time: 0.10s
[INFO]: TRAIN epoch: 10 loss: 0.2937, grad_norm: 0.514984130859375, lr: 0.000976, time: 0.10s
[INFO]: TRAIN epoch: 10 loss: 0.0838, grad_norm: 0.21060830354690552, lr: 0.000976, time: 0.10s
[INFO]: TRAIN epoch: 10 loss: 0.0530, grad_norm: 0.13977615535259247, lr: 0.000976, time: 0.10s
[INFO]: TRAIN epoch: 10 loss: 0.4713, grad_norm: 0.3064761757850647, lr: 0.000976, time: 0.11s
[INFO]: TRAIN epoch: 10 loss: 0.3250, grad_norm: 0.3222574293613434, lr: 0.000976, time: 0.10s
[INFO]: TRAIN epoch: 10 loss: 0.2953, grad_norm: 0.2916935980319977, lr: 0.000976, time: 0.11s
[INFO]: TRAIN epoch: 10 loss: 0.2268, grad_norm: 0.3111904263496399, lr: 0.000976, time: 0.10s
[INFO]: TRAIN epoch: 10 loss: 0.1887, grad_norm: 0.27459532022476196, lr: 0.000976, time: 0.10s
[INFO]: TRAIN epoch: 10 loss: 0.5475, grad_norm: 0.3879609704017639, lr: 0.000976, time: 0.11s
[INFO]: TRAIN epoch: 10 loss: 0.4338, grad_norm: 0.47269147634506226, lr: 0.000976, time: 0.10s
[INFO]: TRAIN epoch: 10 loss: 0.0678, grad_norm: 0.12157603353261948, lr: 0.000976, time: 0.10s
[INFO]: TRAIN epoch: 10 loss: 0.0896, grad_norm: 0.22945034503936768, lr: 0.000976, time: 0.10s
[INFO]: TRAIN epoch: 10 loss: 0.1186, grad_norm: 0.24286988377571106, lr: 0.000976, time: 0.10s
[INFO]: TRAIN epoch: 10 loss: 0.2540, grad_norm: 0.4409945011138916, lr: 0.000976, time: 0.10s
[INFO]: TRAIN epoch: 10 loss: 0.6441, grad_norm: 0.36133164167404175, lr: 0.000976, time: 0.10s
[INFO]: TRAIN epoch: 10 loss: 0.2634, grad_norm: 0.30447620153427124, lr: 0.000976, time: 0.10s
[INFO]: TRAIN epoch: 10 loss: 0.2949, grad_norm: 0.7082923054695129, lr: 0.000976, time: 0.10s
[INFO]: TRAIN epoch: 10 loss: 0.1762, grad_norm: 0.31916001439094543, lr: 0.000976, time: 0.10s
[INFO]: TRAIN epoch: 10 loss: 0.1033, grad_norm: 0.24108293652534485, lr: 0.000976, time: 0.10s
[INFO]: TRAIN epoch: 10 loss: 0.5277, grad_norm: 0.471652626991272, lr: 0.000976, time: 0.10s
[INFO]: TRAIN epoch: 10 loss: 0.7103, grad_norm: 0.5544998645782471, lr: 0.000976, time: 0.11s
[INFO]: TRAIN epoch: 10 loss: 0.1003, grad_norm: 0.23998267948627472, lr: 0.000976, time: 0.11s
[INFO]: TRAIN epoch: 10 loss: 0.6646, grad_norm: 0.4299573302268982, lr: 0.000976, time: 0.11s
[INFO]: TRAIN epoch: 10 loss: 0.3176, grad_norm: 0.43927180767059326, lr: 0.000976, time: 0.10s
[INFO]: TRAIN epoch: 10 loss: 0.2414, grad_norm: 0.5039886832237244, lr: 0.000976, time: 0.11s
[INFO]: TRAIN epoch: 10 loss: 0.3271, grad_norm: 0.40317994356155396, lr: 0.000976, time: 0.10s
[INFO]: TRAIN epoch: 10 loss: 0.3185, grad_norm: 0.3511062562465668, lr: 0.000976, time: 0.10s
[INFO]: TRAIN epoch: 10 loss: 0.1758, grad_norm: 0.333636075258255, lr: 0.000976, time: 0.10s
[INFO]: TRAIN epoch: 10 loss: 0.3820, grad_norm: 0.3405103087425232, lr: 0.000976, time: 0.10s
[INFO]: TRAIN epoch: 10 loss: 0.3865, grad_norm: 0.3654561936855316, lr: 0.000976, time: 0.10s
[INFO]: TRAIN epoch: 10 loss: 0.3864, grad_norm: 0.4236753284931183, lr: 0.000976, time: 0.10s
[INFO]: TRAIN epoch: 10 loss: 0.1642, grad_norm: 0.25019747018814087, lr: 0.000976, time: 0.11s
[INFO]: TRAIN epoch: 10 loss: 0.2412, grad_norm: 0.36491554975509644, lr: 0.000976, time: 0.10s
[INFO]: TRAIN epoch: 10 loss: 0.1592, grad_norm: 0.2336961328983307, lr: 0.000976, time: 0.10s
[INFO]: TRAIN epoch: 10 loss: 0.4369, grad_norm: 0.3535245656967163, lr: 0.000976, time: 0.10s
[INFO]: TRAIN epoch: 10 loss: 0.1967, grad_norm: 0.29592594504356384, lr: 0.000976, time: 0.11s
[INFO]: TRAIN epoch: 10 loss: 0.2847, grad_norm: 0.2264605164527893, lr: 0.000976, time: 0.11s
[INFO]: TRAIN epoch: 10 loss: 0.2979, grad_norm: 0.29268741607666016, lr: 0.000976, time: 0.10s
[INFO]: TRAIN epoch: 10 loss: 0.1009, grad_norm: 0.23752827942371368, lr: 0.000976, time: 0.10s
[INFO]: TRAIN epoch: 10 loss: 0.1783, grad_norm: 0.3493846654891968, lr: 0.000976, time: 0.10s
[INFO]: TRAIN epoch: 10 loss: 0.0718, grad_norm: 0.15010316669940948, lr: 0.000976, time: 0.10s
[INFO]: TRAIN epoch: 10 loss: 0.1218, grad_norm: 0.23987993597984314, lr: 0.000976, time: 0.10s
[INFO]: TRAIN epoch: 10 loss: 0.6419, grad_norm: 0.4152984917163849, lr: 0.000976, time: 0.11s
[INFO]: TRAIN epoch: 10 loss: 0.2133, grad_norm: 0.3385378122329712, lr: 0.000976, time: 0.10s
[INFO]: TRAIN epoch: 10 loss: 0.3690, grad_norm: 0.3523595929145813, lr: 0.000976, time: 0.10s
[INFO]: TRAIN epoch: 10 loss: 0.3335, grad_norm: 0.33785080909729004, lr: 0.000976, time: 0.10s
[INFO]: TRAIN epoch: 10 loss: 0.1086, grad_norm: 0.24081489443778992, lr: 0.000976, time: 0.10s
[INFO]: TRAIN epoch: 10 loss: 0.0889, grad_norm: 0.20845454931259155, lr: 0.000976, time: 0.10s
[INFO]: TRAIN epoch: 10 loss: 0.4659, grad_norm: 0.39042356610298157, lr: 0.000976, time: 0.10s
[INFO]: TRAIN epoch: 10 loss: 0.2084, grad_norm: 0.27858400344848633, lr: 0.000976, time: 0.11s
[INFO]: TRAIN epoch: 10 loss: 0.4647, grad_norm: 0.5919906497001648, lr: 0.000976, time: 0.10s
[INFO]: TRAIN epoch: 10 loss: 0.2810, grad_norm: 0.3139447271823883, lr: 0.000976, time: 0.10s
[INFO]: TRAIN epoch: 10 loss: 0.3103, grad_norm: 0.29737916588783264, lr: 0.000976, time: 0.10s
[INFO]: TRAIN epoch: 10 loss: 0.2580, grad_norm: 0.32778313755989075, lr: 0.000976, time: 0.10s
[INFO]: TRAIN epoch: 10 loss: 0.2304, grad_norm: 0.2894156575202942, lr: 0.000976, time: 0.10s
[INFO]: TRAIN epoch: 10 loss: 0.3903, grad_norm: 0.421090692281723, lr: 0.000976, time: 0.11s
[INFO]: TRAIN epoch: 10 loss: 0.0666, grad_norm: 0.1727556437253952, lr: 0.000976, time: 0.10s
[INFO]: TRAIN epoch: 10 loss: 0.2214, grad_norm: 0.2946186065673828, lr: 0.000976, time: 0.10s
[INFO]: TRAIN epoch: 10 loss: 0.4176, grad_norm: 0.4930499494075775, lr: 0.000976, time: 0.10s
[INFO]: TRAIN epoch: 10 loss: 0.2874, grad_norm: 0.3788846731185913, lr: 0.000976, time: 0.10s
[INFO]: TRAIN epoch: 10 loss: 0.2149, grad_norm: 0.37683117389678955, lr: 0.000976, time: 0.10s
[INFO]: TRAIN epoch: 10 loss: 0.2247, grad_norm: 0.4071957767009735, lr: 0.000976, time: 0.10s
[INFO]: TRAIN epoch: 10 loss: 0.1827, grad_norm: 0.3643122911453247, lr: 0.000976, time: 0.10s
[INFO]: TRAIN epoch: 10 loss: 0.3325, grad_norm: 0.3870128393173218, lr: 0.000976, time: 0.10s
[INFO]: TRAIN epoch: 10 loss: 0.2357, grad_norm: 0.48261114954948425, lr: 0.000976, time: 0.10s
[INFO]: TRAIN epoch: 10 loss: 0.2574, grad_norm: 0.3762979507446289, lr: 0.000976, time: 0.10s
[INFO]: TRAIN epoch: 10 loss: 0.4138, grad_norm: 0.46903321146965027, lr: 0.000976, time: 0.11s
[INFO]: TRAIN epoch: 10 loss: 0.1540, grad_norm: 0.36360469460487366, lr: 0.000976, time: 0.10s
[INFO]: TRAIN epoch: 10 loss: 0.1312, grad_norm: 0.2899627089500427, lr: 0.000976, time: 0.10s
[INFO]: TRAIN epoch: 10 loss: 0.4157, grad_norm: 0.39299944043159485, lr: 0.000976, time: 0.10s
[INFO]: TRAIN epoch: 10 loss: 0.1218, grad_norm: 0.3179394006729126, lr: 0.000976, time: 0.11s
[INFO]: TRAIN epoch: 10 loss: 0.1054, grad_norm: 0.20803166925907135, lr: 0.000976, time: 0.10s
[INFO]: TRAIN epoch: 10 loss: 0.2355, grad_norm: 0.39841610193252563, lr: 0.000976, time: 0.11s
[INFO]: TRAIN epoch: 10 loss: 0.1804, grad_norm: 0.3470847010612488, lr: 0.000976, time: 0.10s
[INFO]: TRAIN epoch: 10 loss: 0.2741, grad_norm: 0.27679723501205444, lr: 0.000976, time: 0.10s
[INFO]: TRAIN epoch: 10 loss: 0.2921, grad_norm: 0.3619384765625, lr: 0.000976, time: 0.10s
[INFO]: TRAIN epoch: 10 loss: 0.1144, grad_norm: 0.2870432734489441, lr: 0.000976, time: 0.10s
[INFO]: TRAIN epoch: 10 loss: 0.3390, grad_norm: 0.4067762494087219, lr: 0.000976, time: 0.10s
[INFO]: TRAIN epoch: 10 loss: 0.3159, grad_norm: 0.4869891405105591, lr: 0.000976, time: 0.10s
[INFO]: TRAIN epoch: 10 loss: 0.4531, grad_norm: 0.606590211391449, lr: 0.000976, time: 0.10s
[INFO]: TRAIN epoch: 10 loss: 0.1151, grad_norm: 0.2683795392513275, lr: 0.000976, time: 0.10s
[INFO]: TRAIN epoch: 10 loss: 0.3431, grad_norm: 0.4174427390098572, lr: 0.000976, time: 0.11s
[INFO]: TRAIN epoch: 10 loss: 0.0834, grad_norm: 0.21159647405147552, lr: 0.000976, time: 0.10s
[INFO]: TRAIN epoch: 10 loss: 0.6499, grad_norm: 0.39714235067367554, lr: 0.000976, time: 0.10s
[INFO]: TRAIN epoch: 10 loss: 0.2876, grad_norm: 0.26060304045677185, lr: 0.000976, time: 0.10s
[INFO]: TRAIN epoch: 10 loss: 0.3628, grad_norm: 0.30395039916038513, lr: 0.000976, time: 0.10s
[INFO]: TRAIN epoch: 10 loss: 0.1320, grad_norm: 0.24471814930438995, lr: 0.000976, time: 0.10s
[INFO]: TRAIN epoch: 10 loss: 0.4655, grad_norm: 0.4075014889240265, lr: 0.000976, time: 0.10s
[INFO]: TRAIN epoch: 10 loss: 0.0973, grad_norm: 0.24796520173549652, lr: 0.000976, time: 0.11s
[INFO]: TRAIN epoch: 10 loss: 0.1344, grad_norm: 0.2561604976654053, lr: 0.000976, time: 0.11s
[INFO]: TRAIN epoch: 10 loss: 0.3595, grad_norm: 0.5132386684417725, lr: 0.000976, time: 0.10s
[INFO]: TRAIN epoch: 10 loss: 0.3152, grad_norm: 0.34354448318481445, lr: 0.000976, time: 0.11s
[INFO]: TRAIN epoch: 10 loss: 0.3147, grad_norm: 0.3217652440071106, lr: 0.000976, time: 0.10s
[INFO]: TRAIN epoch: 10 loss: 0.3282, grad_norm: 0.3129551112651825, lr: 0.000976, time: 0.10s
[INFO]: TRAIN epoch: 10 loss: 0.5112, grad_norm: 0.3696993589401245, lr: 0.000976, time: 0.11s
[INFO]: TRAIN epoch: 10 loss: 0.0902, grad_norm: 0.2407541573047638, lr: 0.000976, time: 0.10s
[INFO]: TRAIN epoch: 10 loss: 0.2316, grad_norm: 0.4118361473083496, lr: 0.000976, time: 0.10s
[INFO]: TRAIN epoch: 10 loss: 0.3647, grad_norm: 0.2885449230670929, lr: 0.000976, time: 0.11s
[INFO]: TRAIN epoch: 10 loss: 0.0599, grad_norm: 0.1894647777080536, lr: 0.000976, time: 0.11s
[INFO]: TRAIN epoch: 10 loss: 0.0981, grad_norm: 0.3395330607891083, lr: 0.000976, time: 0.10s
[INFO]: TRAIN epoch: 10 loss: 0.4324, grad_norm: 0.3729247450828552, lr: 0.000976, time: 0.10s
[INFO]: TRAIN epoch: 10 loss: 0.3896, grad_norm: 0.28632408380508423, lr: 0.000976, time: 0.10s
[INFO]: TRAIN epoch: 10 loss: 0.1301, grad_norm: 0.26264190673828125, lr: 0.000976, time: 0.10s
[INFO]: TRAIN epoch: 10 loss: 0.3306, grad_norm: 0.41838887333869934, lr: 0.000976, time: 0.10s
[INFO]: TRAIN epoch: 10 loss: 0.0780, grad_norm: 0.23768652975559235, lr: 0.000976, time: 0.10s
[INFO]: TRAIN epoch: 10 loss: 0.4541, grad_norm: 0.3934953510761261, lr: 0.000976, time: 0.10s
[INFO]: TRAIN epoch: 10 loss: 0.2108, grad_norm: 0.4323946237564087, lr: 0.000976, time: 0.10s
[INFO]: TRAIN epoch: 10 loss: 0.3605, grad_norm: 0.4152187705039978, lr: 0.000976, time: 0.10s
[INFO]: TRAIN epoch: 10 loss: 0.3575, grad_norm: 0.3944379985332489, lr: 0.000976, time: 0.10s
[INFO]: TRAIN epoch: 10 loss: 0.2571, grad_norm: 0.35412299633026123, lr: 0.000976, time: 0.10s
[INFO]: TRAIN epoch: 10 loss: 0.5534, grad_norm: 0.41123485565185547, lr: 0.000976, time: 0.11s
[INFO]: TRAIN epoch: 10 loss: 0.3205, grad_norm: 0.44536593556404114, lr: 0.000976, time: 0.11s
[INFO]: TRAIN epoch: 10 loss: 0.1436, grad_norm: 0.22696933150291443, lr: 0.000976, time: 0.11s
[INFO]: TRAIN epoch: 10 loss: 0.3767, grad_norm: 0.4001794457435608, lr: 0.000976, time: 0.10s
[INFO]: TRAIN epoch: 10 loss: 0.3419, grad_norm: 0.3443392813205719, lr: 0.000976, time: 0.10s
[INFO]: TRAIN epoch: 10 loss: 0.0874, grad_norm: 0.2512394189834595, lr: 0.000976, time: 0.10s
[INFO]: TRAIN epoch: 10 loss: 0.3774, grad_norm: 0.3397689163684845, lr: 0.000976, time: 0.10s
[INFO]: TRAIN epoch: 10 loss: 0.4661, grad_norm: 0.374769389629364, lr: 0.000976, time: 0.10s
[INFO]: TRAIN epoch: 10 loss: 0.5202, grad_norm: 0.3930247724056244, lr: 0.000976, time: 0.11s
[INFO]: TRAIN epoch: 10 loss: 0.0777, grad_norm: 0.19569174945354462, lr: 0.000976, time: 0.10s
[INFO]: TRAIN epoch: 10 loss: 0.1753, grad_norm: 0.2838841378688812, lr: 0.000976, time: 0.10s
[INFO]: TRAIN epoch: 10 loss: 0.3838, grad_norm: 0.42164182662963867, lr: 0.000976, time: 0.10s
[INFO]: TRAIN epoch: 10 loss: 0.1213, grad_norm: 0.21265164017677307, lr: 0.000976, time: 0.10s
[INFO]: TRAIN epoch: 10 loss: 0.2937, grad_norm: 0.33902639150619507, lr: 0.000976, time: 0.10s
[INFO]: TRAIN epoch: 10 loss: 0.4108, grad_norm: 0.386657178401947, lr: 0.000976, time: 0.10s
[INFO]: TRAIN epoch: 10 loss: 0.0750, grad_norm: 0.21073871850967407, lr: 0.000976, time: 0.10s
[INFO]: TRAIN epoch: 10 loss: 0.1983, grad_norm: 0.25180429220199585, lr: 0.000976, time: 0.11s
[INFO]: TRAIN epoch: 10 loss: 0.0741, grad_norm: 0.1967553198337555, lr: 0.000976, time: 0.10s
[INFO]: TRAIN epoch: 10 loss: 0.1021, grad_norm: 0.23712565004825592, lr: 0.000976, time: 0.10s
[INFO]: TRAIN epoch: 10 loss: 0.4785, grad_norm: 0.36539965867996216, lr: 0.000976, time: 0.10s
[INFO]: TRAIN epoch: 10 loss: 0.3794, grad_norm: 0.3724178075790405, lr: 0.000976, time: 0.10s
[INFO]: TRAIN epoch: 10 loss: 0.4693, grad_norm: 0.3401753604412079, lr: 0.000976, time: 0.11s
[INFO]: TRAIN epoch: 10 loss: 0.2109, grad_norm: 0.3540567457675934, lr: 0.000976, time: 0.10s
[INFO]: TRAIN epoch: 10 loss: 0.5440, grad_norm: 0.4263533055782318, lr: 0.000976, time: 0.10s
[INFO]: TRAIN epoch: 10 loss: 0.1828, grad_norm: 0.3055787980556488, lr: 0.000976, time: 0.10s
[INFO]: TRAIN epoch: 10 loss: 0.3391, grad_norm: 0.29472893476486206, lr: 0.000976, time: 0.10s
[INFO]: TRAIN epoch: 10 loss: 0.1987, grad_norm: 0.29140549898147583, lr: 0.000976, time: 0.10s
[INFO]: TRAIN epoch: 10 loss: 0.0644, grad_norm: 0.18272963166236877, lr: 0.000976, time: 0.10s
[INFO]: TRAIN epoch: 10 loss: 0.0355, grad_norm: 0.10682569444179535, lr: 0.000976, time: 0.10s
[INFO]: TRAIN epoch: 10 loss: 0.1116, grad_norm: 0.25313159823417664, lr: 0.000976, time: 0.11s
[INFO]: TRAIN epoch: 10 loss: 0.1678, grad_norm: 0.3918962776660919, lr: 0.000976, time: 0.10s
[INFO]: TRAIN epoch: 10 loss: 0.3726, grad_norm: 0.336734414100647, lr: 0.000976, time: 0.10s
[INFO]: TRAIN epoch: 10 loss: 0.4337, grad_norm: 0.2961086630821228, lr: 0.000976, time: 0.10s
[INFO]: TRAIN epoch: 10 loss: 0.0854, grad_norm: 0.27548861503601074, lr: 0.000976, time: 0.10s
[INFO]: TRAIN epoch: 10 loss: 0.1083, grad_norm: 0.23634783923625946, lr: 0.000976, time: 0.11s
[INFO]: TRAIN epoch: 10 loss: 0.1387, grad_norm: 0.463601291179657, lr: 0.000976, time: 0.10s
[INFO]: TRAIN epoch: 10 loss: 0.2741, grad_norm: 0.2940729856491089, lr: 0.000976, time: 0.11s
[INFO]: TRAIN epoch: 10 loss: 0.1371, grad_norm: 0.3363054394721985, lr: 0.000976, time: 0.10s
[INFO]: TRAIN epoch: 10 loss: 0.4875, grad_norm: 0.4820137619972229, lr: 0.000976, time: 0.10s
[INFO]: TRAIN epoch: 10 loss: 0.4382, grad_norm: 0.4325331151485443, lr: 0.000976, time: 0.10s
[INFO]: TRAIN epoch: 10 loss: 0.2451, grad_norm: 0.39673516154289246, lr: 0.000976, time: 0.10s
[INFO]: TRAIN epoch: 10 loss: 0.2357, grad_norm: 0.39612624049186707, lr: 0.000976, time: 0.10s
[INFO]: TRAIN epoch: 10 loss: 0.3272, grad_norm: 0.3335469961166382, lr: 0.000976, time: 0.11s
[INFO]: TRAIN epoch: 10 loss: 0.1231, grad_norm: 0.3012180030345917, lr: 0.000976, time: 0.10s
[INFO]: TRAIN epoch: 10 loss: 0.2705, grad_norm: 0.440137654542923, lr: 0.000976, time: 0.11s
[INFO]: TRAIN epoch: 10 loss: 0.3302, grad_norm: 0.3226112723350525, lr: 0.000976, time: 0.10s
[INFO]: TRAIN epoch: 10 loss: 0.3801, grad_norm: 0.30718380212783813, lr: 0.000976, time: 0.10s
[INFO]: TRAIN epoch: 10 loss: 0.4895, grad_norm: 0.43655896186828613, lr: 0.000976, time: 0.10s
[INFO]: TRAIN epoch: 10 loss: 0.0764, grad_norm: 0.25361180305480957, lr: 0.000976, time: 0.10s
[INFO]: TRAIN epoch: 10 loss: 0.5734, grad_norm: 0.3205210864543915, lr: 0.000976, time: 0.10s
[INFO]: TRAIN epoch: 10 loss: 0.1690, grad_norm: 0.2323860377073288, lr: 0.000976, time: 0.10s
[INFO]: TRAIN epoch: 10 loss: 0.3788, grad_norm: 0.39086541533470154, lr: 0.000976, time: 0.10s
[INFO]: TRAIN epoch: 10 loss: 0.3377, grad_norm: 0.2951184809207916, lr: 0.000976, time: 0.10s
[INFO]: TRAIN epoch: 10 loss: 0.3992, grad_norm: 0.3505200743675232, lr: 0.000976, time: 0.10s
[INFO]: TRAIN epoch: 10 loss: 0.3373, grad_norm: 0.3694875240325928, lr: 0.000976, time: 0.10s
[INFO]: TRAIN epoch: 10 loss: 0.3716, grad_norm: 0.4261321723461151, lr: 0.000976, time: 0.10s
[INFO]: TRAIN epoch: 10 loss: 0.0549, grad_norm: 0.1651366800069809, lr: 0.000976, time: 0.10s
[INFO]: TRAIN epoch: 10 loss: 0.5119, grad_norm: 0.3587115705013275, lr: 0.000976, time: 0.11s
[INFO]: TRAIN epoch: 10 loss: 0.3344, grad_norm: 0.35196244716644287, lr: 0.000976, time: 0.10s
[INFO]: TRAIN epoch: 10 loss: 0.2264, grad_norm: 0.2720247507095337, lr: 0.000976, time: 0.10s
[INFO]: TRAIN epoch: 10 loss: 0.1469, grad_norm: 0.3312589228153229, lr: 0.000976, time: 0.10s
[INFO]: TRAIN epoch: 10 loss: 0.2064, grad_norm: 0.3385232090950012, lr: 0.000976, time: 0.10s
[INFO]: TRAIN epoch: 10 loss: 0.0768, grad_norm: 0.18476207554340363, lr: 0.000976, time: 0.10s
[INFO]: TRAIN epoch: 10 loss: 0.2966, grad_norm: 0.34860122203826904, lr: 0.000976, time: 0.11s
[INFO]: TRAIN epoch: 10 loss: 0.0526, grad_norm: 0.16661310195922852, lr: 0.000976, time: 0.11s
[INFO]: TRAIN epoch: 10 loss: 0.3680, grad_norm: 0.3344784379005432, lr: 0.000976, time: 0.10s
[INFO]: TRAIN epoch: 10 loss: 0.0607, grad_norm: 0.1528376191854477, lr: 0.000976, time: 0.10s
[INFO]: TRAIN epoch: 10 loss: 0.5365, grad_norm: 0.36448973417282104, lr: 0.000976, time: 0.10s
[INFO]: TRAIN epoch: 10 loss: 0.1218, grad_norm: 0.3152340054512024, lr: 0.000976, time: 0.10s
[INFO]: TRAIN epoch: 10 loss: 0.4661, grad_norm: 0.5760787129402161, lr: 0.000976, time: 0.10s
[INFO]: TRAIN epoch: 10 loss: 0.1902, grad_norm: 0.36621662974357605, lr: 0.000976, time: 0.10s
[INFO]: TRAIN epoch: 10 loss: 0.0978, grad_norm: 0.15909329056739807, lr: 0.000976, time: 0.10s
[INFO]: TRAIN epoch: 10 loss: 0.1387, grad_norm: 0.38728538155555725, lr: 0.000976, time: 0.10s
[INFO]: TRAIN epoch: 10 loss: 0.1079, grad_norm: 0.23008379340171814, lr: 0.000976, time: 0.10s
[INFO]: TRAIN epoch: 10 loss: 0.1982, grad_norm: 0.2590175271034241, lr: 0.000976, time: 0.10s
[INFO]: TRAIN epoch: 10 loss: 0.0776, grad_norm: 0.17739717662334442, lr: 0.000976, time: 0.10s
[INFO]: TRAIN epoch: 10 loss: 0.0797, grad_norm: 0.2487352341413498, lr: 0.000976, time: 0.10s
[INFO]: TRAIN epoch: 10 loss: 0.3633, grad_norm: 0.4862514138221741, lr: 0.000976, time: 0.11s
[INFO]: TRAIN epoch: 10 loss: 0.4891, grad_norm: 0.3177834451198578, lr: 0.000976, time: 0.10s
[INFO]: TRAIN epoch: 10 loss: 0.1884, grad_norm: 0.40353822708129883, lr: 0.000976, time: 0.11s
[INFO]: TRAIN epoch: 10 loss: 0.6478, grad_norm: 0.4176155626773834, lr: 0.000976, time: 0.11s
[INFO]: TRAIN epoch: 10 loss: 0.2648, grad_norm: 0.39549165964126587, lr: 0.000976, time: 0.10s
[INFO]: TRAIN epoch: 10 loss: 0.1847, grad_norm: 0.3671709895133972, lr: 0.000976, time: 0.10s
[INFO]: TRAIN epoch: 10 loss: 0.4526, grad_norm: 0.38292181491851807, lr: 0.000976, time: 0.10s
[INFO]: TRAIN epoch: 10 loss: 0.1993, grad_norm: 0.3036138415336609, lr: 0.000976, time: 0.10s
[INFO]: TRAIN epoch: 10 loss: 0.4585, grad_norm: 0.36008843779563904, lr: 0.000976, time: 0.10s
[INFO]: TRAIN epoch: 10 loss: 0.1981, grad_norm: 0.3304840326309204, lr: 0.000976, time: 0.11s
[INFO]: TRAIN epoch: 10 loss: 0.3025, grad_norm: 0.335679829120636, lr: 0.000976, time: 0.10s
[INFO]: TRAIN epoch: 10 loss: 0.3132, grad_norm: 0.40458789467811584, lr: 0.000976, time: 0.10s
[INFO]: TRAIN epoch: 10 loss: 0.0634, grad_norm: 0.1630311906337738, lr: 0.000976, time: 0.10s
[INFO]: TRAIN epoch: 10 loss: 0.2336, grad_norm: 0.34634634852409363, lr: 0.000976, time: 0.11s
[INFO]: TRAIN epoch: 10 loss: 0.3694, grad_norm: 0.3850266635417938, lr: 0.000976, time: 0.10s
[INFO]: TRAIN epoch: 10 loss: 0.2927, grad_norm: 0.32268235087394714, lr: 0.000976, time: 0.10s
[INFO]: TRAIN epoch: 10 loss: 0.1041, grad_norm: 0.20217330753803253, lr: 0.000976, time: 0.10s
[INFO]: TRAIN epoch: 10 loss: 0.1083, grad_norm: 0.19781121611595154, lr: 0.000976, time: 0.10s
[INFO]: TRAIN epoch: 10 loss: 0.0922, grad_norm: 0.2754397988319397, lr: 0.000976, time: 0.10s
[INFO]: TRAIN epoch: 10 loss: 0.3183, grad_norm: 0.3598981201648712, lr: 0.000976, time: 0.10s
[INFO]: TRAIN epoch: 10 loss: 0.0746, grad_norm: 0.1960272192955017, lr: 0.000976, time: 0.10s
[INFO]: TRAIN epoch: 10 loss: 0.7921, grad_norm: 0.42193353176116943, lr: 0.000976, time: 0.10s
[INFO]: TRAIN epoch: 10 loss: 0.1743, grad_norm: 0.27165305614471436, lr: 0.000976, time: 0.11s
[INFO]: TRAIN epoch: 10 loss: 0.3958, grad_norm: 0.41560590267181396, lr: 0.000976, time: 0.10s
[INFO]: TRAIN epoch: 10 loss: 0.0535, grad_norm: 0.14605028927326202, lr: 0.000976, time: 0.10s
[INFO]: TRAIN epoch: 10 loss: 0.4995, grad_norm: 0.3945630192756653, lr: 0.000976, time: 0.10s
[INFO]: TRAIN epoch: 10 loss: 0.4418, grad_norm: 0.37691277265548706, lr: 0.000976, time: 0.11s
[INFO]: TRAIN epoch: 10 loss: 0.0586, grad_norm: 0.14320820569992065, lr: 0.000976, time: 0.10s
[INFO]: TRAIN epoch: 10 loss: 0.0557, grad_norm: 0.17007651925086975, lr: 0.000976, time: 0.10s
[INFO]: TRAIN epoch: 10 loss: 0.0522, grad_norm: 0.12118201702833176, lr: 0.000976, time: 0.11s
[INFO]: TRAIN epoch: 10 loss: 0.2701, grad_norm: 0.37950438261032104, lr: 0.000976, time: 0.11s
[INFO]: TRAIN epoch: 10 loss: 0.1348, grad_norm: 0.27080756425857544, lr: 0.000976, time: 0.10s
[INFO]: TRAIN epoch: 10 loss: 0.2415, grad_norm: 0.2902821898460388, lr: 0.000976, time: 0.11s
[INFO]: TRAIN epoch: 10 loss: 0.3035, grad_norm: 0.30936750769615173, lr: 0.000976, time: 0.10s
[INFO]: TRAIN epoch: 10 loss: 0.3533, grad_norm: 0.309970498085022, lr: 0.000976, time: 0.10s
[INFO]: TRAIN epoch: 10 loss: 0.3038, grad_norm: 0.40024858713150024, lr: 0.000976, time: 0.10s
[INFO]: TRAIN epoch: 10 loss: 0.2798, grad_norm: 0.43239977955818176, lr: 0.000976, time: 0.10s
[INFO]: TRAIN epoch: 10 loss: 0.1423, grad_norm: 0.25418826937675476, lr: 0.000976, time: 0.11s
[INFO]: TRAIN epoch: 10 loss: 0.1346, grad_norm: 0.2363625466823578, lr: 0.000976, time: 0.10s
[INFO]: TRAIN epoch: 10 loss: 0.0799, grad_norm: 0.2627314329147339, lr: 0.000976, time: 0.10s
[INFO]: TRAIN epoch: 10 loss: 0.2447, grad_norm: 0.3369711637496948, lr: 0.000976, time: 0.10s
[INFO]: TRAIN epoch: 10 loss: 0.3017, grad_norm: 0.3316352665424347, lr: 0.000976, time: 0.10s
[INFO]: TRAIN epoch: 10 loss: 0.0400, grad_norm: 0.13887633383274078, lr: 0.000976, time: 0.10s
[INFO]: TRAIN epoch summary: 10 loss: 0.2630
[INFO]: VALIDATION epoch: 10 loss: 0.2980
[INFO]: TRAIN epoch: 11 loss: 0.1844, grad_norm: 0.2397061437368393, lr: 0.000970, time: 0.12s
[INFO]: TRAIN epoch: 11 loss: 0.3588, grad_norm: 0.31276193261146545, lr: 0.000970, time: 0.10s
[INFO]: TRAIN epoch: 11 loss: 0.0757, grad_norm: 0.21264030039310455, lr: 0.000970, time: 0.10s
[INFO]: TRAIN epoch: 11 loss: 0.6323, grad_norm: 0.44799813628196716, lr: 0.000970, time: 0.10s
[INFO]: TRAIN epoch: 11 loss: 0.2886, grad_norm: 0.4682774841785431, lr: 0.000970, time: 0.10s
[INFO]: TRAIN epoch: 11 loss: 0.1068, grad_norm: 0.23089028894901276, lr: 0.000970, time: 0.11s
[INFO]: TRAIN epoch: 11 loss: 0.3598, grad_norm: 0.3789993226528168, lr: 0.000970, time: 0.11s
[INFO]: TRAIN epoch: 11 loss: 0.0889, grad_norm: 0.20033866167068481, lr: 0.000970, time: 0.10s
[INFO]: TRAIN epoch: 11 loss: 0.1182, grad_norm: 0.316723495721817, lr: 0.000970, time: 0.10s
[INFO]: TRAIN epoch: 11 loss: 0.2515, grad_norm: 0.3255102336406708, lr: 0.000970, time: 0.11s
[INFO]: TRAIN epoch: 11 loss: 0.2141, grad_norm: 0.41711190342903137, lr: 0.000970, time: 0.11s
[INFO]: TRAIN epoch: 11 loss: 0.0550, grad_norm: 0.1856091320514679, lr: 0.000970, time: 0.10s
[INFO]: TRAIN epoch: 11 loss: 0.2817, grad_norm: 0.4392944276332855, lr: 0.000970, time: 0.11s
[INFO]: TRAIN epoch: 11 loss: 0.2064, grad_norm: 0.21192114055156708, lr: 0.000970, time: 0.10s
[INFO]: TRAIN epoch: 11 loss: 0.1567, grad_norm: 0.3312334716320038, lr: 0.000970, time: 0.11s
[INFO]: TRAIN epoch: 11 loss: 0.3161, grad_norm: 0.3371783196926117, lr: 0.000970, time: 0.11s
[INFO]: TRAIN epoch: 11 loss: 0.0639, grad_norm: 0.18664900958538055, lr: 0.000970, time: 0.10s
[INFO]: TRAIN epoch: 11 loss: 0.1582, grad_norm: 0.2839210331439972, lr: 0.000970, time: 0.10s
[INFO]: TRAIN epoch: 11 loss: 0.2353, grad_norm: 0.42866092920303345, lr: 0.000970, time: 0.11s
[INFO]: TRAIN epoch: 11 loss: 0.0805, grad_norm: 0.32549864053726196, lr: 0.000970, time: 0.10s
[INFO]: TRAIN epoch: 11 loss: 0.5365, grad_norm: 0.458688884973526, lr: 0.000970, time: 0.11s
[INFO]: TRAIN epoch: 11 loss: 0.1031, grad_norm: 0.2901321351528168, lr: 0.000970, time: 0.10s
[INFO]: TRAIN epoch: 11 loss: 0.2963, grad_norm: 0.2958652973175049, lr: 0.000970, time: 0.10s
[INFO]: TRAIN epoch: 11 loss: 0.2120, grad_norm: 0.3457323908805847, lr: 0.000970, time: 0.10s
[INFO]: TRAIN epoch: 11 loss: 0.2837, grad_norm: 0.3560750484466553, lr: 0.000970, time: 0.11s
[INFO]: TRAIN epoch: 11 loss: 0.5043, grad_norm: 0.4551297724246979, lr: 0.000970, time: 0.11s
[INFO]: TRAIN epoch: 11 loss: 0.1978, grad_norm: 0.3321007490158081, lr: 0.000970, time: 0.10s
[INFO]: TRAIN epoch: 11 loss: 0.1635, grad_norm: 0.2998209595680237, lr: 0.000970, time: 0.11s
[INFO]: TRAIN epoch: 11 loss: 0.1710, grad_norm: 0.3094019293785095, lr: 0.000970, time: 0.11s
[INFO]: TRAIN epoch: 11 loss: 0.0640, grad_norm: 0.22011715173721313, lr: 0.000970, time: 0.10s
[INFO]: TRAIN epoch: 11 loss: 0.1073, grad_norm: 0.2061033993959427, lr: 0.000970, time: 0.11s
[INFO]: TRAIN epoch: 11 loss: 0.2049, grad_norm: 0.29027193784713745, lr: 0.000970, time: 0.10s
[INFO]: TRAIN epoch: 11 loss: 0.3738, grad_norm: 0.500546932220459, lr: 0.000970, time: 0.10s
[INFO]: TRAIN epoch: 11 loss: 0.3378, grad_norm: 0.39178529381752014, lr: 0.000970, time: 0.10s
[INFO]: TRAIN epoch: 11 loss: 0.0799, grad_norm: 0.218907430768013, lr: 0.000970, time: 0.10s
[INFO]: TRAIN epoch: 11 loss: 0.3310, grad_norm: 0.31753045320510864, lr: 0.000970, time: 0.10s
[INFO]: TRAIN epoch: 11 loss: 0.0883, grad_norm: 0.21845725178718567, lr: 0.000970, time: 0.10s
[INFO]: TRAIN epoch: 11 loss: 0.3738, grad_norm: 0.3201134502887726, lr: 0.000970, time: 0.11s
[INFO]: TRAIN epoch: 11 loss: 0.1614, grad_norm: 0.25772911310195923, lr: 0.000970, time: 0.10s
[INFO]: TRAIN epoch: 11 loss: 0.3209, grad_norm: 0.45310819149017334, lr: 0.000970, time: 0.10s
[INFO]: TRAIN epoch: 11 loss: 0.0488, grad_norm: 0.16435562074184418, lr: 0.000970, time: 0.10s
[INFO]: TRAIN epoch: 11 loss: 0.1247, grad_norm: 0.2564467787742615, lr: 0.000970, time: 0.10s
[INFO]: TRAIN epoch: 11 loss: 0.3040, grad_norm: 0.26447513699531555, lr: 0.000970, time: 0.10s
[INFO]: TRAIN epoch: 11 loss: 0.2537, grad_norm: 0.2764727771282196, lr: 0.000970, time: 0.10s
[INFO]: TRAIN epoch: 11 loss: 0.3523, grad_norm: 0.37780117988586426, lr: 0.000970, time: 0.10s
[INFO]: TRAIN epoch: 11 loss: 0.1136, grad_norm: 0.33744755387306213, lr: 0.000970, time: 0.10s
[INFO]: TRAIN epoch: 11 loss: 0.1386, grad_norm: 0.25481975078582764, lr: 0.000970, time: 0.11s
[INFO]: TRAIN epoch: 11 loss: 0.1048, grad_norm: 0.24560019373893738, lr: 0.000970, time: 0.11s
[INFO]: TRAIN epoch: 11 loss: 0.1060, grad_norm: 0.2766408920288086, lr: 0.000970, time: 0.10s
[INFO]: TRAIN epoch: 11 loss: 0.3708, grad_norm: 0.3176303505897522, lr: 0.000970, time: 0.10s
[INFO]: TRAIN epoch: 11 loss: 0.1962, grad_norm: 0.37994375824928284, lr: 0.000970, time: 0.11s
[INFO]: TRAIN epoch: 11 loss: 0.1288, grad_norm: 0.3488710820674896, lr: 0.000970, time: 0.10s
[INFO]: TRAIN epoch: 11 loss: 0.0803, grad_norm: 0.17195795476436615, lr: 0.000970, time: 0.10s
[INFO]: TRAIN epoch: 11 loss: 0.3423, grad_norm: 0.35984283685684204, lr: 0.000970, time: 0.10s
[INFO]: TRAIN epoch: 11 loss: 0.2307, grad_norm: 0.45004355907440186, lr: 0.000970, time: 0.11s
[INFO]: TRAIN epoch: 11 loss: 0.2186, grad_norm: 0.30394697189331055, lr: 0.000970, time: 0.10s
[INFO]: TRAIN epoch: 11 loss: 0.0893, grad_norm: 0.23399676382541656, lr: 0.000970, time: 0.10s
[INFO]: TRAIN epoch: 11 loss: 0.2746, grad_norm: 0.3869207501411438, lr: 0.000970, time: 0.10s
[INFO]: TRAIN epoch: 11 loss: 0.4665, grad_norm: 0.3784826695919037, lr: 0.000970, time: 0.10s
[INFO]: TRAIN epoch: 11 loss: 0.3734, grad_norm: 0.4085081219673157, lr: 0.000970, time: 0.11s
[INFO]: TRAIN epoch: 11 loss: 0.3352, grad_norm: 0.4832664430141449, lr: 0.000970, time: 0.10s
[INFO]: TRAIN epoch: 11 loss: 0.3560, grad_norm: 0.4832027852535248, lr: 0.000970, time: 0.11s
[INFO]: TRAIN epoch: 11 loss: 0.1181, grad_norm: 0.3305082619190216, lr: 0.000970, time: 0.10s
[INFO]: TRAIN epoch: 11 loss: 0.7549, grad_norm: 0.5603348612785339, lr: 0.000970, time: 0.10s
[INFO]: TRAIN epoch: 11 loss: 0.2114, grad_norm: 0.305650532245636, lr: 0.000970, time: 0.10s
[INFO]: TRAIN epoch: 11 loss: 0.1595, grad_norm: 0.33196160197257996, lr: 0.000970, time: 0.10s
[INFO]: TRAIN epoch: 11 loss: 0.5732, grad_norm: 0.4319765567779541, lr: 0.000970, time: 0.11s
[INFO]: TRAIN epoch: 11 loss: 0.2676, grad_norm: 0.3953164517879486, lr: 0.000970, time: 0.10s
[INFO]: TRAIN epoch: 11 loss: 0.2765, grad_norm: 0.486532598733902, lr: 0.000970, time: 0.10s
[INFO]: TRAIN epoch: 11 loss: 0.3142, grad_norm: 0.41573140025138855, lr: 0.000970, time: 0.10s
[INFO]: TRAIN epoch: 11 loss: 0.2243, grad_norm: 0.374498575925827, lr: 0.000970, time: 0.10s
[INFO]: TRAIN epoch: 11 loss: 0.2687, grad_norm: 0.308395117521286, lr: 0.000970, time: 0.11s
[INFO]: TRAIN epoch: 11 loss: 0.3577, grad_norm: 0.36806878447532654, lr: 0.000970, time: 0.11s
[INFO]: TRAIN epoch: 11 loss: 0.0999, grad_norm: 0.17688392102718353, lr: 0.000970, time: 0.10s
[INFO]: TRAIN epoch: 11 loss: 0.0900, grad_norm: 0.23819290101528168, lr: 0.000970, time: 0.10s
[INFO]: TRAIN epoch: 11 loss: 0.1263, grad_norm: 0.26190316677093506, lr: 0.000970, time: 0.11s
[INFO]: TRAIN epoch: 11 loss: 0.1057, grad_norm: 0.24156086146831512, lr: 0.000970, time: 0.11s
[INFO]: TRAIN epoch: 11 loss: 0.2620, grad_norm: 0.35161614418029785, lr: 0.000970, time: 0.10s
[INFO]: TRAIN epoch: 11 loss: 0.2873, grad_norm: 0.47075459361076355, lr: 0.000970, time: 0.10s
[INFO]: TRAIN epoch: 11 loss: 0.3141, grad_norm: 0.3496212661266327, lr: 0.000970, time: 0.10s
[INFO]: TRAIN epoch: 11 loss: 0.0691, grad_norm: 0.17889319360256195, lr: 0.000970, time: 0.10s
[INFO]: TRAIN epoch: 11 loss: 0.2691, grad_norm: 0.39413586258888245, lr: 0.000970, time: 0.10s
[INFO]: TRAIN epoch: 11 loss: 0.5970, grad_norm: 0.45041918754577637, lr: 0.000970, time: 0.11s
[INFO]: TRAIN epoch: 11 loss: 0.3582, grad_norm: 0.36126261949539185, lr: 0.000970, time: 0.10s
[INFO]: TRAIN epoch: 11 loss: 0.2596, grad_norm: 0.4004106819629669, lr: 0.000970, time: 0.10s
[INFO]: TRAIN epoch: 11 loss: 0.0709, grad_norm: 0.2012709379196167, lr: 0.000970, time: 0.10s
[INFO]: TRAIN epoch: 11 loss: 0.1916, grad_norm: 0.387408047914505, lr: 0.000970, time: 0.10s
[INFO]: TRAIN epoch: 11 loss: 0.0488, grad_norm: 0.12783488631248474, lr: 0.000970, time: 0.10s
[INFO]: TRAIN epoch: 11 loss: 0.3795, grad_norm: 0.31799623370170593, lr: 0.000970, time: 0.10s
[INFO]: TRAIN epoch: 11 loss: 0.2995, grad_norm: 0.3453443944454193, lr: 0.000970, time: 0.11s
[INFO]: TRAIN epoch: 11 loss: 0.0605, grad_norm: 0.18578656017780304, lr: 0.000970, time: 0.10s
[INFO]: TRAIN epoch: 11 loss: 0.0759, grad_norm: 0.16144631803035736, lr: 0.000970, time: 0.11s
[INFO]: TRAIN epoch: 11 loss: 0.3051, grad_norm: 0.3907030522823334, lr: 0.000970, time: 0.11s
[INFO]: TRAIN epoch: 11 loss: 0.3061, grad_norm: 0.37495994567871094, lr: 0.000970, time: 0.11s
[INFO]: TRAIN epoch: 11 loss: 0.0853, grad_norm: 0.18318168818950653, lr: 0.000970, time: 0.10s
[INFO]: TRAIN epoch: 11 loss: 0.1574, grad_norm: 0.23375044763088226, lr: 0.000970, time: 0.10s
[INFO]: TRAIN epoch: 11 loss: 0.0444, grad_norm: 0.15953609347343445, lr: 0.000970, time: 0.10s
[INFO]: TRAIN epoch: 11 loss: 0.4147, grad_norm: 0.679256021976471, lr: 0.000970, time: 0.10s
[INFO]: TRAIN epoch: 11 loss: 0.2345, grad_norm: 0.2874634861946106, lr: 0.000970, time: 0.10s
[INFO]: TRAIN epoch: 11 loss: 0.3458, grad_norm: 0.3650148808956146, lr: 0.000970, time: 0.10s
[INFO]: TRAIN epoch: 11 loss: 0.0667, grad_norm: 0.2106645703315735, lr: 0.000970, time: 0.11s
[INFO]: TRAIN epoch: 11 loss: 0.0420, grad_norm: 0.13487957417964935, lr: 0.000970, time: 0.10s
[INFO]: TRAIN epoch: 11 loss: 0.1340, grad_norm: 0.29159703850746155, lr: 0.000970, time: 0.10s
[INFO]: TRAIN epoch: 11 loss: 0.2597, grad_norm: 0.3570517301559448, lr: 0.000970, time: 0.10s
[INFO]: TRAIN epoch: 11 loss: 0.1367, grad_norm: 0.3628281354904175, lr: 0.000970, time: 0.10s
[INFO]: TRAIN epoch: 11 loss: 0.2145, grad_norm: 0.363560289144516, lr: 0.000970, time: 0.11s
[INFO]: TRAIN epoch: 11 loss: 0.3339, grad_norm: 0.3798013925552368, lr: 0.000970, time: 0.10s
[INFO]: TRAIN epoch: 11 loss: 0.1208, grad_norm: 0.18559883534908295, lr: 0.000970, time: 0.11s
[INFO]: TRAIN epoch: 11 loss: 0.1446, grad_norm: 0.3377104103565216, lr: 0.000970, time: 0.10s
[INFO]: TRAIN epoch: 11 loss: 0.1068, grad_norm: 0.27235278487205505, lr: 0.000970, time: 0.11s
[INFO]: TRAIN epoch: 11 loss: 0.4381, grad_norm: 0.36174526810646057, lr: 0.000970, time: 0.10s
[INFO]: TRAIN epoch: 11 loss: 0.3149, grad_norm: 0.37871110439300537, lr: 0.000970, time: 0.10s
[INFO]: TRAIN epoch: 11 loss: 0.0641, grad_norm: 0.1719588041305542, lr: 0.000970, time: 0.11s
[INFO]: TRAIN epoch: 11 loss: 0.3391, grad_norm: 0.439503014087677, lr: 0.000970, time: 0.10s
[INFO]: TRAIN epoch: 11 loss: 0.0869, grad_norm: 0.17775370180606842, lr: 0.000970, time: 0.11s
[INFO]: TRAIN epoch: 11 loss: 0.1745, grad_norm: 0.3543694317340851, lr: 0.000970, time: 0.10s
[INFO]: TRAIN epoch: 11 loss: 0.3546, grad_norm: 0.5310890674591064, lr: 0.000970, time: 0.10s
[INFO]: TRAIN epoch: 11 loss: 0.1509, grad_norm: 0.281354159116745, lr: 0.000970, time: 0.10s
[INFO]: TRAIN epoch: 11 loss: 0.3311, grad_norm: 0.3925149738788605, lr: 0.000970, time: 0.10s
[INFO]: TRAIN epoch: 11 loss: 0.3212, grad_norm: 0.46579450368881226, lr: 0.000970, time: 0.10s
[INFO]: TRAIN epoch: 11 loss: 0.2440, grad_norm: 0.3107406795024872, lr: 0.000970, time: 0.11s
[INFO]: TRAIN epoch: 11 loss: 0.2381, grad_norm: 0.5207909345626831, lr: 0.000970, time: 0.10s
[INFO]: TRAIN epoch: 11 loss: 0.2320, grad_norm: 0.4165428578853607, lr: 0.000970, time: 0.10s
[INFO]: TRAIN epoch: 11 loss: 0.2567, grad_norm: 0.3455869257450104, lr: 0.000970, time: 0.11s
[INFO]: TRAIN epoch: 11 loss: 0.2062, grad_norm: 0.31247439980506897, lr: 0.000970, time: 0.10s
[INFO]: TRAIN epoch: 11 loss: 0.4277, grad_norm: 0.38846495747566223, lr: 0.000970, time: 0.10s
[INFO]: TRAIN epoch: 11 loss: 0.2251, grad_norm: 0.25808602571487427, lr: 0.000970, time: 0.10s
[INFO]: TRAIN epoch: 11 loss: 0.2643, grad_norm: 0.42869216203689575, lr: 0.000970, time: 0.10s
[INFO]: TRAIN epoch: 11 loss: 0.1435, grad_norm: 0.3231661915779114, lr: 0.000970, time: 0.11s
[INFO]: TRAIN epoch: 11 loss: 0.1952, grad_norm: 0.4135313332080841, lr: 0.000970, time: 0.10s
[INFO]: TRAIN epoch: 11 loss: 0.2843, grad_norm: 0.34900909662246704, lr: 0.000970, time: 0.10s
[INFO]: TRAIN epoch: 11 loss: 0.0881, grad_norm: 0.19120220839977264, lr: 0.000970, time: 0.10s
[INFO]: TRAIN epoch: 11 loss: 0.0732, grad_norm: 0.26328328251838684, lr: 0.000970, time: 0.10s
[INFO]: TRAIN epoch: 11 loss: 0.1080, grad_norm: 0.25999537110328674, lr: 0.000970, time: 0.10s
[INFO]: TRAIN epoch: 11 loss: 0.3011, grad_norm: 0.5835383534431458, lr: 0.000970, time: 0.10s
[INFO]: TRAIN epoch: 11 loss: 0.1820, grad_norm: 0.4174253046512604, lr: 0.000970, time: 0.11s
[INFO]: TRAIN epoch: 11 loss: 0.2268, grad_norm: 0.33349981904029846, lr: 0.000970, time: 0.11s
[INFO]: TRAIN epoch: 11 loss: 0.1933, grad_norm: 0.3902781903743744, lr: 0.000970, time: 0.10s
[INFO]: TRAIN epoch: 11 loss: 0.0904, grad_norm: 0.18438392877578735, lr: 0.000970, time: 0.10s
[INFO]: TRAIN epoch: 11 loss: 0.3957, grad_norm: 0.5306820869445801, lr: 0.000970, time: 0.11s
[INFO]: TRAIN epoch: 11 loss: 0.1347, grad_norm: 0.4831775724887848, lr: 0.000970, time: 0.10s
[INFO]: TRAIN epoch: 11 loss: 0.2903, grad_norm: 0.4435567557811737, lr: 0.000970, time: 0.10s
[INFO]: TRAIN epoch: 11 loss: 0.2184, grad_norm: 0.3290018141269684, lr: 0.000970, time: 0.10s
[INFO]: TRAIN epoch: 11 loss: 0.2367, grad_norm: 0.4798283278942108, lr: 0.000970, time: 0.11s
[INFO]: TRAIN epoch: 11 loss: 0.4458, grad_norm: 0.38153624534606934, lr: 0.000970, time: 0.11s
[INFO]: TRAIN epoch: 11 loss: 0.2840, grad_norm: 0.3341285288333893, lr: 0.000970, time: 0.10s
[INFO]: TRAIN epoch: 11 loss: 0.1660, grad_norm: 0.32678115367889404, lr: 0.000970, time: 0.11s
[INFO]: TRAIN epoch: 11 loss: 0.2515, grad_norm: 0.3279865086078644, lr: 0.000970, time: 0.10s
[INFO]: TRAIN epoch: 11 loss: 0.3243, grad_norm: 0.3698985278606415, lr: 0.000970, time: 0.10s
[INFO]: TRAIN epoch: 11 loss: 0.1012, grad_norm: 0.24175003170967102, lr: 0.000970, time: 0.10s
[INFO]: TRAIN epoch: 11 loss: 0.1566, grad_norm: 0.3170751929283142, lr: 0.000970, time: 0.11s
[INFO]: TRAIN epoch: 11 loss: 0.4847, grad_norm: 0.5127805471420288, lr: 0.000970, time: 0.10s
[INFO]: TRAIN epoch: 11 loss: 0.0950, grad_norm: 0.23739352822303772, lr: 0.000970, time: 0.10s
[INFO]: TRAIN epoch: 11 loss: 0.0901, grad_norm: 0.2282208949327469, lr: 0.000970, time: 0.11s
[INFO]: TRAIN epoch: 11 loss: 0.1558, grad_norm: 0.2600700557231903, lr: 0.000970, time: 0.10s
[INFO]: TRAIN epoch: 11 loss: 0.3895, grad_norm: 0.409610390663147, lr: 0.000970, time: 0.11s
[INFO]: TRAIN epoch: 11 loss: 0.2963, grad_norm: 0.3127020597457886, lr: 0.000970, time: 0.10s
[INFO]: TRAIN epoch: 11 loss: 0.3870, grad_norm: 0.39077022671699524, lr: 0.000970, time: 0.11s
[INFO]: TRAIN epoch: 11 loss: 0.2318, grad_norm: 0.3931460380554199, lr: 0.000970, time: 0.10s
[INFO]: TRAIN epoch: 11 loss: 0.1190, grad_norm: 0.2650541663169861, lr: 0.000970, time: 0.10s
[INFO]: TRAIN epoch: 11 loss: 0.3411, grad_norm: 0.4353070557117462, lr: 0.000970, time: 0.10s
[INFO]: TRAIN epoch: 11 loss: 0.3614, grad_norm: 0.40714049339294434, lr: 0.000970, time: 0.10s
[INFO]: TRAIN epoch: 11 loss: 0.2837, grad_norm: 0.25982317328453064, lr: 0.000970, time: 0.11s
[INFO]: TRAIN epoch: 11 loss: 0.2306, grad_norm: 0.3174528181552887, lr: 0.000970, time: 0.11s
[INFO]: TRAIN epoch: 11 loss: 0.0623, grad_norm: 0.2038838118314743, lr: 0.000970, time: 0.10s
[INFO]: TRAIN epoch: 11 loss: 0.3239, grad_norm: 0.3650026321411133, lr: 0.000970, time: 0.10s
[INFO]: TRAIN epoch: 11 loss: 0.0945, grad_norm: 0.2812506854534149, lr: 0.000970, time: 0.10s
[INFO]: TRAIN epoch: 11 loss: 0.4160, grad_norm: 0.361323744058609, lr: 0.000970, time: 0.10s
[INFO]: TRAIN epoch: 11 loss: 0.3249, grad_norm: 0.3807676136493683, lr: 0.000970, time: 0.10s
[INFO]: TRAIN epoch: 11 loss: 0.2778, grad_norm: 0.4148308336734772, lr: 0.000970, time: 0.10s
[INFO]: TRAIN epoch: 11 loss: 0.1017, grad_norm: 0.2323155254125595, lr: 0.000970, time: 0.10s
[INFO]: TRAIN epoch: 11 loss: 0.1806, grad_norm: 0.2962115705013275, lr: 0.000970, time: 0.10s
[INFO]: TRAIN epoch: 11 loss: 0.2530, grad_norm: 0.3215464949607849, lr: 0.000970, time: 0.11s
[INFO]: TRAIN epoch: 11 loss: 0.1586, grad_norm: 0.26894673705101013, lr: 0.000970, time: 0.10s
[INFO]: TRAIN epoch: 11 loss: 0.1316, grad_norm: 0.2048407346010208, lr: 0.000970, time: 0.11s
[INFO]: TRAIN epoch: 11 loss: 0.0350, grad_norm: 0.11956463754177094, lr: 0.000970, time: 0.10s
[INFO]: TRAIN epoch: 11 loss: 0.3761, grad_norm: 0.41663116216659546, lr: 0.000970, time: 0.10s
[INFO]: TRAIN epoch: 11 loss: 0.0745, grad_norm: 0.19697560369968414, lr: 0.000970, time: 0.10s
[INFO]: TRAIN epoch: 11 loss: 0.1023, grad_norm: 0.22289113700389862, lr: 0.000970, time: 0.10s
[INFO]: TRAIN epoch: 11 loss: 0.3858, grad_norm: 0.434832900762558, lr: 0.000970, time: 0.11s
[INFO]: TRAIN epoch: 11 loss: 0.0713, grad_norm: 0.18729272484779358, lr: 0.000970, time: 0.10s
[INFO]: TRAIN epoch: 11 loss: 0.3046, grad_norm: 0.40002408623695374, lr: 0.000970, time: 0.10s
[INFO]: TRAIN epoch: 11 loss: 0.0620, grad_norm: 0.1562066376209259, lr: 0.000970, time: 0.10s
[INFO]: TRAIN epoch: 11 loss: 0.0773, grad_norm: 0.1843899041414261, lr: 0.000970, time: 0.10s
[INFO]: TRAIN epoch: 11 loss: 0.0991, grad_norm: 0.2766081690788269, lr: 0.000970, time: 0.10s
[INFO]: TRAIN epoch: 11 loss: 0.3363, grad_norm: 0.5100820660591125, lr: 0.000970, time: 0.10s
[INFO]: TRAIN epoch: 11 loss: 0.2924, grad_norm: 0.4371336102485657, lr: 0.000970, time: 0.11s
[INFO]: TRAIN epoch: 11 loss: 0.2674, grad_norm: 0.27651533484458923, lr: 0.000970, time: 0.10s
[INFO]: TRAIN epoch: 11 loss: 0.0997, grad_norm: 0.266153484582901, lr: 0.000970, time: 0.10s
[INFO]: TRAIN epoch: 11 loss: 0.1854, grad_norm: 0.42052868008613586, lr: 0.000970, time: 0.10s
[INFO]: TRAIN epoch: 11 loss: 0.4207, grad_norm: 0.3671010434627533, lr: 0.000970, time: 0.10s
[INFO]: TRAIN epoch: 11 loss: 0.2175, grad_norm: 0.33628368377685547, lr: 0.000970, time: 0.11s
[INFO]: TRAIN epoch: 11 loss: 0.2193, grad_norm: 0.4228093922138214, lr: 0.000970, time: 0.11s
[INFO]: TRAIN epoch: 11 loss: 0.5686, grad_norm: 0.5808302760124207, lr: 0.000970, time: 0.11s
[INFO]: TRAIN epoch: 11 loss: 0.1171, grad_norm: 0.3644852042198181, lr: 0.000970, time: 0.10s
[INFO]: TRAIN epoch: 11 loss: 0.0955, grad_norm: 0.30601635575294495, lr: 0.000970, time: 0.10s
[INFO]: TRAIN epoch: 11 loss: 0.4904, grad_norm: 0.3542352020740509, lr: 0.000970, time: 0.11s
[INFO]: TRAIN epoch: 11 loss: 0.2599, grad_norm: 0.3141719698905945, lr: 0.000970, time: 0.10s
[INFO]: TRAIN epoch: 11 loss: 0.0689, grad_norm: 0.18753591179847717, lr: 0.000970, time: 0.10s
[INFO]: TRAIN epoch: 11 loss: 0.1378, grad_norm: 0.29405397176742554, lr: 0.000970, time: 0.10s
[INFO]: TRAIN epoch: 11 loss: 0.3654, grad_norm: 0.404140442609787, lr: 0.000970, time: 0.10s
[INFO]: TRAIN epoch: 11 loss: 0.0632, grad_norm: 0.1521579921245575, lr: 0.000970, time: 0.10s
[INFO]: TRAIN epoch: 11 loss: 0.0526, grad_norm: 0.14512592554092407, lr: 0.000970, time: 0.11s
[INFO]: TRAIN epoch: 11 loss: 0.1318, grad_norm: 0.26750022172927856, lr: 0.000970, time: 0.11s
[INFO]: TRAIN epoch: 11 loss: 0.3069, grad_norm: 0.38371145725250244, lr: 0.000970, time: 0.10s
[INFO]: TRAIN epoch: 11 loss: 0.6302, grad_norm: 0.49407511949539185, lr: 0.000970, time: 0.11s
[INFO]: TRAIN epoch: 11 loss: 0.0410, grad_norm: 0.13721634447574615, lr: 0.000970, time: 0.10s
[INFO]: TRAIN epoch: 11 loss: 0.3214, grad_norm: 0.3577706217765808, lr: 0.000970, time: 0.10s
[INFO]: TRAIN epoch: 11 loss: 0.2324, grad_norm: 0.4174695611000061, lr: 0.000970, time: 0.10s
[INFO]: TRAIN epoch: 11 loss: 0.2515, grad_norm: 0.4810316562652588, lr: 0.000970, time: 0.10s
[INFO]: TRAIN epoch: 11 loss: 0.3094, grad_norm: 0.3155370354652405, lr: 0.000970, time: 0.10s
[INFO]: TRAIN epoch: 11 loss: 0.4214, grad_norm: 0.3642940819263458, lr: 0.000970, time: 0.11s
[INFO]: TRAIN epoch: 11 loss: 0.6788, grad_norm: 0.3556251525878906, lr: 0.000970, time: 0.11s
[INFO]: TRAIN epoch: 11 loss: 0.0788, grad_norm: 0.2149205058813095, lr: 0.000970, time: 0.10s
[INFO]: TRAIN epoch: 11 loss: 0.2550, grad_norm: 0.37273862957954407, lr: 0.000970, time: 0.11s
[INFO]: TRAIN epoch: 11 loss: 0.3349, grad_norm: 0.3162967562675476, lr: 0.000970, time: 0.11s
[INFO]: TRAIN epoch: 11 loss: 0.3306, grad_norm: 0.40260428190231323, lr: 0.000970, time: 0.10s
[INFO]: TRAIN epoch: 11 loss: 0.1050, grad_norm: 0.23756860196590424, lr: 0.000970, time: 0.10s
[INFO]: TRAIN epoch: 11 loss: 0.3183, grad_norm: 0.39203137159347534, lr: 0.000970, time: 0.11s
[INFO]: TRAIN epoch: 11 loss: 0.4414, grad_norm: 0.3699609041213989, lr: 0.000970, time: 0.11s
[INFO]: TRAIN epoch: 11 loss: 0.5407, grad_norm: 0.3383367359638214, lr: 0.000970, time: 0.11s
[INFO]: TRAIN epoch: 11 loss: 0.0463, grad_norm: 0.16532528400421143, lr: 0.000970, time: 0.10s
[INFO]: TRAIN epoch: 11 loss: 0.1345, grad_norm: 0.2550690770149231, lr: 0.000970, time: 0.10s
[INFO]: TRAIN epoch: 11 loss: 0.1927, grad_norm: 0.36289969086647034, lr: 0.000970, time: 0.11s
[INFO]: TRAIN epoch: 11 loss: 0.4585, grad_norm: 0.33980026841163635, lr: 0.000970, time: 0.11s
[INFO]: TRAIN epoch: 11 loss: 0.1799, grad_norm: 0.3113090693950653, lr: 0.000970, time: 0.11s
[INFO]: TRAIN epoch: 11 loss: 0.3010, grad_norm: 0.3748120665550232, lr: 0.000970, time: 0.10s
[INFO]: TRAIN epoch: 11 loss: 0.0578, grad_norm: 0.18887005746364594, lr: 0.000970, time: 0.10s
[INFO]: TRAIN epoch: 11 loss: 0.4417, grad_norm: 0.39294588565826416, lr: 0.000970, time: 0.10s
[INFO]: TRAIN epoch: 11 loss: 0.3693, grad_norm: 0.31170347332954407, lr: 0.000970, time: 0.10s
[INFO]: TRAIN epoch: 11 loss: 0.1616, grad_norm: 0.2574029564857483, lr: 0.000970, time: 0.10s
[INFO]: TRAIN epoch: 11 loss: 0.1413, grad_norm: 0.32067471742630005, lr: 0.000970, time: 0.11s
[INFO]: TRAIN epoch: 11 loss: 0.2547, grad_norm: 0.3643137514591217, lr: 0.000970, time: 0.10s
[INFO]: TRAIN epoch: 11 loss: 0.3155, grad_norm: 0.35218456387519836, lr: 0.000970, time: 0.10s
[INFO]: TRAIN epoch: 11 loss: 0.5760, grad_norm: 0.3629533648490906, lr: 0.000970, time: 0.10s
[INFO]: TRAIN epoch: 11 loss: 0.6085, grad_norm: 0.3938019871711731, lr: 0.000970, time: 0.11s
[INFO]: TRAIN epoch: 11 loss: 0.0914, grad_norm: 0.27015742659568787, lr: 0.000970, time: 0.10s
[INFO]: TRAIN epoch: 11 loss: 0.1179, grad_norm: 0.27495408058166504, lr: 0.000970, time: 0.10s
[INFO]: TRAIN epoch: 11 loss: 0.4300, grad_norm: 0.488695353269577, lr: 0.000970, time: 0.11s
[INFO]: TRAIN epoch: 11 loss: 0.4677, grad_norm: 0.47379767894744873, lr: 0.000970, time: 0.11s
[INFO]: TRAIN epoch: 11 loss: 0.3131, grad_norm: 0.36498111486434937, lr: 0.000970, time: 0.11s
[INFO]: TRAIN epoch: 11 loss: 0.3065, grad_norm: 0.36906179785728455, lr: 0.000970, time: 0.11s
[INFO]: TRAIN epoch: 11 loss: 0.2973, grad_norm: 0.40154406428337097, lr: 0.000970, time: 0.10s
[INFO]: TRAIN epoch: 11 loss: 0.2544, grad_norm: 0.40498095750808716, lr: 0.000970, time: 0.10s
[INFO]: TRAIN epoch: 11 loss: 0.0900, grad_norm: 0.22127355635166168, lr: 0.000970, time: 0.10s
[INFO]: TRAIN epoch: 11 loss: 0.1129, grad_norm: 0.2991587519645691, lr: 0.000970, time: 0.10s
[INFO]: TRAIN epoch: 11 loss: 0.0480, grad_norm: 0.17360253632068634, lr: 0.000970, time: 0.10s
[INFO]: TRAIN epoch: 11 loss: 0.3309, grad_norm: 0.38862478733062744, lr: 0.000970, time: 0.10s
[INFO]: TRAIN epoch: 11 loss: 0.0752, grad_norm: 0.2024337649345398, lr: 0.000970, time: 0.10s
[INFO]: TRAIN epoch: 11 loss: 0.1221, grad_norm: 0.18565258383750916, lr: 0.000970, time: 0.11s
[INFO]: TRAIN epoch: 11 loss: 0.0862, grad_norm: 0.21582643687725067, lr: 0.000970, time: 0.10s
[INFO]: TRAIN epoch: 11 loss: 0.1102, grad_norm: 0.2878507673740387, lr: 0.000970, time: 0.10s
[INFO]: TRAIN epoch: 11 loss: 0.0809, grad_norm: 0.20249439775943756, lr: 0.000970, time: 0.11s
[INFO]: TRAIN epoch: 11 loss: 0.2854, grad_norm: 0.33259639143943787, lr: 0.000970, time: 0.10s
[INFO]: TRAIN epoch: 11 loss: 0.3230, grad_norm: 0.41747114062309265, lr: 0.000970, time: 0.10s
[INFO]: TRAIN epoch: 11 loss: 0.5217, grad_norm: 0.45731493830680847, lr: 0.000970, time: 0.11s
[INFO]: TRAIN epoch: 11 loss: 0.5163, grad_norm: 0.38047757744789124, lr: 0.000970, time: 0.11s
[INFO]: TRAIN epoch: 11 loss: 0.1034, grad_norm: 0.22412170469760895, lr: 0.000970, time: 0.11s
[INFO]: TRAIN epoch: 11 loss: 0.1685, grad_norm: 0.36321690678596497, lr: 0.000970, time: 0.11s
[INFO]: TRAIN epoch: 11 loss: 0.1407, grad_norm: 0.22869844734668732, lr: 0.000970, time: 0.10s
[INFO]: TRAIN epoch: 11 loss: 0.0965, grad_norm: 0.26111429929733276, lr: 0.000970, time: 0.10s
[INFO]: TRAIN epoch: 11 loss: 0.3378, grad_norm: 0.35144731402397156, lr: 0.000970, time: 0.10s
[INFO]: TRAIN epoch: 11 loss: 0.0795, grad_norm: 0.22073353826999664, lr: 0.000970, time: 0.10s
[INFO]: TRAIN epoch: 11 loss: 0.3793, grad_norm: 0.3289148807525635, lr: 0.000970, time: 0.10s
[INFO]: TRAIN epoch: 11 loss: 0.2386, grad_norm: 0.3160706162452698, lr: 0.000970, time: 0.10s
[INFO]: TRAIN epoch: 11 loss: 0.0632, grad_norm: 0.1600179672241211, lr: 0.000970, time: 0.11s
[INFO]: TRAIN epoch: 11 loss: 0.2686, grad_norm: 0.3092872202396393, lr: 0.000970, time: 0.10s
[INFO]: TRAIN epoch: 11 loss: 0.1329, grad_norm: 0.2536899149417877, lr: 0.000970, time: 0.10s
[INFO]: TRAIN epoch: 11 loss: 0.3687, grad_norm: 0.2904451787471771, lr: 0.000970, time: 0.11s
[INFO]: TRAIN epoch: 11 loss: 0.1440, grad_norm: 0.2964757978916168, lr: 0.000970, time: 0.11s
[INFO]: TRAIN epoch: 11 loss: 0.4008, grad_norm: 0.3436015844345093, lr: 0.000970, time: 0.10s
[INFO]: TRAIN epoch: 11 loss: 0.1411, grad_norm: 0.2406032234430313, lr: 0.000970, time: 0.10s
[INFO]: TRAIN epoch: 11 loss: 0.2825, grad_norm: 0.24058513343334198, lr: 0.000970, time: 0.10s
[INFO]: TRAIN epoch: 11 loss: 0.1627, grad_norm: 0.26331210136413574, lr: 0.000970, time: 0.10s
[INFO]: TRAIN epoch: 11 loss: 0.3325, grad_norm: 0.2721599340438843, lr: 0.000970, time: 0.11s
[INFO]: TRAIN epoch: 11 loss: 0.3836, grad_norm: 0.3064824938774109, lr: 0.000970, time: 0.10s
[INFO]: TRAIN epoch: 11 loss: 0.3215, grad_norm: 0.4128631055355072, lr: 0.000970, time: 0.10s
[INFO]: TRAIN epoch: 11 loss: 0.3110, grad_norm: 0.3093275725841522, lr: 0.000970, time: 0.10s
[INFO]: TRAIN epoch: 11 loss: 0.3264, grad_norm: 0.36984434723854065, lr: 0.000970, time: 0.10s
[INFO]: TRAIN epoch: 11 loss: 0.3830, grad_norm: 0.3466207981109619, lr: 0.000970, time: 0.10s
[INFO]: TRAIN epoch: 11 loss: 0.2775, grad_norm: 0.2726534903049469, lr: 0.000970, time: 0.10s
[INFO]: TRAIN epoch: 11 loss: 0.4068, grad_norm: 0.5373646020889282, lr: 0.000970, time: 0.10s
[INFO]: TRAIN epoch: 11 loss: 0.2174, grad_norm: 0.31719839572906494, lr: 0.000970, time: 0.10s
[INFO]: TRAIN epoch: 11 loss: 0.2544, grad_norm: 0.3212600648403168, lr: 0.000970, time: 0.10s
[INFO]: TRAIN epoch: 11 loss: 0.2243, grad_norm: 0.28326597809791565, lr: 0.000970, time: 0.10s
[INFO]: TRAIN epoch: 11 loss: 0.4272, grad_norm: 0.41265690326690674, lr: 0.000970, time: 0.10s
[INFO]: TRAIN epoch: 11 loss: 0.2482, grad_norm: 0.38559481501579285, lr: 0.000970, time: 0.10s
[INFO]: TRAIN epoch: 11 loss: 0.0632, grad_norm: 0.1923692524433136, lr: 0.000970, time: 0.10s
[INFO]: TRAIN epoch: 11 loss: 0.0655, grad_norm: 0.16530291736125946, lr: 0.000970, time: 0.10s
[INFO]: TRAIN epoch: 11 loss: 0.1359, grad_norm: 0.2621614336967468, lr: 0.000970, time: 0.10s
[INFO]: TRAIN epoch: 11 loss: 0.6530, grad_norm: 0.4918621778488159, lr: 0.000970, time: 0.10s
[INFO]: TRAIN epoch: 11 loss: 0.5645, grad_norm: 0.38869717717170715, lr: 0.000970, time: 0.10s
[INFO]: TRAIN epoch: 11 loss: 0.0567, grad_norm: 0.16332918405532837, lr: 0.000970, time: 0.10s
[INFO]: TRAIN epoch: 11 loss: 0.4839, grad_norm: 0.44227591156959534, lr: 0.000970, time: 0.10s
[INFO]: TRAIN epoch: 11 loss: 0.3225, grad_norm: 0.3916376531124115, lr: 0.000970, time: 0.10s
[INFO]: TRAIN epoch: 11 loss: 0.3989, grad_norm: 0.3899954855442047, lr: 0.000970, time: 0.10s
[INFO]: TRAIN epoch: 11 loss: 0.1643, grad_norm: 0.3425704538822174, lr: 0.000970, time: 0.10s
[INFO]: TRAIN epoch: 11 loss: 0.1777, grad_norm: 0.32184311747550964, lr: 0.000970, time: 0.10s
[INFO]: TRAIN epoch: 11 loss: 0.2427, grad_norm: 0.3601568937301636, lr: 0.000970, time: 0.10s
[INFO]: TRAIN epoch: 11 loss: 0.2984, grad_norm: 0.3948584794998169, lr: 0.000970, time: 0.10s
[INFO]: TRAIN epoch: 11 loss: 0.2703, grad_norm: 0.3498382866382599, lr: 0.000970, time: 0.10s
[INFO]: TRAIN epoch: 11 loss: 0.1759, grad_norm: 0.33699434995651245, lr: 0.000970, time: 0.10s
[INFO]: TRAIN epoch: 11 loss: 0.2451, grad_norm: 0.4191719889640808, lr: 0.000970, time: 0.10s
[INFO]: TRAIN epoch: 11 loss: 0.2753, grad_norm: 0.36418288946151733, lr: 0.000970, time: 0.10s
[INFO]: TRAIN epoch: 11 loss: 0.3309, grad_norm: 0.380550742149353, lr: 0.000970, time: 0.10s
[INFO]: TRAIN epoch: 11 loss: 0.3271, grad_norm: 0.3591228425502777, lr: 0.000970, time: 0.10s
[INFO]: TRAIN epoch: 11 loss: 0.4796, grad_norm: 0.4995962083339691, lr: 0.000970, time: 0.10s
[INFO]: TRAIN epoch: 11 loss: 0.3367, grad_norm: 0.32886672019958496, lr: 0.000970, time: 0.10s
[INFO]: TRAIN epoch: 11 loss: 0.3916, grad_norm: 0.3679196536540985, lr: 0.000970, time: 0.10s
[INFO]: TRAIN epoch: 11 loss: 0.3027, grad_norm: 0.4234004616737366, lr: 0.000970, time: 0.10s
[INFO]: TRAIN epoch: 11 loss: 0.4622, grad_norm: 0.3837435841560364, lr: 0.000970, time: 0.10s
[INFO]: TRAIN epoch: 11 loss: 0.0755, grad_norm: 0.21801307797431946, lr: 0.000970, time: 0.10s
[INFO]: TRAIN epoch: 11 loss: 0.2952, grad_norm: 0.3675227463245392, lr: 0.000970, time: 0.10s
[INFO]: TRAIN epoch: 11 loss: 0.2339, grad_norm: 0.4884958267211914, lr: 0.000970, time: 0.10s
[INFO]: TRAIN epoch: 11 loss: 0.1082, grad_norm: 0.35693085193634033, lr: 0.000970, time: 0.10s
[INFO]: TRAIN epoch: 11 loss: 0.1483, grad_norm: 0.3399050831794739, lr: 0.000970, time: 0.10s
[INFO]: TRAIN epoch: 11 loss: 0.0690, grad_norm: 0.1922726333141327, lr: 0.000970, time: 0.10s
[INFO]: TRAIN epoch: 11 loss: 0.4013, grad_norm: 0.5204760432243347, lr: 0.000970, time: 0.10s
[INFO]: TRAIN epoch: 11 loss: 0.1752, grad_norm: 0.37231388688087463, lr: 0.000970, time: 0.10s
[INFO]: TRAIN epoch: 11 loss: 0.5265, grad_norm: 0.37719765305519104, lr: 0.000970, time: 0.10s
[INFO]: TRAIN epoch: 11 loss: 0.1808, grad_norm: 0.34862980246543884, lr: 0.000970, time: 0.10s
[INFO]: TRAIN epoch: 11 loss: 0.1659, grad_norm: 0.32904988527297974, lr: 0.000970, time: 0.10s
[INFO]: TRAIN epoch: 11 loss: 0.3414, grad_norm: 0.3555561900138855, lr: 0.000970, time: 0.10s
[INFO]: TRAIN epoch: 11 loss: 0.4102, grad_norm: 0.3886449635028839, lr: 0.000970, time: 0.10s
[INFO]: TRAIN epoch: 11 loss: 0.3278, grad_norm: 0.3842346966266632, lr: 0.000970, time: 0.10s
[INFO]: TRAIN epoch: 11 loss: 0.3961, grad_norm: 0.46544405817985535, lr: 0.000970, time: 0.10s
[INFO]: TRAIN epoch: 11 loss: 0.1173, grad_norm: 0.25537753105163574, lr: 0.000970, time: 0.10s
[INFO]: TRAIN epoch: 11 loss: 0.0937, grad_norm: 0.25454288721084595, lr: 0.000970, time: 0.10s
[INFO]: TRAIN epoch: 11 loss: 0.0650, grad_norm: 0.15557175874710083, lr: 0.000970, time: 0.10s
[INFO]: TRAIN epoch: 11 loss: 0.1733, grad_norm: 0.3022180199623108, lr: 0.000970, time: 0.10s
[INFO]: TRAIN epoch: 11 loss: 0.1085, grad_norm: 0.29986345767974854, lr: 0.000970, time: 0.10s
[INFO]: TRAIN epoch: 11 loss: 0.7366, grad_norm: 0.4625195562839508, lr: 0.000970, time: 0.10s
[INFO]: TRAIN epoch: 11 loss: 0.5579, grad_norm: 0.5209769010543823, lr: 0.000970, time: 0.10s
[INFO]: TRAIN epoch: 11 loss: 0.4247, grad_norm: 0.4077974557876587, lr: 0.000970, time: 0.10s
[INFO]: TRAIN epoch: 11 loss: 0.1509, grad_norm: 0.28872016072273254, lr: 0.000970, time: 0.10s
[INFO]: TRAIN epoch: 11 loss: 0.3255, grad_norm: 0.35422807931900024, lr: 0.000970, time: 0.10s
[INFO]: TRAIN epoch: 11 loss: 0.1852, grad_norm: 0.38149547576904297, lr: 0.000970, time: 0.10s
[INFO]: TRAIN epoch: 11 loss: 0.7198, grad_norm: 0.4597899615764618, lr: 0.000970, time: 0.10s
[INFO]: TRAIN epoch: 11 loss: 0.4861, grad_norm: 0.4225972294807434, lr: 0.000970, time: 0.10s
[INFO]: TRAIN epoch: 11 loss: 0.0622, grad_norm: 0.16182364523410797, lr: 0.000970, time: 0.10s
[INFO]: TRAIN epoch: 11 loss: 0.1365, grad_norm: 0.24273505806922913, lr: 0.000970, time: 0.10s
[INFO]: TRAIN epoch: 11 loss: 0.5246, grad_norm: 0.39171016216278076, lr: 0.000970, time: 0.10s
[INFO]: TRAIN epoch: 11 loss: 0.2610, grad_norm: 0.3696448802947998, lr: 0.000970, time: 0.10s
[INFO]: TRAIN epoch: 11 loss: 0.2105, grad_norm: 0.2972702383995056, lr: 0.000970, time: 0.10s
[INFO]: TRAIN epoch: 11 loss: 0.3320, grad_norm: 0.4081338942050934, lr: 0.000970, time: 0.10s
[INFO]: TRAIN epoch: 11 loss: 0.1031, grad_norm: 0.26404786109924316, lr: 0.000970, time: 0.10s
[INFO]: TRAIN epoch: 11 loss: 0.3461, grad_norm: 0.33928996324539185, lr: 0.000970, time: 0.10s
[INFO]: TRAIN epoch: 11 loss: 0.0440, grad_norm: 0.12611541152000427, lr: 0.000970, time: 0.10s
[INFO]: TRAIN epoch: 11 loss: 0.3654, grad_norm: 0.457512766122818, lr: 0.000970, time: 0.10s
[INFO]: TRAIN epoch: 11 loss: 0.3804, grad_norm: 0.43620970845222473, lr: 0.000970, time: 0.10s
[INFO]: TRAIN epoch: 11 loss: 0.1665, grad_norm: 0.22851261496543884, lr: 0.000970, time: 0.10s
[INFO]: TRAIN epoch: 11 loss: 0.1155, grad_norm: 0.20542959868907928, lr: 0.000970, time: 0.10s
[INFO]: TRAIN epoch: 11 loss: 0.3133, grad_norm: 0.37736383080482483, lr: 0.000970, time: 0.10s
[INFO]: TRAIN epoch: 11 loss: 0.1883, grad_norm: 0.40125271677970886, lr: 0.000970, time: 0.10s
[INFO]: TRAIN epoch: 11 loss: 0.4578, grad_norm: 0.31304556131362915, lr: 0.000970, time: 0.10s
[INFO]: TRAIN epoch: 11 loss: 0.0834, grad_norm: 0.20661744475364685, lr: 0.000970, time: 0.10s
[INFO]: TRAIN epoch: 11 loss: 0.2918, grad_norm: 0.31048256158828735, lr: 0.000970, time: 0.10s
[INFO]: TRAIN epoch: 11 loss: 0.1198, grad_norm: 0.23877668380737305, lr: 0.000970, time: 0.10s
[INFO]: TRAIN epoch: 11 loss: 0.0679, grad_norm: 0.21631336212158203, lr: 0.000970, time: 0.10s
[INFO]: TRAIN epoch: 11 loss: 0.3448, grad_norm: 0.35269975662231445, lr: 0.000970, time: 0.10s
[INFO]: TRAIN epoch: 11 loss: 0.1594, grad_norm: 0.2843983471393585, lr: 0.000970, time: 0.10s
[INFO]: TRAIN epoch: 11 loss: 0.0617, grad_norm: 0.1744084656238556, lr: 0.000970, time: 0.10s
[INFO]: TRAIN epoch: 11 loss: 0.3401, grad_norm: 0.42278721928596497, lr: 0.000970, time: 0.10s
[INFO]: TRAIN epoch: 11 loss: 0.4293, grad_norm: 0.41335442662239075, lr: 0.000970, time: 0.10s
[INFO]: TRAIN epoch: 11 loss: 0.3177, grad_norm: 0.33797886967658997, lr: 0.000970, time: 0.10s
[INFO]: TRAIN epoch: 11 loss: 0.2773, grad_norm: 0.5671468377113342, lr: 0.000970, time: 0.10s
[INFO]: TRAIN epoch: 11 loss: 0.3502, grad_norm: 0.3543485999107361, lr: 0.000970, time: 0.10s
[INFO]: TRAIN epoch: 11 loss: 0.0603, grad_norm: 0.1916481852531433, lr: 0.000970, time: 0.10s
[INFO]: TRAIN epoch: 11 loss: 0.0836, grad_norm: 0.20843623578548431, lr: 0.000970, time: 0.10s
[INFO]: TRAIN epoch: 11 loss: 0.1493, grad_norm: 0.29256781935691833, lr: 0.000970, time: 0.10s
[INFO]: TRAIN epoch: 11 loss: 0.0855, grad_norm: 0.29683831334114075, lr: 0.000970, time: 0.10s
[INFO]: TRAIN epoch: 11 loss: 0.2369, grad_norm: 0.2632904648780823, lr: 0.000970, time: 0.10s
[INFO]: TRAIN epoch: 11 loss: 0.0731, grad_norm: 0.2143615186214447, lr: 0.000970, time: 0.10s
[INFO]: TRAIN epoch: 11 loss: 0.4153, grad_norm: 0.3937896192073822, lr: 0.000970, time: 0.10s
[INFO]: TRAIN epoch: 11 loss: 0.1689, grad_norm: 0.4107714891433716, lr: 0.000970, time: 0.10s
[INFO]: TRAIN epoch: 11 loss: 0.4175, grad_norm: 0.43589767813682556, lr: 0.000970, time: 0.10s
[INFO]: TRAIN epoch: 11 loss: 0.2047, grad_norm: 0.4286072552204132, lr: 0.000970, time: 0.10s
[INFO]: TRAIN epoch: 11 loss: 0.2915, grad_norm: 0.41348353028297424, lr: 0.000970, time: 0.10s
[INFO]: TRAIN epoch: 11 loss: 0.0961, grad_norm: 0.389950156211853, lr: 0.000970, time: 0.10s
[INFO]: TRAIN epoch: 11 loss: 0.3335, grad_norm: 0.4528953731060028, lr: 0.000970, time: 0.10s
[INFO]: TRAIN epoch: 11 loss: 0.1017, grad_norm: 0.21862053871154785, lr: 0.000970, time: 0.10s
[INFO]: TRAIN epoch: 11 loss: 0.2009, grad_norm: 0.30889976024627686, lr: 0.000970, time: 0.10s
[INFO]: TRAIN epoch: 11 loss: 0.4186, grad_norm: 0.41506505012512207, lr: 0.000970, time: 0.10s
[INFO]: TRAIN epoch: 11 loss: 0.2483, grad_norm: 0.2878524363040924, lr: 0.000970, time: 0.10s
[INFO]: TRAIN epoch: 11 loss: 0.0838, grad_norm: 0.17274877429008484, lr: 0.000970, time: 0.10s
[INFO]: TRAIN epoch: 11 loss: 0.2106, grad_norm: 0.2864896357059479, lr: 0.000970, time: 0.10s
[INFO]: TRAIN epoch: 11 loss: 0.2302, grad_norm: 0.27815213799476624, lr: 0.000970, time: 0.10s
[INFO]: TRAIN epoch: 11 loss: 0.1867, grad_norm: 0.30753079056739807, lr: 0.000970, time: 0.10s
[INFO]: TRAIN epoch: 11 loss: 0.1111, grad_norm: 0.25705447793006897, lr: 0.000970, time: 0.10s
[INFO]: TRAIN epoch: 11 loss: 0.1674, grad_norm: 0.2613661587238312, lr: 0.000970, time: 0.10s
[INFO]: TRAIN epoch: 11 loss: 0.1069, grad_norm: 0.2784574627876282, lr: 0.000970, time: 0.10s
[INFO]: TRAIN epoch: 11 loss: 0.2138, grad_norm: 0.3060886263847351, lr: 0.000970, time: 0.10s
[INFO]: TRAIN epoch: 11 loss: 0.1462, grad_norm: 0.4389331638813019, lr: 0.000970, time: 0.10s
[INFO]: TRAIN epoch: 11 loss: 0.0931, grad_norm: 0.2581929564476013, lr: 0.000970, time: 0.10s
[INFO]: TRAIN epoch: 11 loss: 0.1141, grad_norm: 0.24987727403640747, lr: 0.000970, time: 0.10s
[INFO]: TRAIN epoch: 11 loss: 0.2053, grad_norm: 0.44922569394111633, lr: 0.000970, time: 0.10s
[INFO]: TRAIN epoch: 11 loss: 0.1829, grad_norm: 0.35592350363731384, lr: 0.000970, time: 0.10s
[INFO]: TRAIN epoch: 11 loss: 0.3501, grad_norm: 0.42408791184425354, lr: 0.000970, time: 0.10s
[INFO]: TRAIN epoch: 11 loss: 0.4546, grad_norm: 0.42102929949760437, lr: 0.000970, time: 0.10s
[INFO]: TRAIN epoch: 11 loss: 0.1125, grad_norm: 0.26572951674461365, lr: 0.000970, time: 0.10s
[INFO]: TRAIN epoch: 11 loss: 0.2676, grad_norm: 0.42353159189224243, lr: 0.000970, time: 0.10s
[INFO]: TRAIN epoch: 11 loss: 0.2792, grad_norm: 0.3932296633720398, lr: 0.000970, time: 0.10s
[INFO]: TRAIN epoch: 11 loss: 0.1264, grad_norm: 0.3102128207683563, lr: 0.000970, time: 0.10s
[INFO]: TRAIN epoch: 11 loss: 0.2234, grad_norm: 0.31072530150413513, lr: 0.000970, time: 0.10s
[INFO]: TRAIN epoch: 11 loss: 0.0933, grad_norm: 0.29574134945869446, lr: 0.000970, time: 0.10s
[INFO]: TRAIN epoch: 11 loss: 0.3058, grad_norm: 0.4105985760688782, lr: 0.000970, time: 0.10s
[INFO]: TRAIN epoch: 11 loss: 0.3131, grad_norm: 0.38288071751594543, lr: 0.000970, time: 0.10s
[INFO]: TRAIN epoch: 11 loss: 0.3280, grad_norm: 0.4122631549835205, lr: 0.000970, time: 0.10s
[INFO]: TRAIN epoch: 11 loss: 0.1829, grad_norm: 0.3478564918041229, lr: 0.000970, time: 0.10s
[INFO]: TRAIN epoch: 11 loss: 0.6295, grad_norm: 0.3605385720729828, lr: 0.000970, time: 0.10s
[INFO]: TRAIN epoch: 11 loss: 0.2328, grad_norm: 0.4316757023334503, lr: 0.000970, time: 0.10s
[INFO]: TRAIN epoch: 11 loss: 0.1867, grad_norm: 0.3248709738254547, lr: 0.000970, time: 0.10s
[INFO]: TRAIN epoch: 11 loss: 0.3375, grad_norm: 0.5813039541244507, lr: 0.000970, time: 0.10s
[INFO]: TRAIN epoch: 11 loss: 0.0821, grad_norm: 0.21049073338508606, lr: 0.000970, time: 0.10s
[INFO]: TRAIN epoch: 11 loss: 0.1707, grad_norm: 0.33551716804504395, lr: 0.000970, time: 0.11s
[INFO]: TRAIN epoch: 11 loss: 0.1069, grad_norm: 0.248979389667511, lr: 0.000970, time: 0.10s
[INFO]: TRAIN epoch: 11 loss: 0.5965, grad_norm: 0.4018760919570923, lr: 0.000970, time: 0.10s
[INFO]: TRAIN epoch: 11 loss: 0.5626, grad_norm: 0.5280990600585938, lr: 0.000970, time: 0.10s
[INFO]: TRAIN epoch: 11 loss: 0.2417, grad_norm: 0.4332989752292633, lr: 0.000970, time: 0.10s
[INFO]: TRAIN epoch: 11 loss: 0.0989, grad_norm: 0.24720484018325806, lr: 0.000970, time: 0.10s
[INFO]: TRAIN epoch: 11 loss: 0.4529, grad_norm: 0.4212622046470642, lr: 0.000970, time: 0.11s
[INFO]: TRAIN epoch: 11 loss: 0.1617, grad_norm: 0.2188495695590973, lr: 0.000970, time: 0.10s
[INFO]: TRAIN epoch: 11 loss: 0.0721, grad_norm: 0.2082366794347763, lr: 0.000970, time: 0.10s
[INFO]: TRAIN epoch: 11 loss: 0.2543, grad_norm: 0.3163256347179413, lr: 0.000970, time: 0.10s
[INFO]: TRAIN epoch: 11 loss: 0.0860, grad_norm: 0.2120218127965927, lr: 0.000970, time: 0.10s
[INFO]: TRAIN epoch: 11 loss: 0.2282, grad_norm: 0.3247230350971222, lr: 0.000970, time: 0.11s
[INFO]: TRAIN epoch: 11 loss: 0.2787, grad_norm: 0.39611050486564636, lr: 0.000970, time: 0.10s
[INFO]: TRAIN epoch: 11 loss: 0.2821, grad_norm: 0.36174193024635315, lr: 0.000970, time: 0.10s
[INFO]: TRAIN epoch: 11 loss: 0.3028, grad_norm: 0.4346717894077301, lr: 0.000970, time: 0.11s
[INFO]: TRAIN epoch: 11 loss: 0.0858, grad_norm: 0.19040359556674957, lr: 0.000970, time: 0.10s
[INFO]: TRAIN epoch: 11 loss: 0.3076, grad_norm: 0.3252870738506317, lr: 0.000970, time: 0.10s
[INFO]: TRAIN epoch: 11 loss: 0.4530, grad_norm: 0.5180720090866089, lr: 0.000970, time: 0.10s
[INFO]: TRAIN epoch: 11 loss: 0.0928, grad_norm: 0.24317386746406555, lr: 0.000970, time: 0.11s
[INFO]: TRAIN epoch: 11 loss: 0.3682, grad_norm: 0.46239417791366577, lr: 0.000970, time: 0.10s
[INFO]: TRAIN epoch: 11 loss: 0.3009, grad_norm: 0.2698131501674652, lr: 0.000970, time: 0.10s
[INFO]: TRAIN epoch: 11 loss: 0.3216, grad_norm: 0.2924358546733856, lr: 0.000970, time: 0.10s
[INFO]: TRAIN epoch: 11 loss: 0.5434, grad_norm: 0.292046457529068, lr: 0.000970, time: 0.10s
[INFO]: TRAIN epoch: 11 loss: 0.5681, grad_norm: 0.3959278166294098, lr: 0.000970, time: 0.11s
[INFO]: TRAIN epoch: 11 loss: 0.1865, grad_norm: 0.38399815559387207, lr: 0.000970, time: 0.10s
[INFO]: TRAIN epoch: 11 loss: 0.2186, grad_norm: 0.25490349531173706, lr: 0.000970, time: 0.10s
[INFO]: TRAIN epoch: 11 loss: 0.2818, grad_norm: 0.40888625383377075, lr: 0.000970, time: 0.10s
[INFO]: TRAIN epoch: 11 loss: 0.2079, grad_norm: 0.28391948342323303, lr: 0.000970, time: 0.10s
[INFO]: TRAIN epoch: 11 loss: 0.0890, grad_norm: 0.28347623348236084, lr: 0.000970, time: 0.10s
[INFO]: TRAIN epoch: 11 loss: 0.2355, grad_norm: 0.3054946959018707, lr: 0.000970, time: 0.11s
[INFO]: TRAIN epoch: 11 loss: 0.2864, grad_norm: 0.3925838768482208, lr: 0.000970, time: 0.10s
[INFO]: TRAIN epoch: 11 loss: 0.2485, grad_norm: 0.3073331117630005, lr: 0.000970, time: 0.10s
[INFO]: TRAIN epoch: 11 loss: 0.0684, grad_norm: 0.22240741550922394, lr: 0.000970, time: 0.10s
[INFO]: TRAIN epoch: 11 loss: 0.2927, grad_norm: 0.3231861889362335, lr: 0.000970, time: 0.10s
[INFO]: TRAIN epoch: 11 loss: 0.1816, grad_norm: 0.33672213554382324, lr: 0.000970, time: 0.11s
[INFO]: TRAIN epoch: 11 loss: 0.4165, grad_norm: 0.2853599488735199, lr: 0.000970, time: 0.10s
[INFO]: TRAIN epoch summary: 11 loss: 0.2461
[INFO]: VALIDATION epoch: 11 loss: 0.2925
[INFO]: TRAIN epoch: 12 loss: 0.3209, grad_norm: 0.29334670305252075, lr: 0.000965, time: 0.12s
[INFO]: TRAIN epoch: 12 loss: 0.0503, grad_norm: 0.13634371757507324, lr: 0.000965, time: 0.10s
[INFO]: TRAIN epoch: 12 loss: 0.2374, grad_norm: 0.2891606092453003, lr: 0.000965, time: 0.10s
[INFO]: TRAIN epoch: 12 loss: 0.1360, grad_norm: 0.2741891145706177, lr: 0.000965, time: 0.10s
[INFO]: TRAIN epoch: 12 loss: 0.2159, grad_norm: 0.2627728283405304, lr: 0.000965, time: 0.11s
[INFO]: TRAIN epoch: 12 loss: 0.0956, grad_norm: 0.21659712493419647, lr: 0.000965, time: 0.11s
[INFO]: TRAIN epoch: 12 loss: 0.3474, grad_norm: 0.3270935118198395, lr: 0.000965, time: 0.10s
[INFO]: TRAIN epoch: 12 loss: 0.2841, grad_norm: 0.3698323369026184, lr: 0.000965, time: 0.10s
[INFO]: TRAIN epoch: 12 loss: 0.1046, grad_norm: 0.29768720269203186, lr: 0.000965, time: 0.10s
[INFO]: TRAIN epoch: 12 loss: 0.0964, grad_norm: 0.20730018615722656, lr: 0.000965, time: 0.10s
[INFO]: TRAIN epoch: 12 loss: 0.0963, grad_norm: 0.2546330690383911, lr: 0.000965, time: 0.10s
[INFO]: TRAIN epoch: 12 loss: 0.5090, grad_norm: 0.4150513708591461, lr: 0.000965, time: 0.11s
[INFO]: TRAIN epoch: 12 loss: 0.2310, grad_norm: 0.4290860891342163, lr: 0.000965, time: 0.10s
[INFO]: TRAIN epoch: 12 loss: 0.2378, grad_norm: 0.22541843354701996, lr: 0.000965, time: 0.11s
[INFO]: TRAIN epoch: 12 loss: 0.1118, grad_norm: 0.19107267260551453, lr: 0.000965, time: 0.11s
[INFO]: TRAIN epoch: 12 loss: 0.1237, grad_norm: 0.2570534646511078, lr: 0.000965, time: 0.10s
[INFO]: TRAIN epoch: 12 loss: 0.2351, grad_norm: 0.3088015019893646, lr: 0.000965, time: 0.10s
[INFO]: TRAIN epoch: 12 loss: 0.3244, grad_norm: 0.5545571446418762, lr: 0.000965, time: 0.10s
[INFO]: TRAIN epoch: 12 loss: 0.1556, grad_norm: 0.36505037546157837, lr: 0.000965, time: 0.11s
[INFO]: TRAIN epoch: 12 loss: 0.2750, grad_norm: 0.30392777919769287, lr: 0.000965, time: 0.11s
[INFO]: TRAIN epoch: 12 loss: 0.4563, grad_norm: 0.40022990107536316, lr: 0.000965, time: 0.11s
[INFO]: TRAIN epoch: 12 loss: 0.0429, grad_norm: 0.14951102435588837, lr: 0.000965, time: 0.10s
[INFO]: TRAIN epoch: 12 loss: 0.3066, grad_norm: 0.40024465322494507, lr: 0.000965, time: 0.11s
[INFO]: TRAIN epoch: 12 loss: 0.2043, grad_norm: 0.32479676604270935, lr: 0.000965, time: 0.10s
[INFO]: TRAIN epoch: 12 loss: 0.2560, grad_norm: 0.40666401386260986, lr: 0.000965, time: 0.10s
[INFO]: TRAIN epoch: 12 loss: 0.4304, grad_norm: 0.39161694049835205, lr: 0.000965, time: 0.10s
[INFO]: TRAIN epoch: 12 loss: 0.1746, grad_norm: 0.2940290868282318, lr: 0.000965, time: 0.11s
[INFO]: TRAIN epoch: 12 loss: 0.0974, grad_norm: 0.34044623374938965, lr: 0.000965, time: 0.11s
[INFO]: TRAIN epoch: 12 loss: 0.1539, grad_norm: 0.3767992854118347, lr: 0.000965, time: 0.11s
[INFO]: TRAIN epoch: 12 loss: 0.2329, grad_norm: 0.2887685298919678, lr: 0.000965, time: 0.11s
[INFO]: TRAIN epoch: 12 loss: 0.5417, grad_norm: 0.40344613790512085, lr: 0.000965, time: 0.11s
[INFO]: TRAIN epoch: 12 loss: 0.1915, grad_norm: 0.3431622385978699, lr: 0.000965, time: 0.10s
[INFO]: TRAIN epoch: 12 loss: 0.1676, grad_norm: 0.637843132019043, lr: 0.000965, time: 0.10s
[INFO]: TRAIN epoch: 12 loss: 0.1406, grad_norm: 0.28725531697273254, lr: 0.000965, time: 0.10s
[INFO]: TRAIN epoch: 12 loss: 0.0643, grad_norm: 0.18949000537395477, lr: 0.000965, time: 0.10s
[INFO]: TRAIN epoch: 12 loss: 0.1740, grad_norm: 0.2770589292049408, lr: 0.000965, time: 0.10s
[INFO]: TRAIN epoch: 12 loss: 0.0538, grad_norm: 0.24382954835891724, lr: 0.000965, time: 0.10s
[INFO]: TRAIN epoch: 12 loss: 0.1136, grad_norm: 0.24148476123809814, lr: 0.000965, time: 0.11s
[INFO]: TRAIN epoch: 12 loss: 0.0550, grad_norm: 0.16200709342956543, lr: 0.000965, time: 0.10s
[INFO]: TRAIN epoch: 12 loss: 0.1559, grad_norm: 0.3092540502548218, lr: 0.000965, time: 0.10s
[INFO]: TRAIN epoch: 12 loss: 0.4566, grad_norm: 0.24051690101623535, lr: 0.000965, time: 0.10s
[INFO]: TRAIN epoch: 12 loss: 0.3225, grad_norm: 0.34075814485549927, lr: 0.000965, time: 0.10s
[INFO]: TRAIN epoch: 12 loss: 0.0557, grad_norm: 0.16947941482067108, lr: 0.000965, time: 0.10s
[INFO]: TRAIN epoch: 12 loss: 0.1020, grad_norm: 0.3123885989189148, lr: 0.000965, time: 0.11s
[INFO]: TRAIN epoch: 12 loss: 0.4481, grad_norm: 0.375440388917923, lr: 0.000965, time: 0.10s
[INFO]: TRAIN epoch: 12 loss: 0.3359, grad_norm: 0.3851282596588135, lr: 0.000965, time: 0.10s
[INFO]: TRAIN epoch: 12 loss: 0.6905, grad_norm: 0.4855627119541168, lr: 0.000965, time: 0.10s
[INFO]: TRAIN epoch: 12 loss: 0.3302, grad_norm: 0.5503177046775818, lr: 0.000965, time: 0.10s
[INFO]: TRAIN epoch: 12 loss: 0.2931, grad_norm: 0.43274882435798645, lr: 0.000965, time: 0.11s
[INFO]: TRAIN epoch: 12 loss: 0.0992, grad_norm: 0.2576955258846283, lr: 0.000965, time: 0.10s
[INFO]: TRAIN epoch: 12 loss: 0.1663, grad_norm: 0.2387586534023285, lr: 0.000965, time: 0.10s
[INFO]: TRAIN epoch: 12 loss: 0.2639, grad_norm: 0.35474681854248047, lr: 0.000965, time: 0.10s
[INFO]: TRAIN epoch: 12 loss: 0.0827, grad_norm: 0.21453803777694702, lr: 0.000965, time: 0.11s
[INFO]: TRAIN epoch: 12 loss: 0.1200, grad_norm: 0.2439265102148056, lr: 0.000965, time: 0.11s
[INFO]: TRAIN epoch: 12 loss: 0.1935, grad_norm: 0.3249475657939911, lr: 0.000965, time: 0.10s
[INFO]: TRAIN epoch: 12 loss: 0.0491, grad_norm: 0.192770317196846, lr: 0.000965, time: 0.10s
[INFO]: TRAIN epoch: 12 loss: 0.3397, grad_norm: 0.3143737316131592, lr: 0.000965, time: 0.10s
[INFO]: TRAIN epoch: 12 loss: 0.4031, grad_norm: 0.45850977301597595, lr: 0.000965, time: 0.10s
[INFO]: TRAIN epoch: 12 loss: 0.1120, grad_norm: 0.2787778973579407, lr: 0.000965, time: 0.11s
[INFO]: TRAIN epoch: 12 loss: 0.0742, grad_norm: 0.26929545402526855, lr: 0.000965, time: 0.10s
[INFO]: TRAIN epoch: 12 loss: 0.2418, grad_norm: 0.363617479801178, lr: 0.000965, time: 0.10s
[INFO]: TRAIN epoch: 12 loss: 0.1183, grad_norm: 0.2232503592967987, lr: 0.000965, time: 0.11s
[INFO]: TRAIN epoch: 12 loss: 0.2991, grad_norm: 0.4315703809261322, lr: 0.000965, time: 0.10s
[INFO]: TRAIN epoch: 12 loss: 0.1979, grad_norm: 0.3304593861103058, lr: 0.000965, time: 0.10s
[INFO]: TRAIN epoch: 12 loss: 0.2796, grad_norm: 0.3121318221092224, lr: 0.000965, time: 0.10s
[INFO]: TRAIN epoch: 12 loss: 0.3533, grad_norm: 0.4544326364994049, lr: 0.000965, time: 0.10s
[INFO]: TRAIN epoch: 12 loss: 0.2800, grad_norm: 0.45851606130599976, lr: 0.000965, time: 0.10s
[INFO]: TRAIN epoch: 12 loss: 0.3374, grad_norm: 0.3260083496570587, lr: 0.000965, time: 0.11s
[INFO]: TRAIN epoch: 12 loss: 0.1003, grad_norm: 0.2323782593011856, lr: 0.000965, time: 0.10s
[INFO]: TRAIN epoch: 12 loss: 0.0859, grad_norm: 0.15806221961975098, lr: 0.000965, time: 0.10s
[INFO]: TRAIN epoch: 12 loss: 0.0795, grad_norm: 0.21257923543453217, lr: 0.000965, time: 0.10s
[INFO]: TRAIN epoch: 12 loss: 0.4808, grad_norm: 0.34703561663627625, lr: 0.000965, time: 0.11s
[INFO]: TRAIN epoch: 12 loss: 0.3040, grad_norm: 0.3194338381290436, lr: 0.000965, time: 0.11s
[INFO]: TRAIN epoch: 12 loss: 0.1539, grad_norm: 0.30849704146385193, lr: 0.000965, time: 0.10s
[INFO]: TRAIN epoch: 12 loss: 0.2564, grad_norm: 0.44015073776245117, lr: 0.000965, time: 0.10s
[INFO]: TRAIN epoch: 12 loss: 0.2250, grad_norm: 0.31397750973701477, lr: 0.000965, time: 0.10s
[INFO]: TRAIN epoch: 12 loss: 0.0721, grad_norm: 0.19223831593990326, lr: 0.000965, time: 0.10s
[INFO]: TRAIN epoch: 12 loss: 0.1268, grad_norm: 0.23589852452278137, lr: 0.000965, time: 0.11s
[INFO]: TRAIN epoch: 12 loss: 0.3439, grad_norm: 0.3655420243740082, lr: 0.000965, time: 0.10s
[INFO]: TRAIN epoch: 12 loss: 0.5262, grad_norm: 0.4027961194515228, lr: 0.000965, time: 0.11s
[INFO]: TRAIN epoch: 12 loss: 0.1760, grad_norm: 0.4488958716392517, lr: 0.000965, time: 0.10s
[INFO]: TRAIN epoch: 12 loss: 0.0712, grad_norm: 0.22805772721767426, lr: 0.000965, time: 0.10s
[INFO]: TRAIN epoch: 12 loss: 0.1322, grad_norm: 0.29487016797065735, lr: 0.000965, time: 0.10s
[INFO]: TRAIN epoch: 12 loss: 0.0877, grad_norm: 0.24494268000125885, lr: 0.000965, time: 0.10s
[INFO]: TRAIN epoch: 12 loss: 0.2596, grad_norm: 0.2807166278362274, lr: 0.000965, time: 0.11s
[INFO]: TRAIN epoch: 12 loss: 0.3373, grad_norm: 0.4113011360168457, lr: 0.000965, time: 0.10s
[INFO]: TRAIN epoch: 12 loss: 0.0953, grad_norm: 0.27329230308532715, lr: 0.000965, time: 0.10s
[INFO]: TRAIN epoch: 12 loss: 0.1912, grad_norm: 0.30301451683044434, lr: 0.000965, time: 0.11s
[INFO]: TRAIN epoch: 12 loss: 0.1306, grad_norm: 0.26796475052833557, lr: 0.000965, time: 0.11s
[INFO]: TRAIN epoch: 12 loss: 0.1393, grad_norm: 0.40813785791397095, lr: 0.000965, time: 0.10s
[INFO]: TRAIN epoch: 12 loss: 0.6918, grad_norm: 0.4310488998889923, lr: 0.000965, time: 0.10s
[INFO]: TRAIN epoch: 12 loss: 0.5922, grad_norm: 0.3589709997177124, lr: 0.000965, time: 0.11s
[INFO]: TRAIN epoch: 12 loss: 0.2486, grad_norm: 0.4084889590740204, lr: 0.000965, time: 0.10s
[INFO]: TRAIN epoch: 12 loss: 0.1113, grad_norm: 0.24245449900627136, lr: 0.000965, time: 0.11s
[INFO]: TRAIN epoch: 12 loss: 0.2089, grad_norm: 0.3706318736076355, lr: 0.000965, time: 0.10s
[INFO]: TRAIN epoch: 12 loss: 0.0614, grad_norm: 0.20235678553581238, lr: 0.000965, time: 0.10s
[INFO]: TRAIN epoch: 12 loss: 0.1902, grad_norm: 0.28789272904396057, lr: 0.000965, time: 0.11s
[INFO]: TRAIN epoch: 12 loss: 0.4766, grad_norm: 0.32906603813171387, lr: 0.000965, time: 0.11s
[INFO]: TRAIN epoch: 12 loss: 0.2245, grad_norm: 0.29808229207992554, lr: 0.000965, time: 0.11s
[INFO]: TRAIN epoch: 12 loss: 0.0965, grad_norm: 0.20425370335578918, lr: 0.000965, time: 0.11s
[INFO]: TRAIN epoch: 12 loss: 0.2525, grad_norm: 0.5053280591964722, lr: 0.000965, time: 0.10s
[INFO]: TRAIN epoch: 12 loss: 0.1949, grad_norm: 0.36139118671417236, lr: 0.000965, time: 0.11s
[INFO]: TRAIN epoch: 12 loss: 0.0813, grad_norm: 0.231593057513237, lr: 0.000965, time: 0.10s
[INFO]: TRAIN epoch: 12 loss: 0.2159, grad_norm: 0.41039642691612244, lr: 0.000965, time: 0.11s
[INFO]: TRAIN epoch: 12 loss: 0.3332, grad_norm: 0.4717310965061188, lr: 0.000965, time: 0.10s
[INFO]: TRAIN epoch: 12 loss: 0.1880, grad_norm: 0.3096717894077301, lr: 0.000965, time: 0.10s
[INFO]: TRAIN epoch: 12 loss: 0.0833, grad_norm: 0.19453786313533783, lr: 0.000965, time: 0.11s
[INFO]: TRAIN epoch: 12 loss: 0.2823, grad_norm: 0.3615213930606842, lr: 0.000965, time: 0.11s
[INFO]: TRAIN epoch: 12 loss: 0.2196, grad_norm: 0.3146759271621704, lr: 0.000965, time: 0.11s
[INFO]: TRAIN epoch: 12 loss: 0.2014, grad_norm: 0.33693546056747437, lr: 0.000965, time: 0.11s
[INFO]: TRAIN epoch: 12 loss: 0.3051, grad_norm: 0.3195915222167969, lr: 0.000965, time: 0.11s
[INFO]: TRAIN epoch: 12 loss: 0.2430, grad_norm: 0.2723712623119354, lr: 0.000965, time: 0.10s
[INFO]: TRAIN epoch: 12 loss: 0.0900, grad_norm: 0.22388482093811035, lr: 0.000965, time: 0.11s
[INFO]: TRAIN epoch: 12 loss: 0.4156, grad_norm: 0.707009494304657, lr: 0.000965, time: 0.11s
[INFO]: TRAIN epoch: 12 loss: 0.2293, grad_norm: 0.3364793360233307, lr: 0.000965, time: 0.10s
[INFO]: TRAIN epoch: 12 loss: 0.2664, grad_norm: 0.4657741189002991, lr: 0.000965, time: 0.10s
[INFO]: TRAIN epoch: 12 loss: 0.2400, grad_norm: 0.3991956114768982, lr: 0.000965, time: 0.11s
[INFO]: TRAIN epoch: 12 loss: 0.2435, grad_norm: 0.36268943548202515, lr: 0.000965, time: 0.10s
[INFO]: TRAIN epoch: 12 loss: 0.1742, grad_norm: 0.3151533901691437, lr: 0.000965, time: 0.11s
[INFO]: TRAIN epoch: 12 loss: 0.0988, grad_norm: 0.251287043094635, lr: 0.000965, time: 0.10s
[INFO]: TRAIN epoch: 12 loss: 0.0784, grad_norm: 0.22869421541690826, lr: 0.000965, time: 0.11s
[INFO]: TRAIN epoch: 12 loss: 0.3249, grad_norm: 0.36520498991012573, lr: 0.000965, time: 0.10s
[INFO]: TRAIN epoch: 12 loss: 0.1000, grad_norm: 0.23452070355415344, lr: 0.000965, time: 0.10s
[INFO]: TRAIN epoch: 12 loss: 0.0854, grad_norm: 0.27738049626350403, lr: 0.000965, time: 0.10s
[INFO]: TRAIN epoch: 12 loss: 0.2824, grad_norm: 0.37919336557388306, lr: 0.000965, time: 0.10s
[INFO]: TRAIN epoch: 12 loss: 0.1095, grad_norm: 0.26173320412635803, lr: 0.000965, time: 0.10s
[INFO]: TRAIN epoch: 12 loss: 0.2119, grad_norm: 0.40914684534072876, lr: 0.000965, time: 0.10s
[INFO]: TRAIN epoch: 12 loss: 0.3943, grad_norm: 0.35179439187049866, lr: 0.000965, time: 0.10s
[INFO]: TRAIN epoch: 12 loss: 0.1276, grad_norm: 0.2930697202682495, lr: 0.000965, time: 0.10s
[INFO]: TRAIN epoch: 12 loss: 0.2297, grad_norm: 0.3307900130748749, lr: 0.000965, time: 0.10s
[INFO]: TRAIN epoch: 12 loss: 0.2678, grad_norm: 0.33645257353782654, lr: 0.000965, time: 0.10s
[INFO]: TRAIN epoch: 12 loss: 0.1928, grad_norm: 0.31858697533607483, lr: 0.000965, time: 0.11s
[INFO]: TRAIN epoch: 12 loss: 0.2379, grad_norm: 0.47431492805480957, lr: 0.000965, time: 0.10s
[INFO]: TRAIN epoch: 12 loss: 0.3721, grad_norm: 0.38800662755966187, lr: 0.000965, time: 0.11s
[INFO]: TRAIN epoch: 12 loss: 0.3042, grad_norm: 0.3475106358528137, lr: 0.000965, time: 0.11s
[INFO]: TRAIN epoch: 12 loss: 0.2503, grad_norm: 0.3468701243400574, lr: 0.000965, time: 0.10s
[INFO]: TRAIN epoch: 12 loss: 0.1517, grad_norm: 0.26867082715034485, lr: 0.000965, time: 0.11s
[INFO]: TRAIN epoch: 12 loss: 0.3330, grad_norm: 0.33402955532073975, lr: 0.000965, time: 0.10s
[INFO]: TRAIN epoch: 12 loss: 0.3700, grad_norm: 0.36089423298835754, lr: 0.000965, time: 0.11s
[INFO]: TRAIN epoch: 12 loss: 0.0627, grad_norm: 0.22435390949249268, lr: 0.000965, time: 0.11s
[INFO]: TRAIN epoch: 12 loss: 0.2720, grad_norm: 0.3047892451286316, lr: 0.000965, time: 0.10s
[INFO]: TRAIN epoch: 12 loss: 0.3536, grad_norm: 0.5148317813873291, lr: 0.000965, time: 0.11s
[INFO]: TRAIN epoch: 12 loss: 0.3292, grad_norm: 0.4588209390640259, lr: 0.000965, time: 0.10s
[INFO]: TRAIN epoch: 12 loss: 0.0782, grad_norm: 0.2475888431072235, lr: 0.000965, time: 0.10s
[INFO]: TRAIN epoch: 12 loss: 0.1278, grad_norm: 0.2936486303806305, lr: 0.000965, time: 0.10s
[INFO]: TRAIN epoch: 12 loss: 0.2114, grad_norm: 0.23262904584407806, lr: 0.000965, time: 0.11s
[INFO]: TRAIN epoch: 12 loss: 0.1030, grad_norm: 0.21608902513980865, lr: 0.000965, time: 0.10s
[INFO]: TRAIN epoch: 12 loss: 0.4095, grad_norm: 0.36423924565315247, lr: 0.000965, time: 0.11s
[INFO]: TRAIN epoch: 12 loss: 0.4130, grad_norm: 0.3497540354728699, lr: 0.000965, time: 0.11s
[INFO]: TRAIN epoch: 12 loss: 0.2303, grad_norm: 0.3160184919834137, lr: 0.000965, time: 0.10s
[INFO]: TRAIN epoch: 12 loss: 0.1271, grad_norm: 0.21060866117477417, lr: 0.000965, time: 0.10s
[INFO]: TRAIN epoch: 12 loss: 0.2750, grad_norm: 0.302835077047348, lr: 0.000965, time: 0.10s
[INFO]: TRAIN epoch: 12 loss: 0.2150, grad_norm: 0.31580641865730286, lr: 0.000965, time: 0.10s
[INFO]: TRAIN epoch: 12 loss: 0.4419, grad_norm: 0.3805045485496521, lr: 0.000965, time: 0.11s
[INFO]: TRAIN epoch: 12 loss: 0.4065, grad_norm: 0.3619392216205597, lr: 0.000965, time: 0.11s
[INFO]: TRAIN epoch: 12 loss: 0.2507, grad_norm: 0.3452123999595642, lr: 0.000965, time: 0.10s
[INFO]: TRAIN epoch: 12 loss: 0.2830, grad_norm: 0.2478955090045929, lr: 0.000965, time: 0.10s
[INFO]: TRAIN epoch: 12 loss: 0.1512, grad_norm: 0.3956979513168335, lr: 0.000965, time: 0.10s
[INFO]: TRAIN epoch: 12 loss: 0.1586, grad_norm: 0.30971503257751465, lr: 0.000965, time: 0.10s
[INFO]: TRAIN epoch: 12 loss: 0.1810, grad_norm: 0.33123350143432617, lr: 0.000965, time: 0.10s
[INFO]: TRAIN epoch: 12 loss: 0.5063, grad_norm: 0.33895736932754517, lr: 0.000965, time: 0.11s
[INFO]: TRAIN epoch: 12 loss: 0.2175, grad_norm: 0.33237388730049133, lr: 0.000965, time: 0.11s
[INFO]: TRAIN epoch: 12 loss: 0.1735, grad_norm: 0.3385559618473053, lr: 0.000965, time: 0.10s
[INFO]: TRAIN epoch: 12 loss: 0.2932, grad_norm: 0.39962971210479736, lr: 0.000965, time: 0.10s
[INFO]: TRAIN epoch: 12 loss: 0.2522, grad_norm: 0.347247451543808, lr: 0.000965, time: 0.10s
[INFO]: TRAIN epoch: 12 loss: 0.3212, grad_norm: 0.4674088954925537, lr: 0.000965, time: 0.11s
[INFO]: TRAIN epoch: 12 loss: 0.3497, grad_norm: 0.5219204425811768, lr: 0.000965, time: 0.11s
[INFO]: TRAIN epoch: 12 loss: 0.4612, grad_norm: 0.5700952410697937, lr: 0.000965, time: 0.12s
[INFO]: TRAIN epoch: 12 loss: 0.0953, grad_norm: 0.2741236090660095, lr: 0.000965, time: 0.10s
[INFO]: TRAIN epoch: 12 loss: 0.1391, grad_norm: 0.2789466679096222, lr: 0.000965, time: 0.10s
[INFO]: TRAIN epoch: 12 loss: 0.2790, grad_norm: 0.3165656626224518, lr: 0.000965, time: 0.10s
[INFO]: TRAIN epoch: 12 loss: 0.3366, grad_norm: 0.42937350273132324, lr: 0.000965, time: 0.11s
[INFO]: TRAIN epoch: 12 loss: 0.0828, grad_norm: 0.2137300968170166, lr: 0.000965, time: 0.11s
[INFO]: TRAIN epoch: 12 loss: 0.0848, grad_norm: 0.255198210477829, lr: 0.000965, time: 0.10s
[INFO]: TRAIN epoch: 12 loss: 0.1291, grad_norm: 0.35447958111763, lr: 0.000965, time: 0.10s
[INFO]: TRAIN epoch: 12 loss: 0.3320, grad_norm: 0.44558078050613403, lr: 0.000965, time: 0.11s
[INFO]: TRAIN epoch: 12 loss: 0.3773, grad_norm: 0.4045206308364868, lr: 0.000965, time: 0.11s
[INFO]: TRAIN epoch: 12 loss: 0.1122, grad_norm: 0.30028000473976135, lr: 0.000965, time: 0.10s
[INFO]: TRAIN epoch: 12 loss: 0.2119, grad_norm: 0.45101481676101685, lr: 0.000965, time: 0.11s
[INFO]: TRAIN epoch: 12 loss: 0.3298, grad_norm: 0.45294126868247986, lr: 0.000965, time: 0.10s
[INFO]: TRAIN epoch: 12 loss: 0.1084, grad_norm: 0.23146238923072815, lr: 0.000965, time: 0.10s
[INFO]: TRAIN epoch: 12 loss: 0.1723, grad_norm: 0.3345969319343567, lr: 0.000965, time: 0.11s
[INFO]: TRAIN epoch: 12 loss: 0.2088, grad_norm: 0.3447476625442505, lr: 0.000965, time: 0.10s
[INFO]: TRAIN epoch: 12 loss: 0.3973, grad_norm: 0.3858416676521301, lr: 0.000965, time: 0.11s
[INFO]: TRAIN epoch: 12 loss: 0.0850, grad_norm: 0.18373994529247284, lr: 0.000965, time: 0.10s
[INFO]: TRAIN epoch: 12 loss: 0.1460, grad_norm: 0.3700611889362335, lr: 0.000965, time: 0.10s
[INFO]: TRAIN epoch: 12 loss: 0.3549, grad_norm: 0.3030410706996918, lr: 0.000965, time: 0.11s
[INFO]: TRAIN epoch: 12 loss: 0.1997, grad_norm: 0.264172226190567, lr: 0.000965, time: 0.10s
[INFO]: TRAIN epoch: 12 loss: 0.0727, grad_norm: 0.22760562598705292, lr: 0.000965, time: 0.10s
[INFO]: TRAIN epoch: 12 loss: 0.2849, grad_norm: 0.40048104524612427, lr: 0.000965, time: 0.10s
[INFO]: TRAIN epoch: 12 loss: 0.1106, grad_norm: 0.3838925063610077, lr: 0.000965, time: 0.10s
[INFO]: TRAIN epoch: 12 loss: 0.2986, grad_norm: 0.43119847774505615, lr: 0.000965, time: 0.10s
[INFO]: TRAIN epoch: 12 loss: 0.3964, grad_norm: 0.40363097190856934, lr: 0.000965, time: 0.10s
[INFO]: TRAIN epoch: 12 loss: 0.0683, grad_norm: 0.17188864946365356, lr: 0.000965, time: 0.11s
[INFO]: TRAIN epoch: 12 loss: 0.3906, grad_norm: 0.4550274908542633, lr: 0.000965, time: 0.10s
[INFO]: TRAIN epoch: 12 loss: 0.2619, grad_norm: 0.8170337677001953, lr: 0.000965, time: 0.11s
[INFO]: TRAIN epoch: 12 loss: 0.3462, grad_norm: 0.46213340759277344, lr: 0.000965, time: 0.11s
[INFO]: TRAIN epoch: 12 loss: 0.3291, grad_norm: 0.3616928458213806, lr: 0.000965, time: 0.10s
[INFO]: TRAIN epoch: 12 loss: 0.1004, grad_norm: 0.22459089756011963, lr: 0.000965, time: 0.10s
[INFO]: TRAIN epoch: 12 loss: 0.3703, grad_norm: 0.363606333732605, lr: 0.000965, time: 0.10s
[INFO]: TRAIN epoch: 12 loss: 0.2495, grad_norm: 0.4162749648094177, lr: 0.000965, time: 0.10s
[INFO]: TRAIN epoch: 12 loss: 0.3059, grad_norm: 0.578994631767273, lr: 0.000965, time: 0.10s
[INFO]: TRAIN epoch: 12 loss: 0.0945, grad_norm: 0.18528856337070465, lr: 0.000965, time: 0.10s
[INFO]: TRAIN epoch: 12 loss: 0.1012, grad_norm: 0.2294663041830063, lr: 0.000965, time: 0.11s
[INFO]: TRAIN epoch: 12 loss: 0.2410, grad_norm: 0.298862099647522, lr: 0.000965, time: 0.10s
[INFO]: TRAIN epoch: 12 loss: 0.2698, grad_norm: 0.30084678530693054, lr: 0.000965, time: 0.11s
[INFO]: TRAIN epoch: 12 loss: 0.2100, grad_norm: 0.27554988861083984, lr: 0.000965, time: 0.10s
[INFO]: TRAIN epoch: 12 loss: 0.3987, grad_norm: 0.34296905994415283, lr: 0.000965, time: 0.10s
[INFO]: TRAIN epoch: 12 loss: 0.3919, grad_norm: 0.6369299292564392, lr: 0.000965, time: 0.10s
[INFO]: TRAIN epoch: 12 loss: 0.0574, grad_norm: 0.1703965812921524, lr: 0.000965, time: 0.10s
[INFO]: TRAIN epoch: 12 loss: 0.0766, grad_norm: 0.1843024492263794, lr: 0.000965, time: 0.10s
[INFO]: TRAIN epoch: 12 loss: 0.4292, grad_norm: 0.500299334526062, lr: 0.000965, time: 0.10s
[INFO]: TRAIN epoch: 12 loss: 0.4152, grad_norm: 0.35655534267425537, lr: 0.000965, time: 0.10s
[INFO]: TRAIN epoch: 12 loss: 0.2445, grad_norm: 0.3597702383995056, lr: 0.000965, time: 0.10s
[INFO]: TRAIN epoch: 12 loss: 0.1216, grad_norm: 0.24938435852527618, lr: 0.000965, time: 0.11s
[INFO]: TRAIN epoch: 12 loss: 0.2524, grad_norm: 0.33118849992752075, lr: 0.000965, time: 0.11s
[INFO]: TRAIN epoch: 12 loss: 0.5962, grad_norm: 0.5614635944366455, lr: 0.000965, time: 0.11s
[INFO]: TRAIN epoch: 12 loss: 0.4667, grad_norm: 0.3862675130367279, lr: 0.000965, time: 0.11s
[INFO]: TRAIN epoch: 12 loss: 0.2491, grad_norm: 0.2733162045478821, lr: 0.000965, time: 0.10s
[INFO]: TRAIN epoch: 12 loss: 0.3807, grad_norm: 0.37726229429244995, lr: 0.000965, time: 0.10s
[INFO]: TRAIN epoch: 12 loss: 0.2259, grad_norm: 0.2596072256565094, lr: 0.000965, time: 0.10s
[INFO]: TRAIN epoch: 12 loss: 0.2065, grad_norm: 0.3952135145664215, lr: 0.000965, time: 0.10s
[INFO]: TRAIN epoch: 12 loss: 0.3993, grad_norm: 0.5235181450843811, lr: 0.000965, time: 0.10s
[INFO]: TRAIN epoch: 12 loss: 0.1133, grad_norm: 0.20342358946800232, lr: 0.000965, time: 0.11s
[INFO]: TRAIN epoch: 12 loss: 0.0985, grad_norm: 0.22563861310482025, lr: 0.000965, time: 0.11s
[INFO]: TRAIN epoch: 12 loss: 0.0988, grad_norm: 0.19209054112434387, lr: 0.000965, time: 0.11s
[INFO]: TRAIN epoch: 12 loss: 0.4521, grad_norm: 0.42633476853370667, lr: 0.000965, time: 0.10s
[INFO]: TRAIN epoch: 12 loss: 0.2843, grad_norm: 0.24057994782924652, lr: 0.000965, time: 0.11s
[INFO]: TRAIN epoch: 12 loss: 0.0837, grad_norm: 0.1885853409767151, lr: 0.000965, time: 0.10s
[INFO]: TRAIN epoch: 12 loss: 0.2734, grad_norm: 0.3438285291194916, lr: 0.000965, time: 0.10s
[INFO]: TRAIN epoch: 12 loss: 0.1822, grad_norm: 0.2628912925720215, lr: 0.000965, time: 0.11s
[INFO]: TRAIN epoch: 12 loss: 0.4672, grad_norm: 0.5018184185028076, lr: 0.000965, time: 0.10s
[INFO]: TRAIN epoch: 12 loss: 0.1941, grad_norm: 0.42873021960258484, lr: 0.000965, time: 0.10s
[INFO]: TRAIN epoch: 12 loss: 0.5660, grad_norm: 0.4192216694355011, lr: 0.000965, time: 0.11s
[INFO]: TRAIN epoch: 12 loss: 0.2787, grad_norm: 0.41314804553985596, lr: 0.000965, time: 0.11s
[INFO]: TRAIN epoch: 12 loss: 0.1847, grad_norm: 0.32748860120773315, lr: 0.000965, time: 0.10s
[INFO]: TRAIN epoch: 12 loss: 0.2364, grad_norm: 0.35340994596481323, lr: 0.000965, time: 0.10s
[INFO]: TRAIN epoch: 12 loss: 0.0536, grad_norm: 0.1784672737121582, lr: 0.000965, time: 0.10s
[INFO]: TRAIN epoch: 12 loss: 0.1211, grad_norm: 0.28638598322868347, lr: 0.000965, time: 0.11s
[INFO]: TRAIN epoch: 12 loss: 0.0804, grad_norm: 0.19101747870445251, lr: 0.000965, time: 0.10s
[INFO]: TRAIN epoch: 12 loss: 0.2374, grad_norm: 0.27743443846702576, lr: 0.000965, time: 0.11s
[INFO]: TRAIN epoch: 12 loss: 0.2987, grad_norm: 0.38714954257011414, lr: 0.000965, time: 0.11s
[INFO]: TRAIN epoch: 12 loss: 0.3292, grad_norm: 0.3466428816318512, lr: 0.000965, time: 0.11s
[INFO]: TRAIN epoch: 12 loss: 0.2121, grad_norm: 0.43144139647483826, lr: 0.000965, time: 0.11s
[INFO]: TRAIN epoch: 12 loss: 0.1083, grad_norm: 0.23609484732151031, lr: 0.000965, time: 0.11s
[INFO]: TRAIN epoch: 12 loss: 0.6312, grad_norm: 0.3718791604042053, lr: 0.000965, time: 0.11s
[INFO]: TRAIN epoch: 12 loss: 0.2693, grad_norm: 0.42631667852401733, lr: 0.000965, time: 0.11s
[INFO]: TRAIN epoch: 12 loss: 0.0946, grad_norm: 0.17574064433574677, lr: 0.000965, time: 0.11s
[INFO]: TRAIN epoch: 12 loss: 0.0980, grad_norm: 0.2411782443523407, lr: 0.000965, time: 0.11s
[INFO]: TRAIN epoch: 12 loss: 0.2483, grad_norm: 0.3513020873069763, lr: 0.000965, time: 0.11s
[INFO]: TRAIN epoch: 12 loss: 0.3204, grad_norm: 0.5108837485313416, lr: 0.000965, time: 0.10s
[INFO]: TRAIN epoch: 12 loss: 0.0858, grad_norm: 0.17919060587882996, lr: 0.000965, time: 0.10s
[INFO]: TRAIN epoch: 12 loss: 0.0629, grad_norm: 0.13339698314666748, lr: 0.000965, time: 0.11s
[INFO]: TRAIN epoch: 12 loss: 0.1811, grad_norm: 0.29102107882499695, lr: 0.000965, time: 0.10s
[INFO]: TRAIN epoch: 12 loss: 0.2129, grad_norm: 0.337259441614151, lr: 0.000965, time: 0.11s
[INFO]: TRAIN epoch: 12 loss: 0.0689, grad_norm: 0.187467560172081, lr: 0.000965, time: 0.10s
[INFO]: TRAIN epoch: 12 loss: 0.1997, grad_norm: 0.2881629467010498, lr: 0.000965, time: 0.10s
[INFO]: TRAIN epoch: 12 loss: 0.4486, grad_norm: 0.3305296003818512, lr: 0.000965, time: 0.10s
[INFO]: TRAIN epoch: 12 loss: 0.1780, grad_norm: 0.2729172706604004, lr: 0.000965, time: 0.10s
[INFO]: TRAIN epoch: 12 loss: 0.0643, grad_norm: 0.18971462547779083, lr: 0.000965, time: 0.10s
[INFO]: TRAIN epoch: 12 loss: 0.1250, grad_norm: 0.25793755054473877, lr: 0.000965, time: 0.10s
[INFO]: TRAIN epoch: 12 loss: 0.3251, grad_norm: 0.3957006335258484, lr: 0.000965, time: 0.10s
[INFO]: TRAIN epoch: 12 loss: 0.0519, grad_norm: 0.18944093585014343, lr: 0.000965, time: 0.11s
[INFO]: TRAIN epoch: 12 loss: 0.2554, grad_norm: 0.44192829728126526, lr: 0.000965, time: 0.10s
[INFO]: TRAIN epoch: 12 loss: 0.3250, grad_norm: 0.31689131259918213, lr: 0.000965, time: 0.11s
[INFO]: TRAIN epoch: 12 loss: 0.1180, grad_norm: 0.2805129885673523, lr: 0.000965, time: 0.10s
[INFO]: TRAIN epoch: 12 loss: 0.1660, grad_norm: 0.2733350992202759, lr: 0.000965, time: 0.11s
[INFO]: TRAIN epoch: 12 loss: 0.2740, grad_norm: 0.3144981563091278, lr: 0.000965, time: 0.11s
[INFO]: TRAIN epoch: 12 loss: 0.5265, grad_norm: 0.46441638469696045, lr: 0.000965, time: 0.11s
[INFO]: TRAIN epoch: 12 loss: 0.1326, grad_norm: 0.2466317117214203, lr: 0.000965, time: 0.11s
[INFO]: TRAIN epoch: 12 loss: 0.1151, grad_norm: 0.2763527035713196, lr: 0.000965, time: 0.10s
[INFO]: TRAIN epoch: 12 loss: 0.3248, grad_norm: 0.45534420013427734, lr: 0.000965, time: 0.10s
[INFO]: TRAIN epoch: 12 loss: 0.1143, grad_norm: 0.3023067116737366, lr: 0.000965, time: 0.10s
[INFO]: TRAIN epoch: 12 loss: 0.2874, grad_norm: 0.42409077286720276, lr: 0.000965, time: 0.10s
[INFO]: TRAIN epoch: 12 loss: 0.4052, grad_norm: 0.32957565784454346, lr: 0.000965, time: 0.11s
[INFO]: TRAIN epoch: 12 loss: 0.1135, grad_norm: 0.21646170318126678, lr: 0.000965, time: 0.10s
[INFO]: TRAIN epoch: 12 loss: 0.1980, grad_norm: 0.26505497097969055, lr: 0.000965, time: 0.11s
[INFO]: TRAIN epoch: 12 loss: 0.2400, grad_norm: 0.4416819214820862, lr: 0.000965, time: 0.11s
[INFO]: TRAIN epoch: 12 loss: 0.2829, grad_norm: 0.3005366027355194, lr: 0.000965, time: 0.11s
[INFO]: TRAIN epoch: 12 loss: 0.3114, grad_norm: 0.361566424369812, lr: 0.000965, time: 0.11s
[INFO]: TRAIN epoch: 12 loss: 0.2184, grad_norm: 0.3047751486301422, lr: 0.000965, time: 0.10s
[INFO]: TRAIN epoch: 12 loss: 0.2022, grad_norm: 0.3482435643672943, lr: 0.000965, time: 0.11s
[INFO]: TRAIN epoch: 12 loss: 0.0597, grad_norm: 0.16656672954559326, lr: 0.000965, time: 0.10s
[INFO]: TRAIN epoch: 12 loss: 0.1141, grad_norm: 0.24680361151695251, lr: 0.000965, time: 0.11s
[INFO]: TRAIN epoch: 12 loss: 0.3309, grad_norm: 0.3472975790500641, lr: 0.000965, time: 0.11s
[INFO]: TRAIN epoch: 12 loss: 0.2131, grad_norm: 0.3700798749923706, lr: 0.000965, time: 0.11s
[INFO]: TRAIN epoch: 12 loss: 0.2752, grad_norm: 0.43751493096351624, lr: 0.000965, time: 0.11s
[INFO]: TRAIN epoch: 12 loss: 0.3274, grad_norm: 0.3760789930820465, lr: 0.000965, time: 0.10s
[INFO]: TRAIN epoch: 12 loss: 0.1247, grad_norm: 0.17994055151939392, lr: 0.000965, time: 0.11s
[INFO]: TRAIN epoch: 12 loss: 0.0887, grad_norm: 0.19139990210533142, lr: 0.000965, time: 0.11s
[INFO]: TRAIN epoch: 12 loss: 0.4354, grad_norm: 0.32730579376220703, lr: 0.000965, time: 0.11s
[INFO]: TRAIN epoch: 12 loss: 0.2451, grad_norm: 0.3619312345981598, lr: 0.000965, time: 0.25s
[INFO]: TRAIN epoch: 12 loss: 0.3043, grad_norm: 0.4166278839111328, lr: 0.000965, time: 0.11s
[INFO]: TRAIN epoch: 12 loss: 0.3283, grad_norm: 0.39733433723449707, lr: 0.000965, time: 0.10s
[INFO]: TRAIN epoch: 12 loss: 0.2476, grad_norm: 0.3420424461364746, lr: 0.000965, time: 0.11s
[INFO]: TRAIN epoch: 12 loss: 0.4425, grad_norm: 0.6314710378646851, lr: 0.000965, time: 0.11s
[INFO]: TRAIN epoch: 12 loss: 0.2074, grad_norm: 0.26682931184768677, lr: 0.000965, time: 0.11s
[INFO]: TRAIN epoch: 12 loss: 0.3578, grad_norm: 0.34727245569229126, lr: 0.000965, time: 0.10s
[INFO]: TRAIN epoch: 12 loss: 0.0796, grad_norm: 0.2147773653268814, lr: 0.000965, time: 0.10s
[INFO]: TRAIN epoch: 12 loss: 0.2143, grad_norm: 0.43907099962234497, lr: 0.000965, time: 0.10s
[INFO]: TRAIN epoch: 12 loss: 0.3089, grad_norm: 0.3923414945602417, lr: 0.000965, time: 0.11s
[INFO]: TRAIN epoch: 12 loss: 0.3512, grad_norm: 0.4151470959186554, lr: 0.000965, time: 0.10s
[INFO]: TRAIN epoch: 12 loss: 0.0577, grad_norm: 0.16171449422836304, lr: 0.000965, time: 0.11s
[INFO]: TRAIN epoch: 12 loss: 0.6385, grad_norm: 0.44852980971336365, lr: 0.000965, time: 0.11s
[INFO]: TRAIN epoch: 12 loss: 0.0901, grad_norm: 0.23806937038898468, lr: 0.000965, time: 0.11s
[INFO]: TRAIN epoch: 12 loss: 0.0944, grad_norm: 0.2417144775390625, lr: 0.000965, time: 0.10s
[INFO]: TRAIN epoch: 12 loss: 0.2016, grad_norm: 0.3594321608543396, lr: 0.000965, time: 0.11s
[INFO]: TRAIN epoch: 12 loss: 0.0839, grad_norm: 0.24127981066703796, lr: 0.000965, time: 0.10s
[INFO]: TRAIN epoch: 12 loss: 0.0665, grad_norm: 0.18039603531360626, lr: 0.000965, time: 0.10s
[INFO]: TRAIN epoch: 12 loss: 0.2622, grad_norm: 0.27849552035331726, lr: 0.000965, time: 0.10s
[INFO]: TRAIN epoch: 12 loss: 0.0662, grad_norm: 0.1816677302122116, lr: 0.000965, time: 0.10s
[INFO]: TRAIN epoch: 12 loss: 0.1059, grad_norm: 0.2658742368221283, lr: 0.000965, time: 0.10s
[INFO]: TRAIN epoch: 12 loss: 0.2614, grad_norm: 0.31682276725769043, lr: 0.000965, time: 0.10s
[INFO]: TRAIN epoch: 12 loss: 0.1381, grad_norm: 0.246299147605896, lr: 0.000965, time: 0.10s
[INFO]: TRAIN epoch: 12 loss: 0.0701, grad_norm: 0.21865035593509674, lr: 0.000965, time: 0.10s
[INFO]: TRAIN epoch: 12 loss: 0.1351, grad_norm: 0.30995020270347595, lr: 0.000965, time: 0.10s
[INFO]: TRAIN epoch: 12 loss: 0.4677, grad_norm: 0.4763670861721039, lr: 0.000965, time: 0.10s
[INFO]: TRAIN epoch: 12 loss: 0.2280, grad_norm: 0.22067706286907196, lr: 0.000965, time: 0.10s
[INFO]: TRAIN epoch: 12 loss: 0.0739, grad_norm: 0.15946756303310394, lr: 0.000965, time: 0.10s
[INFO]: TRAIN epoch: 12 loss: 0.1150, grad_norm: 0.27394238114356995, lr: 0.000965, time: 0.10s
[INFO]: TRAIN epoch: 12 loss: 0.2654, grad_norm: 0.3868112564086914, lr: 0.000965, time: 0.10s
[INFO]: TRAIN epoch: 12 loss: 0.2917, grad_norm: 0.38378629088401794, lr: 0.000965, time: 0.10s
[INFO]: TRAIN epoch: 12 loss: 0.2348, grad_norm: 0.4255114793777466, lr: 0.000965, time: 0.10s
[INFO]: TRAIN epoch: 12 loss: 0.5968, grad_norm: 0.47432073950767517, lr: 0.000965, time: 0.10s
[INFO]: TRAIN epoch: 12 loss: 0.6075, grad_norm: 0.3251176178455353, lr: 0.000965, time: 0.10s
[INFO]: TRAIN epoch: 12 loss: 0.1153, grad_norm: 0.2533864378929138, lr: 0.000965, time: 0.10s
[INFO]: TRAIN epoch: 12 loss: 0.1355, grad_norm: 0.22391504049301147, lr: 0.000965, time: 0.10s
[INFO]: TRAIN epoch: 12 loss: 0.3143, grad_norm: 0.6028221845626831, lr: 0.000965, time: 0.10s
[INFO]: TRAIN epoch: 12 loss: 0.1466, grad_norm: 0.3211677074432373, lr: 0.000965, time: 0.10s
[INFO]: TRAIN epoch: 12 loss: 0.1171, grad_norm: 0.2722516357898712, lr: 0.000965, time: 0.10s
[INFO]: TRAIN epoch: 12 loss: 0.2326, grad_norm: 0.30183082818984985, lr: 0.000965, time: 0.10s
[INFO]: TRAIN epoch: 12 loss: 0.0338, grad_norm: 0.10923270136117935, lr: 0.000965, time: 0.10s
[INFO]: TRAIN epoch: 12 loss: 0.2013, grad_norm: 0.43006086349487305, lr: 0.000965, time: 0.10s
[INFO]: TRAIN epoch: 12 loss: 0.2783, grad_norm: 0.46254006028175354, lr: 0.000965, time: 0.10s
[INFO]: TRAIN epoch: 12 loss: 0.2101, grad_norm: 0.2955004870891571, lr: 0.000965, time: 0.10s
[INFO]: TRAIN epoch: 12 loss: 0.1272, grad_norm: 0.3699962794780731, lr: 0.000965, time: 0.10s
[INFO]: TRAIN epoch: 12 loss: 0.3068, grad_norm: 0.29298627376556396, lr: 0.000965, time: 0.10s
[INFO]: TRAIN epoch: 12 loss: 0.2063, grad_norm: 0.5211452841758728, lr: 0.000965, time: 0.10s
[INFO]: TRAIN epoch: 12 loss: 0.2692, grad_norm: 0.4265047311782837, lr: 0.000965, time: 0.10s
[INFO]: TRAIN epoch: 12 loss: 0.1780, grad_norm: 0.3674532175064087, lr: 0.000965, time: 0.10s
[INFO]: TRAIN epoch: 12 loss: 0.1630, grad_norm: 0.39859431982040405, lr: 0.000965, time: 0.10s
[INFO]: TRAIN epoch: 12 loss: 0.1896, grad_norm: 0.36896467208862305, lr: 0.000965, time: 0.10s
[INFO]: TRAIN epoch: 12 loss: 0.3192, grad_norm: 0.3976777195930481, lr: 0.000965, time: 0.10s
[INFO]: TRAIN epoch: 12 loss: 0.3505, grad_norm: 0.3796274960041046, lr: 0.000965, time: 0.10s
[INFO]: TRAIN epoch: 12 loss: 0.0815, grad_norm: 0.2107224464416504, lr: 0.000965, time: 0.10s
[INFO]: TRAIN epoch: 12 loss: 0.1637, grad_norm: 0.2355547994375229, lr: 0.000965, time: 0.10s
[INFO]: TRAIN epoch: 12 loss: 0.1770, grad_norm: 0.4063195288181305, lr: 0.000965, time: 0.10s
[INFO]: TRAIN epoch: 12 loss: 0.3313, grad_norm: 0.42722976207733154, lr: 0.000965, time: 0.10s
[INFO]: TRAIN epoch: 12 loss: 0.2557, grad_norm: 0.4518999755382538, lr: 0.000965, time: 0.10s
[INFO]: TRAIN epoch: 12 loss: 0.4168, grad_norm: 0.4525148868560791, lr: 0.000965, time: 0.10s
[INFO]: TRAIN epoch: 12 loss: 0.0768, grad_norm: 0.2573370337486267, lr: 0.000965, time: 0.10s
[INFO]: TRAIN epoch: 12 loss: 0.2025, grad_norm: 0.42061862349510193, lr: 0.000965, time: 0.10s
[INFO]: TRAIN epoch: 12 loss: 0.1199, grad_norm: 0.2694709002971649, lr: 0.000965, time: 0.10s
[INFO]: TRAIN epoch: 12 loss: 0.3704, grad_norm: 0.4017793834209442, lr: 0.000965, time: 0.10s
[INFO]: TRAIN epoch: 12 loss: 0.3481, grad_norm: 0.4610807001590729, lr: 0.000965, time: 0.10s
[INFO]: TRAIN epoch: 12 loss: 0.0642, grad_norm: 0.18432514369487762, lr: 0.000965, time: 0.10s
[INFO]: TRAIN epoch: 12 loss: 0.3933, grad_norm: 0.33494630455970764, lr: 0.000965, time: 0.10s
[INFO]: TRAIN epoch: 12 loss: 0.1187, grad_norm: 0.26163360476493835, lr: 0.000965, time: 0.10s
[INFO]: TRAIN epoch: 12 loss: 0.0629, grad_norm: 0.1616096794605255, lr: 0.000965, time: 0.10s
[INFO]: TRAIN epoch: 12 loss: 0.0945, grad_norm: 0.20407834649085999, lr: 0.000965, time: 0.10s
[INFO]: TRAIN epoch: 12 loss: 0.0780, grad_norm: 0.17051944136619568, lr: 0.000965, time: 0.10s
[INFO]: TRAIN epoch: 12 loss: 0.3666, grad_norm: 0.44029170274734497, lr: 0.000965, time: 0.10s
[INFO]: TRAIN epoch: 12 loss: 0.0561, grad_norm: 0.14355778694152832, lr: 0.000965, time: 0.10s
[INFO]: TRAIN epoch: 12 loss: 0.0893, grad_norm: 0.24825914204120636, lr: 0.000965, time: 0.10s
[INFO]: TRAIN epoch: 12 loss: 0.0645, grad_norm: 0.18321390450000763, lr: 0.000965, time: 0.10s
[INFO]: TRAIN epoch: 12 loss: 0.1502, grad_norm: 0.37163659930229187, lr: 0.000965, time: 0.10s
[INFO]: TRAIN epoch: 12 loss: 0.1563, grad_norm: 0.32813596725463867, lr: 0.000965, time: 0.10s
[INFO]: TRAIN epoch: 12 loss: 0.0575, grad_norm: 0.13891102373600006, lr: 0.000965, time: 0.10s
[INFO]: TRAIN epoch: 12 loss: 0.2901, grad_norm: 0.47010645270347595, lr: 0.000965, time: 0.10s
[INFO]: TRAIN epoch: 12 loss: 0.2508, grad_norm: 0.3660062253475189, lr: 0.000965, time: 0.10s
[INFO]: TRAIN epoch: 12 loss: 0.0808, grad_norm: 0.22976373136043549, lr: 0.000965, time: 0.10s
[INFO]: TRAIN epoch: 12 loss: 0.1277, grad_norm: 0.2089388221502304, lr: 0.000965, time: 0.10s
[INFO]: TRAIN epoch: 12 loss: 0.3131, grad_norm: 0.4130266010761261, lr: 0.000965, time: 0.10s
[INFO]: TRAIN epoch: 12 loss: 0.2914, grad_norm: 0.4212455749511719, lr: 0.000965, time: 0.10s
[INFO]: TRAIN epoch: 12 loss: 0.2118, grad_norm: 0.4773908257484436, lr: 0.000965, time: 0.10s
[INFO]: TRAIN epoch: 12 loss: 0.3175, grad_norm: 0.43883952498435974, lr: 0.000965, time: 0.10s
[INFO]: TRAIN epoch: 12 loss: 0.4615, grad_norm: 0.4256080687046051, lr: 0.000965, time: 0.10s
[INFO]: TRAIN epoch: 12 loss: 0.2553, grad_norm: 0.34588879346847534, lr: 0.000965, time: 0.10s
[INFO]: TRAIN epoch: 12 loss: 0.0857, grad_norm: 0.25274214148521423, lr: 0.000965, time: 0.10s
[INFO]: TRAIN epoch: 12 loss: 0.2927, grad_norm: 0.3894640803337097, lr: 0.000965, time: 0.10s
[INFO]: TRAIN epoch: 12 loss: 0.0402, grad_norm: 0.14794325828552246, lr: 0.000965, time: 0.10s
[INFO]: TRAIN epoch: 12 loss: 0.5857, grad_norm: 0.48061177134513855, lr: 0.000965, time: 0.10s
[INFO]: TRAIN epoch: 12 loss: 0.2470, grad_norm: 0.3898637890815735, lr: 0.000965, time: 0.10s
[INFO]: TRAIN epoch: 12 loss: 0.0543, grad_norm: 0.21824055910110474, lr: 0.000965, time: 0.10s
[INFO]: TRAIN epoch: 12 loss: 0.1774, grad_norm: 0.35554543137550354, lr: 0.000965, time: 0.10s
[INFO]: TRAIN epoch: 12 loss: 0.2997, grad_norm: 0.408963680267334, lr: 0.000965, time: 0.10s
[INFO]: TRAIN epoch: 12 loss: 0.3370, grad_norm: 0.32397761940956116, lr: 0.000965, time: 0.10s
[INFO]: TRAIN epoch: 12 loss: 0.2747, grad_norm: 0.3502751290798187, lr: 0.000965, time: 0.10s
[INFO]: TRAIN epoch: 12 loss: 0.2720, grad_norm: 0.3560495972633362, lr: 0.000965, time: 0.10s
[INFO]: TRAIN epoch: 12 loss: 0.3501, grad_norm: 0.49550697207450867, lr: 0.000965, time: 0.10s
[INFO]: TRAIN epoch: 12 loss: 0.2778, grad_norm: 0.3995102047920227, lr: 0.000965, time: 0.10s
[INFO]: TRAIN epoch: 12 loss: 0.6070, grad_norm: 0.47245389223098755, lr: 0.000965, time: 0.10s
[INFO]: TRAIN epoch: 12 loss: 0.4419, grad_norm: 0.4308493733406067, lr: 0.000965, time: 0.10s
[INFO]: TRAIN epoch: 12 loss: 0.0504, grad_norm: 0.1685023307800293, lr: 0.000965, time: 0.10s
[INFO]: TRAIN epoch: 12 loss: 0.1351, grad_norm: 0.23941799998283386, lr: 0.000965, time: 0.10s
[INFO]: TRAIN epoch: 12 loss: 0.0949, grad_norm: 0.2181045114994049, lr: 0.000965, time: 0.10s
[INFO]: TRAIN epoch: 12 loss: 0.0707, grad_norm: 0.21491271257400513, lr: 0.000965, time: 0.10s
[INFO]: TRAIN epoch: 12 loss: 0.2753, grad_norm: 0.3376481831073761, lr: 0.000965, time: 0.10s
[INFO]: TRAIN epoch: 12 loss: 0.1286, grad_norm: 0.262982577085495, lr: 0.000965, time: 0.10s
[INFO]: TRAIN epoch: 12 loss: 0.3971, grad_norm: 0.5414122939109802, lr: 0.000965, time: 0.10s
[INFO]: TRAIN epoch: 12 loss: 0.1023, grad_norm: 0.2652284502983093, lr: 0.000965, time: 0.10s
[INFO]: TRAIN epoch: 12 loss: 0.0753, grad_norm: 0.20794497430324554, lr: 0.000965, time: 0.10s
[INFO]: TRAIN epoch: 12 loss: 0.3108, grad_norm: 0.39456361532211304, lr: 0.000965, time: 0.10s
[INFO]: TRAIN epoch: 12 loss: 0.0492, grad_norm: 0.1481589525938034, lr: 0.000965, time: 0.10s
[INFO]: TRAIN epoch: 12 loss: 0.1535, grad_norm: 0.3820508122444153, lr: 0.000965, time: 0.10s
[INFO]: TRAIN epoch: 12 loss: 0.3296, grad_norm: 0.4514598548412323, lr: 0.000965, time: 0.10s
[INFO]: TRAIN epoch: 12 loss: 0.3804, grad_norm: 0.37356746196746826, lr: 0.000965, time: 0.10s
[INFO]: TRAIN epoch: 12 loss: 0.0981, grad_norm: 0.25543883442878723, lr: 0.000965, time: 0.10s
[INFO]: TRAIN epoch: 12 loss: 0.0928, grad_norm: 0.3437023162841797, lr: 0.000965, time: 0.10s
[INFO]: TRAIN epoch: 12 loss: 0.0606, grad_norm: 0.20983439683914185, lr: 0.000965, time: 0.10s
[INFO]: TRAIN epoch: 12 loss: 0.0649, grad_norm: 0.15978476405143738, lr: 0.000965, time: 0.10s
[INFO]: TRAIN epoch: 12 loss: 0.3197, grad_norm: 0.3818565905094147, lr: 0.000965, time: 0.10s
[INFO]: TRAIN epoch: 12 loss: 0.3410, grad_norm: 0.3433747887611389, lr: 0.000965, time: 0.10s
[INFO]: TRAIN epoch: 12 loss: 0.0812, grad_norm: 0.26484671235084534, lr: 0.000965, time: 0.10s
[INFO]: TRAIN epoch: 12 loss: 0.4478, grad_norm: 0.3112882971763611, lr: 0.000965, time: 0.10s
[INFO]: TRAIN epoch: 12 loss: 0.2496, grad_norm: 0.404519647359848, lr: 0.000965, time: 0.10s
[INFO]: TRAIN epoch: 12 loss: 0.2244, grad_norm: 0.32874011993408203, lr: 0.000965, time: 0.10s
[INFO]: TRAIN epoch: 12 loss: 0.4266, grad_norm: 0.3547867238521576, lr: 0.000965, time: 0.10s
[INFO]: TRAIN epoch: 12 loss: 0.0646, grad_norm: 0.15866875648498535, lr: 0.000965, time: 0.10s
[INFO]: TRAIN epoch: 12 loss: 0.4939, grad_norm: 0.33716320991516113, lr: 0.000965, time: 0.10s
[INFO]: TRAIN epoch: 12 loss: 0.1138, grad_norm: 0.3204147219657898, lr: 0.000965, time: 0.10s
[INFO]: TRAIN epoch: 12 loss: 0.0346, grad_norm: 0.10330501198768616, lr: 0.000965, time: 0.10s
[INFO]: TRAIN epoch: 12 loss: 0.2373, grad_norm: 0.3147495985031128, lr: 0.000965, time: 0.10s
[INFO]: TRAIN epoch: 12 loss: 0.0590, grad_norm: 0.23555634915828705, lr: 0.000965, time: 0.10s
[INFO]: TRAIN epoch: 12 loss: 0.1321, grad_norm: 0.26671457290649414, lr: 0.000965, time: 0.10s
[INFO]: TRAIN epoch: 12 loss: 0.2946, grad_norm: 0.3731189966201782, lr: 0.000965, time: 0.10s
[INFO]: TRAIN epoch: 12 loss: 0.2821, grad_norm: 0.3820428252220154, lr: 0.000965, time: 0.10s
[INFO]: TRAIN epoch: 12 loss: 0.4744, grad_norm: 0.43460410833358765, lr: 0.000965, time: 0.10s
[INFO]: TRAIN epoch: 12 loss: 0.0849, grad_norm: 0.25721749663352966, lr: 0.000965, time: 0.10s
[INFO]: TRAIN epoch: 12 loss: 0.2648, grad_norm: 0.383637011051178, lr: 0.000965, time: 0.10s
[INFO]: TRAIN epoch: 12 loss: 0.2456, grad_norm: 0.344785213470459, lr: 0.000965, time: 0.10s
[INFO]: TRAIN epoch: 12 loss: 0.2956, grad_norm: 0.35689759254455566, lr: 0.000965, time: 0.10s
[INFO]: TRAIN epoch: 12 loss: 0.1129, grad_norm: 0.28197231888771057, lr: 0.000965, time: 0.10s
[INFO]: TRAIN epoch: 12 loss: 0.1929, grad_norm: 0.27412495017051697, lr: 0.000965, time: 0.10s
[INFO]: TRAIN epoch: 12 loss: 0.2909, grad_norm: 0.3580385446548462, lr: 0.000965, time: 0.10s
[INFO]: TRAIN epoch: 12 loss: 0.2428, grad_norm: 0.337115615606308, lr: 0.000965, time: 0.10s
[INFO]: TRAIN epoch: 12 loss: 0.3434, grad_norm: 0.44772955775260925, lr: 0.000965, time: 0.10s
[INFO]: TRAIN epoch: 12 loss: 0.1068, grad_norm: 0.2278689444065094, lr: 0.000965, time: 0.10s
[INFO]: TRAIN epoch: 12 loss: 0.1194, grad_norm: 0.25045835971832275, lr: 0.000965, time: 0.10s
[INFO]: TRAIN epoch: 12 loss: 0.4525, grad_norm: 0.4574413299560547, lr: 0.000965, time: 0.10s
[INFO]: TRAIN epoch: 12 loss: 0.3316, grad_norm: 0.5035351514816284, lr: 0.000965, time: 0.10s
[INFO]: TRAIN epoch: 12 loss: 0.0963, grad_norm: 0.2238135039806366, lr: 0.000965, time: 0.10s
[INFO]: TRAIN epoch: 12 loss: 0.4395, grad_norm: 0.3679596185684204, lr: 0.000965, time: 0.10s
[INFO]: TRAIN epoch: 12 loss: 0.1157, grad_norm: 0.25581297278404236, lr: 0.000965, time: 0.10s
[INFO]: TRAIN epoch: 12 loss: 0.1811, grad_norm: 0.3324953615665436, lr: 0.000965, time: 0.10s
[INFO]: TRAIN epoch: 12 loss: 0.2864, grad_norm: 0.38312453031539917, lr: 0.000965, time: 0.10s
[INFO]: TRAIN epoch: 12 loss: 0.6253, grad_norm: 0.4116659164428711, lr: 0.000965, time: 0.10s
[INFO]: TRAIN epoch: 12 loss: 0.2147, grad_norm: 0.31374984979629517, lr: 0.000965, time: 0.10s
[INFO]: TRAIN epoch: 12 loss: 0.1745, grad_norm: 0.2775145471096039, lr: 0.000965, time: 0.10s
[INFO]: TRAIN epoch: 12 loss: 0.2199, grad_norm: 0.36159539222717285, lr: 0.000965, time: 0.10s
[INFO]: TRAIN epoch summary: 12 loss: 0.2305
[INFO]: VALIDATION epoch: 12 loss: 0.2852
[INFO]: TRAIN epoch: 13 loss: 0.1404, grad_norm: 0.263043612241745, lr: 0.000959, time: 0.12s
[INFO]: TRAIN epoch: 13 loss: 0.6261, grad_norm: 0.38730645179748535, lr: 0.000959, time: 0.10s
[INFO]: TRAIN epoch: 13 loss: 0.2290, grad_norm: 0.28538060188293457, lr: 0.000959, time: 0.10s
[INFO]: TRAIN epoch: 13 loss: 0.3161, grad_norm: 0.35480624437332153, lr: 0.000959, time: 0.10s
[INFO]: TRAIN epoch: 13 loss: 0.1833, grad_norm: 0.28040581941604614, lr: 0.000959, time: 0.10s
[INFO]: TRAIN epoch: 13 loss: 0.0678, grad_norm: 0.16885311901569366, lr: 0.000959, time: 0.10s
[INFO]: TRAIN epoch: 13 loss: 0.2487, grad_norm: 0.42115548253059387, lr: 0.000959, time: 0.10s
[INFO]: TRAIN epoch: 13 loss: 0.3136, grad_norm: 0.3177958130836487, lr: 0.000959, time: 0.10s
[INFO]: TRAIN epoch: 13 loss: 0.0668, grad_norm: 0.1979358047246933, lr: 0.000959, time: 0.10s
[INFO]: TRAIN epoch: 13 loss: 0.2264, grad_norm: 0.3134685754776001, lr: 0.000959, time: 0.10s
[INFO]: TRAIN epoch: 13 loss: 0.2061, grad_norm: 0.35001376271247864, lr: 0.000959, time: 0.10s
[INFO]: TRAIN epoch: 13 loss: 0.2590, grad_norm: 0.23666155338287354, lr: 0.000959, time: 0.10s
[INFO]: TRAIN epoch: 13 loss: 0.1436, grad_norm: 0.31241679191589355, lr: 0.000959, time: 0.10s
[INFO]: TRAIN epoch: 13 loss: 0.3274, grad_norm: 0.5847445726394653, lr: 0.000959, time: 0.10s
[INFO]: TRAIN epoch: 13 loss: 0.0474, grad_norm: 0.14373502135276794, lr: 0.000959, time: 0.10s
[INFO]: TRAIN epoch: 13 loss: 0.2073, grad_norm: 0.38442638516426086, lr: 0.000959, time: 0.10s
[INFO]: TRAIN epoch: 13 loss: 0.0694, grad_norm: 0.20000557601451874, lr: 0.000959, time: 0.10s
[INFO]: TRAIN epoch: 13 loss: 0.0941, grad_norm: 0.2615382969379425, lr: 0.000959, time: 0.10s
[INFO]: TRAIN epoch: 13 loss: 0.2877, grad_norm: 0.29807713627815247, lr: 0.000959, time: 0.10s
[INFO]: TRAIN epoch: 13 loss: 0.3373, grad_norm: 0.3476319909095764, lr: 0.000959, time: 0.10s
[INFO]: TRAIN epoch: 13 loss: 0.3294, grad_norm: 0.43522197008132935, lr: 0.000959, time: 0.10s
[INFO]: TRAIN epoch: 13 loss: 0.0777, grad_norm: 0.19710585474967957, lr: 0.000959, time: 0.10s
[INFO]: TRAIN epoch: 13 loss: 0.0420, grad_norm: 0.12055988609790802, lr: 0.000959, time: 0.10s
[INFO]: TRAIN epoch: 13 loss: 0.0377, grad_norm: 0.11762606352567673, lr: 0.000959, time: 0.10s
[INFO]: TRAIN epoch: 13 loss: 0.3349, grad_norm: 0.5226047039031982, lr: 0.000959, time: 0.10s
[INFO]: TRAIN epoch: 13 loss: 0.3549, grad_norm: 0.4077380895614624, lr: 0.000959, time: 0.10s
[INFO]: TRAIN epoch: 13 loss: 0.2862, grad_norm: 0.46338167786598206, lr: 0.000959, time: 0.10s
[INFO]: TRAIN epoch: 13 loss: 0.0877, grad_norm: 0.28163057565689087, lr: 0.000959, time: 0.10s
[INFO]: TRAIN epoch: 13 loss: 0.4483, grad_norm: 0.3671156167984009, lr: 0.000959, time: 0.10s
[INFO]: TRAIN epoch: 13 loss: 0.2587, grad_norm: 0.3992615342140198, lr: 0.000959, time: 0.10s
[INFO]: TRAIN epoch: 13 loss: 0.0411, grad_norm: 0.15249505639076233, lr: 0.000959, time: 0.10s
[INFO]: TRAIN epoch: 13 loss: 0.4799, grad_norm: 0.39361050724983215, lr: 0.000959, time: 0.10s
[INFO]: TRAIN epoch: 13 loss: 0.3166, grad_norm: 0.33913177251815796, lr: 0.000959, time: 0.10s
[INFO]: TRAIN epoch: 13 loss: 0.1649, grad_norm: 0.2821390628814697, lr: 0.000959, time: 0.10s
[INFO]: TRAIN epoch: 13 loss: 0.2843, grad_norm: 0.30425068736076355, lr: 0.000959, time: 0.10s
[INFO]: TRAIN epoch: 13 loss: 0.2281, grad_norm: 0.2781054675579071, lr: 0.000959, time: 0.10s
[INFO]: TRAIN epoch: 13 loss: 0.3285, grad_norm: 0.35706228017807007, lr: 0.000959, time: 0.10s
[INFO]: TRAIN epoch: 13 loss: 0.0431, grad_norm: 0.1602904349565506, lr: 0.000959, time: 0.10s
[INFO]: TRAIN epoch: 13 loss: 0.2095, grad_norm: 0.3046317994594574, lr: 0.000959, time: 0.10s
[INFO]: TRAIN epoch: 13 loss: 0.1268, grad_norm: 0.29458919167518616, lr: 0.000959, time: 0.10s
[INFO]: TRAIN epoch: 13 loss: 0.6211, grad_norm: 0.47239211201667786, lr: 0.000959, time: 0.10s
[INFO]: TRAIN epoch: 13 loss: 0.0891, grad_norm: 0.22553585469722748, lr: 0.000959, time: 0.10s
[INFO]: TRAIN epoch: 13 loss: 0.1207, grad_norm: 0.19828511774539948, lr: 0.000959, time: 0.10s
[INFO]: TRAIN epoch: 13 loss: 0.1418, grad_norm: 0.32587021589279175, lr: 0.000959, time: 0.10s
[INFO]: TRAIN epoch: 13 loss: 0.2016, grad_norm: 0.26491445302963257, lr: 0.000959, time: 0.10s
[INFO]: TRAIN epoch: 13 loss: 0.2214, grad_norm: 0.37521758675575256, lr: 0.000959, time: 0.10s
[INFO]: TRAIN epoch: 13 loss: 0.1667, grad_norm: 0.32602718472480774, lr: 0.000959, time: 0.10s
[INFO]: TRAIN epoch: 13 loss: 0.1739, grad_norm: 0.6442505121231079, lr: 0.000959, time: 0.10s
[INFO]: TRAIN epoch: 13 loss: 0.1661, grad_norm: 0.460747629404068, lr: 0.000959, time: 0.10s
[INFO]: TRAIN epoch: 13 loss: 0.0855, grad_norm: 0.2360902726650238, lr: 0.000959, time: 0.10s
[INFO]: TRAIN epoch: 13 loss: 0.1000, grad_norm: 0.19241675734519958, lr: 0.000959, time: 0.10s
[INFO]: TRAIN epoch: 13 loss: 0.0754, grad_norm: 0.18640980124473572, lr: 0.000959, time: 0.10s
[INFO]: TRAIN epoch: 13 loss: 0.1972, grad_norm: 0.26553118228912354, lr: 0.000959, time: 0.10s
[INFO]: TRAIN epoch: 13 loss: 0.1498, grad_norm: 0.4582121670246124, lr: 0.000959, time: 0.10s
[INFO]: TRAIN epoch: 13 loss: 0.2450, grad_norm: 0.4425736665725708, lr: 0.000959, time: 0.10s
[INFO]: TRAIN epoch: 13 loss: 0.0954, grad_norm: 0.2455189824104309, lr: 0.000959, time: 0.10s
[INFO]: TRAIN epoch: 13 loss: 0.0883, grad_norm: 0.21086803078651428, lr: 0.000959, time: 0.10s
[INFO]: TRAIN epoch: 13 loss: 0.3123, grad_norm: 0.3693845570087433, lr: 0.000959, time: 0.10s
[INFO]: TRAIN epoch: 13 loss: 0.3666, grad_norm: 0.4314896762371063, lr: 0.000959, time: 0.10s
[INFO]: TRAIN epoch: 13 loss: 0.3527, grad_norm: 0.5241076946258545, lr: 0.000959, time: 0.10s
[INFO]: TRAIN epoch: 13 loss: 0.2760, grad_norm: 0.509070098400116, lr: 0.000959, time: 0.10s
[INFO]: TRAIN epoch: 13 loss: 0.2363, grad_norm: 0.3264937400817871, lr: 0.000959, time: 0.10s
[INFO]: TRAIN epoch: 13 loss: 0.0780, grad_norm: 0.1889907568693161, lr: 0.000959, time: 0.10s
[INFO]: TRAIN epoch: 13 loss: 0.0688, grad_norm: 0.22598940134048462, lr: 0.000959, time: 0.10s
[INFO]: TRAIN epoch: 13 loss: 0.0914, grad_norm: 0.2295239269733429, lr: 0.000959, time: 0.10s
[INFO]: TRAIN epoch: 13 loss: 0.1163, grad_norm: 0.23031292855739594, lr: 0.000959, time: 0.10s
[INFO]: TRAIN epoch: 13 loss: 0.2074, grad_norm: 0.27132657170295715, lr: 0.000959, time: 0.10s
[INFO]: TRAIN epoch: 13 loss: 0.1307, grad_norm: 0.23803207278251648, lr: 0.000959, time: 0.10s
[INFO]: TRAIN epoch: 13 loss: 0.1790, grad_norm: 0.3191069960594177, lr: 0.000959, time: 0.10s
[INFO]: TRAIN epoch: 13 loss: 0.1621, grad_norm: 0.36587274074554443, lr: 0.000959, time: 0.10s
[INFO]: TRAIN epoch: 13 loss: 0.3536, grad_norm: 0.3851027190685272, lr: 0.000959, time: 0.10s
[INFO]: TRAIN epoch: 13 loss: 0.5148, grad_norm: 0.4975089430809021, lr: 0.000959, time: 0.10s
[INFO]: TRAIN epoch: 13 loss: 0.1985, grad_norm: 0.37778714299201965, lr: 0.000959, time: 0.10s
[INFO]: TRAIN epoch: 13 loss: 0.1848, grad_norm: 0.4739125370979309, lr: 0.000959, time: 0.10s
[INFO]: TRAIN epoch: 13 loss: 0.2309, grad_norm: 0.3444957137107849, lr: 0.000959, time: 0.10s
[INFO]: TRAIN epoch: 13 loss: 0.1650, grad_norm: 0.338443785905838, lr: 0.000959, time: 0.10s
[INFO]: TRAIN epoch: 13 loss: 0.6397, grad_norm: 0.5388872623443604, lr: 0.000959, time: 0.10s
[INFO]: TRAIN epoch: 13 loss: 0.2169, grad_norm: 0.29535964131355286, lr: 0.000959, time: 0.10s
[INFO]: TRAIN epoch: 13 loss: 0.1309, grad_norm: 0.3074376881122589, lr: 0.000959, time: 0.10s
[INFO]: TRAIN epoch: 13 loss: 0.1022, grad_norm: 0.27925392985343933, lr: 0.000959, time: 0.10s
[INFO]: TRAIN epoch: 13 loss: 0.1361, grad_norm: 0.2876491844654083, lr: 0.000959, time: 0.10s
[INFO]: TRAIN epoch: 13 loss: 0.2426, grad_norm: 0.5804054737091064, lr: 0.000959, time: 0.10s
[INFO]: TRAIN epoch: 13 loss: 0.0538, grad_norm: 0.19371646642684937, lr: 0.000959, time: 0.10s
[INFO]: TRAIN epoch: 13 loss: 0.1201, grad_norm: 0.2490006387233734, lr: 0.000959, time: 0.10s
[INFO]: TRAIN epoch: 13 loss: 0.1173, grad_norm: 0.2240334153175354, lr: 0.000959, time: 0.10s
[INFO]: TRAIN epoch: 13 loss: 0.0904, grad_norm: 0.24127301573753357, lr: 0.000959, time: 0.10s
[INFO]: TRAIN epoch: 13 loss: 0.1144, grad_norm: 0.24620170891284943, lr: 0.000959, time: 0.10s
[INFO]: TRAIN epoch: 13 loss: 0.3310, grad_norm: 0.47765952348709106, lr: 0.000959, time: 0.10s
[INFO]: TRAIN epoch: 13 loss: 0.0957, grad_norm: 0.17381396889686584, lr: 0.000959, time: 0.10s
[INFO]: TRAIN epoch: 13 loss: 0.2418, grad_norm: 0.35094529390335083, lr: 0.000959, time: 0.10s
[INFO]: TRAIN epoch: 13 loss: 0.1707, grad_norm: 0.2817278206348419, lr: 0.000959, time: 0.10s
[INFO]: TRAIN epoch: 13 loss: 0.2147, grad_norm: 0.293661892414093, lr: 0.000959, time: 0.10s
[INFO]: TRAIN epoch: 13 loss: 0.3222, grad_norm: 0.30785346031188965, lr: 0.000959, time: 0.10s
[INFO]: TRAIN epoch: 13 loss: 0.0905, grad_norm: 0.2432325929403305, lr: 0.000959, time: 0.10s
[INFO]: TRAIN epoch: 13 loss: 0.1007, grad_norm: 0.2577037811279297, lr: 0.000959, time: 0.10s
[INFO]: TRAIN epoch: 13 loss: 0.1537, grad_norm: 0.298251211643219, lr: 0.000959, time: 0.10s
[INFO]: TRAIN epoch: 13 loss: 0.0720, grad_norm: 0.1919478476047516, lr: 0.000959, time: 0.10s
[INFO]: TRAIN epoch: 13 loss: 0.2424, grad_norm: 0.3302997648715973, lr: 0.000959, time: 0.10s
[INFO]: TRAIN epoch: 13 loss: 0.1628, grad_norm: 0.35137683153152466, lr: 0.000959, time: 0.10s
[INFO]: TRAIN epoch: 13 loss: 0.0507, grad_norm: 0.17461800575256348, lr: 0.000959, time: 0.10s
[INFO]: TRAIN epoch: 13 loss: 0.1989, grad_norm: 0.36769917607307434, lr: 0.000959, time: 0.10s
[INFO]: TRAIN epoch: 13 loss: 0.2503, grad_norm: 0.3199477195739746, lr: 0.000959, time: 0.10s
[INFO]: TRAIN epoch: 13 loss: 0.0906, grad_norm: 0.26384758949279785, lr: 0.000959, time: 0.10s
[INFO]: TRAIN epoch: 13 loss: 0.3059, grad_norm: 0.37817367911338806, lr: 0.000959, time: 0.10s
[INFO]: TRAIN epoch: 13 loss: 0.3836, grad_norm: 0.3632090985774994, lr: 0.000959, time: 0.10s
[INFO]: TRAIN epoch: 13 loss: 0.1215, grad_norm: 0.43379127979278564, lr: 0.000959, time: 0.10s
[INFO]: TRAIN epoch: 13 loss: 0.1741, grad_norm: 0.46185168623924255, lr: 0.000959, time: 0.10s
[INFO]: TRAIN epoch: 13 loss: 0.2449, grad_norm: 0.383315771818161, lr: 0.000959, time: 0.10s
[INFO]: TRAIN epoch: 13 loss: 0.2071, grad_norm: 0.3833824396133423, lr: 0.000959, time: 0.10s
[INFO]: TRAIN epoch: 13 loss: 0.2802, grad_norm: 0.4000066816806793, lr: 0.000959, time: 0.10s
[INFO]: TRAIN epoch: 13 loss: 0.1873, grad_norm: 0.3120609223842621, lr: 0.000959, time: 0.10s
[INFO]: TRAIN epoch: 13 loss: 0.0704, grad_norm: 0.23934903740882874, lr: 0.000959, time: 0.10s
[INFO]: TRAIN epoch: 13 loss: 0.3105, grad_norm: 0.34658002853393555, lr: 0.000959, time: 0.10s
[INFO]: TRAIN epoch: 13 loss: 0.1150, grad_norm: 0.26365846395492554, lr: 0.000959, time: 0.10s
[INFO]: TRAIN epoch: 13 loss: 0.0715, grad_norm: 0.20125773549079895, lr: 0.000959, time: 0.10s
[INFO]: TRAIN epoch: 13 loss: 0.2000, grad_norm: 0.37444648146629333, lr: 0.000959, time: 0.10s
[INFO]: TRAIN epoch: 13 loss: 0.2196, grad_norm: 0.299821138381958, lr: 0.000959, time: 0.10s
[INFO]: TRAIN epoch: 13 loss: 0.0828, grad_norm: 0.19812633097171783, lr: 0.000959, time: 0.10s
[INFO]: TRAIN epoch: 13 loss: 0.0894, grad_norm: 0.276407927274704, lr: 0.000959, time: 0.10s
[INFO]: TRAIN epoch: 13 loss: 0.2263, grad_norm: 0.35412293672561646, lr: 0.000959, time: 0.10s
[INFO]: TRAIN epoch: 13 loss: 0.4151, grad_norm: 0.34742340445518494, lr: 0.000959, time: 0.10s
[INFO]: TRAIN epoch: 13 loss: 0.1384, grad_norm: 0.27113035321235657, lr: 0.000959, time: 0.10s
[INFO]: TRAIN epoch: 13 loss: 0.1835, grad_norm: 0.2284363955259323, lr: 0.000959, time: 0.10s
[INFO]: TRAIN epoch: 13 loss: 0.0597, grad_norm: 0.1965491771697998, lr: 0.000959, time: 0.10s
[INFO]: TRAIN epoch: 13 loss: 0.0672, grad_norm: 0.17543964087963104, lr: 0.000959, time: 0.10s
[INFO]: TRAIN epoch: 13 loss: 0.3006, grad_norm: 0.4083629548549652, lr: 0.000959, time: 0.10s
[INFO]: TRAIN epoch: 13 loss: 0.0956, grad_norm: 0.24445122480392456, lr: 0.000959, time: 0.10s
[INFO]: TRAIN epoch: 13 loss: 0.1086, grad_norm: 0.2768784165382385, lr: 0.000959, time: 0.10s
[INFO]: TRAIN epoch: 13 loss: 0.3898, grad_norm: 0.3547779321670532, lr: 0.000959, time: 0.10s
[INFO]: TRAIN epoch: 13 loss: 0.3853, grad_norm: 0.6831648349761963, lr: 0.000959, time: 0.10s
[INFO]: TRAIN epoch: 13 loss: 0.0770, grad_norm: 0.18266476690769196, lr: 0.000959, time: 0.10s
[INFO]: TRAIN epoch: 13 loss: 0.3003, grad_norm: 0.36375004053115845, lr: 0.000959, time: 0.10s
[INFO]: TRAIN epoch: 13 loss: 0.1365, grad_norm: 0.3072583079338074, lr: 0.000959, time: 0.10s
[INFO]: TRAIN epoch: 13 loss: 0.2069, grad_norm: 0.35816699266433716, lr: 0.000959, time: 0.10s
[INFO]: TRAIN epoch: 13 loss: 0.2969, grad_norm: 0.48110613226890564, lr: 0.000959, time: 0.10s
[INFO]: TRAIN epoch: 13 loss: 0.1196, grad_norm: 0.2616840898990631, lr: 0.000959, time: 0.10s
[INFO]: TRAIN epoch: 13 loss: 0.2264, grad_norm: 0.36058786511421204, lr: 0.000959, time: 0.10s
[INFO]: TRAIN epoch: 13 loss: 0.1145, grad_norm: 0.24589672684669495, lr: 0.000959, time: 0.10s
[INFO]: TRAIN epoch: 13 loss: 0.1961, grad_norm: 0.3627015948295593, lr: 0.000959, time: 0.10s
[INFO]: TRAIN epoch: 13 loss: 0.2340, grad_norm: 0.3388855755329132, lr: 0.000959, time: 0.10s
[INFO]: TRAIN epoch: 13 loss: 0.0966, grad_norm: 0.25845152139663696, lr: 0.000959, time: 0.10s
[INFO]: TRAIN epoch: 13 loss: 0.1809, grad_norm: 0.3715164065361023, lr: 0.000959, time: 0.10s
[INFO]: TRAIN epoch: 13 loss: 0.3235, grad_norm: 0.36395812034606934, lr: 0.000959, time: 0.10s
[INFO]: TRAIN epoch: 13 loss: 0.2723, grad_norm: 0.47009697556495667, lr: 0.000959, time: 0.10s
[INFO]: TRAIN epoch: 13 loss: 0.1121, grad_norm: 0.2958452105522156, lr: 0.000959, time: 0.10s
[INFO]: TRAIN epoch: 13 loss: 0.1576, grad_norm: 0.3078536093235016, lr: 0.000959, time: 0.10s
[INFO]: TRAIN epoch: 13 loss: 0.0624, grad_norm: 0.16559180617332458, lr: 0.000959, time: 0.10s
[INFO]: TRAIN epoch: 13 loss: 0.0587, grad_norm: 0.20845049619674683, lr: 0.000959, time: 0.10s
[INFO]: TRAIN epoch: 13 loss: 0.0943, grad_norm: 0.22829684615135193, lr: 0.000959, time: 0.10s
[INFO]: TRAIN epoch: 13 loss: 0.2036, grad_norm: 0.39548465609550476, lr: 0.000959, time: 0.10s
[INFO]: TRAIN epoch: 13 loss: 0.1878, grad_norm: 0.31990331411361694, lr: 0.000959, time: 0.10s
[INFO]: TRAIN epoch: 13 loss: 0.1788, grad_norm: 0.37936243414878845, lr: 0.000959, time: 0.10s
[INFO]: TRAIN epoch: 13 loss: 0.2262, grad_norm: 0.34580543637275696, lr: 0.000959, time: 0.10s
[INFO]: TRAIN epoch: 13 loss: 0.0816, grad_norm: 0.17427681386470795, lr: 0.000959, time: 0.10s
[INFO]: TRAIN epoch: 13 loss: 0.4487, grad_norm: 0.3804643154144287, lr: 0.000959, time: 0.10s
[INFO]: TRAIN epoch: 13 loss: 0.0515, grad_norm: 0.16041135787963867, lr: 0.000959, time: 0.10s
[INFO]: TRAIN epoch: 13 loss: 0.3569, grad_norm: 0.372702419757843, lr: 0.000959, time: 0.10s
[INFO]: TRAIN epoch: 13 loss: 0.0841, grad_norm: 0.1947145313024521, lr: 0.000959, time: 0.10s
[INFO]: TRAIN epoch: 13 loss: 0.2607, grad_norm: 0.32451486587524414, lr: 0.000959, time: 0.10s
[INFO]: TRAIN epoch: 13 loss: 0.2089, grad_norm: 0.3027806878089905, lr: 0.000959, time: 0.10s
[INFO]: TRAIN epoch: 13 loss: 0.2797, grad_norm: 0.3372892737388611, lr: 0.000959, time: 0.10s
[INFO]: TRAIN epoch: 13 loss: 0.0889, grad_norm: 0.18669867515563965, lr: 0.000959, time: 0.10s
[INFO]: TRAIN epoch: 13 loss: 0.0996, grad_norm: 0.24788421392440796, lr: 0.000959, time: 0.10s
[INFO]: TRAIN epoch: 13 loss: 0.1696, grad_norm: 0.32636815309524536, lr: 0.000959, time: 0.10s
[INFO]: TRAIN epoch: 13 loss: 0.1373, grad_norm: 0.28097760677337646, lr: 0.000959, time: 0.10s
[INFO]: TRAIN epoch: 13 loss: 0.3732, grad_norm: 0.38718876242637634, lr: 0.000959, time: 0.10s
[INFO]: TRAIN epoch: 13 loss: 0.1010, grad_norm: 0.24360457062721252, lr: 0.000959, time: 0.10s
[INFO]: TRAIN epoch: 13 loss: 0.0972, grad_norm: 0.26288461685180664, lr: 0.000959, time: 0.10s
[INFO]: TRAIN epoch: 13 loss: 0.2366, grad_norm: 0.4405834972858429, lr: 0.000959, time: 0.10s
[INFO]: TRAIN epoch: 13 loss: 0.4060, grad_norm: 0.4470764696598053, lr: 0.000959, time: 0.10s
[INFO]: TRAIN epoch: 13 loss: 0.0629, grad_norm: 0.19235621392726898, lr: 0.000959, time: 0.10s
[INFO]: TRAIN epoch: 13 loss: 0.1092, grad_norm: 0.3051702082157135, lr: 0.000959, time: 0.10s
[INFO]: TRAIN epoch: 13 loss: 0.0680, grad_norm: 0.20344068109989166, lr: 0.000959, time: 0.10s
[INFO]: TRAIN epoch: 13 loss: 0.0844, grad_norm: 0.19468766450881958, lr: 0.000959, time: 0.10s
[INFO]: TRAIN epoch: 13 loss: 0.2780, grad_norm: 0.41122424602508545, lr: 0.000959, time: 0.10s
[INFO]: TRAIN epoch: 13 loss: 0.1229, grad_norm: 0.24519190192222595, lr: 0.000959, time: 0.10s
[INFO]: TRAIN epoch: 13 loss: 0.5155, grad_norm: 0.4521687924861908, lr: 0.000959, time: 0.10s
[INFO]: TRAIN epoch: 13 loss: 0.4060, grad_norm: 0.5595790147781372, lr: 0.000959, time: 0.10s
[INFO]: TRAIN epoch: 13 loss: 0.2477, grad_norm: 0.41231733560562134, lr: 0.000959, time: 0.10s
[INFO]: TRAIN epoch: 13 loss: 0.0775, grad_norm: 0.20189012587070465, lr: 0.000959, time: 0.10s
[INFO]: TRAIN epoch: 13 loss: 0.0580, grad_norm: 0.19857488572597504, lr: 0.000959, time: 0.10s
[INFO]: TRAIN epoch: 13 loss: 0.3717, grad_norm: 0.4256497621536255, lr: 0.000959, time: 0.10s
[INFO]: TRAIN epoch: 13 loss: 0.2019, grad_norm: 0.39390507340431213, lr: 0.000959, time: 0.10s
[INFO]: TRAIN epoch: 13 loss: 0.2157, grad_norm: 0.41528603434562683, lr: 0.000959, time: 0.10s
[INFO]: TRAIN epoch: 13 loss: 0.0994, grad_norm: 0.23867915570735931, lr: 0.000959, time: 0.10s
[INFO]: TRAIN epoch: 13 loss: 0.2577, grad_norm: 0.37000760436058044, lr: 0.000959, time: 0.10s
[INFO]: TRAIN epoch: 13 loss: 0.2086, grad_norm: 0.3159469664096832, lr: 0.000959, time: 0.10s
[INFO]: TRAIN epoch: 13 loss: 0.3914, grad_norm: 0.46534204483032227, lr: 0.000959, time: 0.10s
[INFO]: TRAIN epoch: 13 loss: 0.0391, grad_norm: 0.12188536673784256, lr: 0.000959, time: 0.11s
[INFO]: TRAIN epoch: 13 loss: 0.4444, grad_norm: 0.40112489461898804, lr: 0.000959, time: 0.10s
[INFO]: TRAIN epoch: 13 loss: 0.1279, grad_norm: 0.19130074977874756, lr: 0.000959, time: 0.10s
[INFO]: TRAIN epoch: 13 loss: 0.2673, grad_norm: 0.4513476490974426, lr: 0.000959, time: 0.10s
[INFO]: TRAIN epoch: 13 loss: 0.0713, grad_norm: 0.24200786650180817, lr: 0.000959, time: 0.10s
[INFO]: TRAIN epoch: 13 loss: 0.3047, grad_norm: 0.3920139670372009, lr: 0.000959, time: 0.10s
[INFO]: TRAIN epoch: 13 loss: 0.1264, grad_norm: 0.3173695206642151, lr: 0.000959, time: 0.10s
[INFO]: TRAIN epoch: 13 loss: 0.2281, grad_norm: 0.42048317193984985, lr: 0.000959, time: 0.10s
[INFO]: TRAIN epoch: 13 loss: 0.1386, grad_norm: 0.29968637228012085, lr: 0.000959, time: 0.10s
[INFO]: TRAIN epoch: 13 loss: 0.3019, grad_norm: 0.3674848973751068, lr: 0.000959, time: 0.11s
[INFO]: TRAIN epoch: 13 loss: 0.1664, grad_norm: 0.3330259621143341, lr: 0.000959, time: 0.10s
[INFO]: TRAIN epoch: 13 loss: 0.2136, grad_norm: 0.430379182100296, lr: 0.000959, time: 0.10s
[INFO]: TRAIN epoch: 13 loss: 0.2578, grad_norm: 0.33069220185279846, lr: 0.000959, time: 0.10s
[INFO]: TRAIN epoch: 13 loss: 0.2942, grad_norm: 0.3140963912010193, lr: 0.000959, time: 0.10s
[INFO]: TRAIN epoch: 13 loss: 0.3335, grad_norm: 0.3710818886756897, lr: 0.000959, time: 0.10s
[INFO]: TRAIN epoch: 13 loss: 0.2976, grad_norm: 0.42334792017936707, lr: 0.000959, time: 0.10s
[INFO]: TRAIN epoch: 13 loss: 0.1855, grad_norm: 0.3626715838909149, lr: 0.000959, time: 0.10s
[INFO]: TRAIN epoch: 13 loss: 0.0800, grad_norm: 0.21116773784160614, lr: 0.000959, time: 0.10s
[INFO]: TRAIN epoch: 13 loss: 0.1533, grad_norm: 0.3719955384731293, lr: 0.000959, time: 0.10s
[INFO]: TRAIN epoch: 13 loss: 0.4170, grad_norm: 0.39227375388145447, lr: 0.000959, time: 0.10s
[INFO]: TRAIN epoch: 13 loss: 0.1255, grad_norm: 0.2817497253417969, lr: 0.000959, time: 0.11s
[INFO]: TRAIN epoch: 13 loss: 0.1962, grad_norm: 0.44351688027381897, lr: 0.000959, time: 0.10s
[INFO]: TRAIN epoch: 13 loss: 0.2447, grad_norm: 0.410135418176651, lr: 0.000959, time: 0.10s
[INFO]: TRAIN epoch: 13 loss: 0.4072, grad_norm: 0.3989427983760834, lr: 0.000959, time: 0.10s
[INFO]: TRAIN epoch: 13 loss: 0.3368, grad_norm: 0.510452389717102, lr: 0.000959, time: 0.10s
[INFO]: TRAIN epoch: 13 loss: 0.0526, grad_norm: 0.14452843368053436, lr: 0.000959, time: 0.10s
[INFO]: TRAIN epoch: 13 loss: 0.1365, grad_norm: 0.2491631656885147, lr: 0.000959, time: 0.10s
[INFO]: TRAIN epoch: 13 loss: 0.1178, grad_norm: 0.24967451393604279, lr: 0.000959, time: 0.10s
[INFO]: TRAIN epoch: 13 loss: 0.2515, grad_norm: 0.32755139470100403, lr: 0.000959, time: 0.10s
[INFO]: TRAIN epoch: 13 loss: 0.2344, grad_norm: 0.42598405480384827, lr: 0.000959, time: 0.10s
[INFO]: TRAIN epoch: 13 loss: 0.2897, grad_norm: 0.38970261812210083, lr: 0.000959, time: 0.10s
[INFO]: TRAIN epoch: 13 loss: 0.2074, grad_norm: 0.42652326822280884, lr: 0.000959, time: 0.10s
[INFO]: TRAIN epoch: 13 loss: 0.2256, grad_norm: 0.3251839280128479, lr: 0.000959, time: 0.10s
[INFO]: TRAIN epoch: 13 loss: 0.1836, grad_norm: 0.37175294756889343, lr: 0.000959, time: 0.10s
[INFO]: TRAIN epoch: 13 loss: 0.2319, grad_norm: 0.47917741537094116, lr: 0.000959, time: 0.10s
[INFO]: TRAIN epoch: 13 loss: 0.1317, grad_norm: 0.28857922554016113, lr: 0.000959, time: 0.10s
[INFO]: TRAIN epoch: 13 loss: 0.2708, grad_norm: 0.3410806357860565, lr: 0.000959, time: 0.10s
[INFO]: TRAIN epoch: 13 loss: 0.3228, grad_norm: 0.38746178150177, lr: 0.000959, time: 0.10s
[INFO]: TRAIN epoch: 13 loss: 0.1633, grad_norm: 0.2613532543182373, lr: 0.000959, time: 0.11s
[INFO]: TRAIN epoch: 13 loss: 0.1857, grad_norm: 0.3686605393886566, lr: 0.000959, time: 0.11s
[INFO]: TRAIN epoch: 13 loss: 0.5648, grad_norm: 0.6152825355529785, lr: 0.000959, time: 0.11s
[INFO]: TRAIN epoch: 13 loss: 0.0662, grad_norm: 0.16748836636543274, lr: 0.000959, time: 0.10s
[INFO]: TRAIN epoch: 13 loss: 0.1064, grad_norm: 0.3036586046218872, lr: 0.000959, time: 0.10s
[INFO]: TRAIN epoch: 13 loss: 0.1541, grad_norm: 0.28025734424591064, lr: 0.000959, time: 0.10s
[INFO]: TRAIN epoch: 13 loss: 0.1081, grad_norm: 0.3160388767719269, lr: 0.000959, time: 0.10s
[INFO]: TRAIN epoch: 13 loss: 0.2163, grad_norm: 0.32569071650505066, lr: 0.000959, time: 0.10s
[INFO]: TRAIN epoch: 13 loss: 0.1217, grad_norm: 0.21952134370803833, lr: 0.000959, time: 0.10s
[INFO]: TRAIN epoch: 13 loss: 0.2975, grad_norm: 0.34535324573516846, lr: 0.000959, time: 0.10s
[INFO]: TRAIN epoch: 13 loss: 0.3820, grad_norm: 0.41081973910331726, lr: 0.000959, time: 0.10s
[INFO]: TRAIN epoch: 13 loss: 0.1791, grad_norm: 0.3627314865589142, lr: 0.000959, time: 0.10s
[INFO]: TRAIN epoch: 13 loss: 0.0456, grad_norm: 0.1560322791337967, lr: 0.000959, time: 0.10s
[INFO]: TRAIN epoch: 13 loss: 0.1915, grad_norm: 0.34255412220954895, lr: 0.000959, time: 0.10s
[INFO]: TRAIN epoch: 13 loss: 0.3227, grad_norm: 0.34098002314567566, lr: 0.000959, time: 0.10s
[INFO]: TRAIN epoch: 13 loss: 0.3609, grad_norm: 0.44695037603378296, lr: 0.000959, time: 0.10s
[INFO]: TRAIN epoch: 13 loss: 0.0963, grad_norm: 0.3473072350025177, lr: 0.000959, time: 0.10s
[INFO]: TRAIN epoch: 13 loss: 0.1460, grad_norm: 0.289633572101593, lr: 0.000959, time: 0.10s
[INFO]: TRAIN epoch: 13 loss: 0.0775, grad_norm: 0.2518353760242462, lr: 0.000959, time: 0.10s
[INFO]: TRAIN epoch: 13 loss: 0.1408, grad_norm: 0.3135946989059448, lr: 0.000959, time: 0.10s
[INFO]: TRAIN epoch: 13 loss: 0.0694, grad_norm: 0.23209141194820404, lr: 0.000959, time: 0.10s
[INFO]: TRAIN epoch: 13 loss: 0.4059, grad_norm: 0.41562288999557495, lr: 0.000959, time: 0.10s
[INFO]: TRAIN epoch: 13 loss: 0.2517, grad_norm: 0.3305142819881439, lr: 0.000959, time: 0.10s
[INFO]: TRAIN epoch: 13 loss: 0.2054, grad_norm: 0.4083739221096039, lr: 0.000959, time: 0.10s
[INFO]: TRAIN epoch: 13 loss: 0.2739, grad_norm: 0.4601838290691376, lr: 0.000959, time: 0.10s
[INFO]: TRAIN epoch: 13 loss: 0.3156, grad_norm: 0.4745182991027832, lr: 0.000959, time: 0.10s
[INFO]: TRAIN epoch: 13 loss: 0.2328, grad_norm: 0.2946524918079376, lr: 0.000959, time: 0.10s
[INFO]: TRAIN epoch: 13 loss: 0.0955, grad_norm: 0.21878443658351898, lr: 0.000959, time: 0.10s
[INFO]: TRAIN epoch: 13 loss: 0.2582, grad_norm: 0.34618836641311646, lr: 0.000959, time: 0.10s
[INFO]: TRAIN epoch: 13 loss: 0.0914, grad_norm: 0.2933136820793152, lr: 0.000959, time: 0.10s
[INFO]: TRAIN epoch: 13 loss: 0.2974, grad_norm: 0.46390220522880554, lr: 0.000959, time: 0.11s
[INFO]: TRAIN epoch: 13 loss: 0.1832, grad_norm: 0.35418638586997986, lr: 0.000959, time: 0.10s
[INFO]: TRAIN epoch: 13 loss: 0.2155, grad_norm: 0.3621532917022705, lr: 0.000959, time: 0.10s
[INFO]: TRAIN epoch: 13 loss: 0.0627, grad_norm: 0.2242000699043274, lr: 0.000959, time: 0.10s
[INFO]: TRAIN epoch: 13 loss: 0.0584, grad_norm: 0.18593929708003998, lr: 0.000959, time: 0.10s
[INFO]: TRAIN epoch: 13 loss: 0.1424, grad_norm: 0.3302873373031616, lr: 0.000959, time: 0.10s
[INFO]: TRAIN epoch: 13 loss: 0.3133, grad_norm: 0.3770143389701843, lr: 0.000959, time: 0.10s
[INFO]: TRAIN epoch: 13 loss: 0.2992, grad_norm: 0.3417120575904846, lr: 0.000959, time: 0.10s
[INFO]: TRAIN epoch: 13 loss: 0.4361, grad_norm: 0.3137158453464508, lr: 0.000959, time: 0.10s
[INFO]: TRAIN epoch: 13 loss: 0.2641, grad_norm: 0.2748539447784424, lr: 0.000959, time: 0.10s
[INFO]: TRAIN epoch: 13 loss: 0.3198, grad_norm: 0.38576266169548035, lr: 0.000959, time: 0.11s
[INFO]: TRAIN epoch: 13 loss: 0.0861, grad_norm: 0.20134276151657104, lr: 0.000959, time: 0.10s
[INFO]: TRAIN epoch: 13 loss: 0.2349, grad_norm: 0.3258700668811798, lr: 0.000959, time: 0.10s
[INFO]: TRAIN epoch: 13 loss: 0.5569, grad_norm: 0.5518330335617065, lr: 0.000959, time: 0.11s
[INFO]: TRAIN epoch: 13 loss: 0.3281, grad_norm: 0.28993621468544006, lr: 0.000959, time: 0.10s
[INFO]: TRAIN epoch: 13 loss: 0.2595, grad_norm: 0.44314783811569214, lr: 0.000959, time: 0.10s
[INFO]: TRAIN epoch: 13 loss: 0.0782, grad_norm: 0.19773735105991364, lr: 0.000959, time: 0.10s
[INFO]: TRAIN epoch: 13 loss: 0.3794, grad_norm: 0.43416228890419006, lr: 0.000959, time: 0.10s
[INFO]: TRAIN epoch: 13 loss: 0.3054, grad_norm: 0.2755378782749176, lr: 0.000959, time: 0.10s
[INFO]: TRAIN epoch: 13 loss: 0.1460, grad_norm: 0.2754996716976166, lr: 0.000959, time: 0.11s
[INFO]: TRAIN epoch: 13 loss: 0.1612, grad_norm: 0.3143107295036316, lr: 0.000959, time: 0.10s
[INFO]: TRAIN epoch: 13 loss: 0.3385, grad_norm: 0.45530402660369873, lr: 0.000959, time: 0.10s
[INFO]: TRAIN epoch: 13 loss: 0.2753, grad_norm: 0.32754844427108765, lr: 0.000959, time: 0.11s
[INFO]: TRAIN epoch: 13 loss: 0.2220, grad_norm: 0.33020949363708496, lr: 0.000959, time: 0.10s
[INFO]: TRAIN epoch: 13 loss: 0.3533, grad_norm: 0.3679967224597931, lr: 0.000959, time: 0.10s
[INFO]: TRAIN epoch: 13 loss: 0.1025, grad_norm: 0.24356557428836823, lr: 0.000959, time: 0.10s
[INFO]: TRAIN epoch: 13 loss: 0.0832, grad_norm: 0.27397167682647705, lr: 0.000959, time: 0.10s
[INFO]: TRAIN epoch: 13 loss: 0.2235, grad_norm: 0.31411638855934143, lr: 0.000959, time: 0.10s
[INFO]: TRAIN epoch: 13 loss: 0.2097, grad_norm: 0.3021109402179718, lr: 0.000959, time: 0.10s
[INFO]: TRAIN epoch: 13 loss: 0.0692, grad_norm: 0.15413184463977814, lr: 0.000959, time: 0.10s
[INFO]: TRAIN epoch: 13 loss: 0.1009, grad_norm: 0.22222007811069489, lr: 0.000959, time: 0.10s
[INFO]: TRAIN epoch: 13 loss: 0.2852, grad_norm: 0.3791009187698364, lr: 0.000959, time: 0.10s
[INFO]: TRAIN epoch: 13 loss: 0.2301, grad_norm: 0.4168005585670471, lr: 0.000959, time: 0.10s
[INFO]: TRAIN epoch: 13 loss: 0.1234, grad_norm: 0.3274420499801636, lr: 0.000959, time: 0.10s
[INFO]: TRAIN epoch: 13 loss: 0.2326, grad_norm: 0.4211198687553406, lr: 0.000959, time: 0.10s
[INFO]: TRAIN epoch: 13 loss: 0.0916, grad_norm: 0.21103771030902863, lr: 0.000959, time: 0.10s
[INFO]: TRAIN epoch: 13 loss: 0.1172, grad_norm: 0.23817884922027588, lr: 0.000959, time: 0.10s
[INFO]: TRAIN epoch: 13 loss: 0.0364, grad_norm: 0.14122474193572998, lr: 0.000959, time: 0.10s
[INFO]: TRAIN epoch: 13 loss: 0.0817, grad_norm: 0.1597900688648224, lr: 0.000959, time: 0.10s
[INFO]: TRAIN epoch: 13 loss: 0.0594, grad_norm: 0.1601066291332245, lr: 0.000959, time: 0.10s
[INFO]: TRAIN epoch: 13 loss: 0.1892, grad_norm: 0.3038719594478607, lr: 0.000959, time: 0.10s
[INFO]: TRAIN epoch: 13 loss: 0.2198, grad_norm: 0.40253981947898865, lr: 0.000959, time: 0.10s
[INFO]: TRAIN epoch: 13 loss: 0.1275, grad_norm: 0.23136760294437408, lr: 0.000959, time: 0.11s
[INFO]: TRAIN epoch: 13 loss: 0.2991, grad_norm: 0.4444791078567505, lr: 0.000959, time: 0.10s
[INFO]: TRAIN epoch: 13 loss: 0.5653, grad_norm: 0.4769200086593628, lr: 0.000959, time: 0.11s
[INFO]: TRAIN epoch: 13 loss: 0.2097, grad_norm: 0.36285504698753357, lr: 0.000959, time: 0.10s
[INFO]: TRAIN epoch: 13 loss: 0.1741, grad_norm: 0.3483150005340576, lr: 0.000959, time: 0.10s
[INFO]: TRAIN epoch: 13 loss: 0.0646, grad_norm: 0.166365846991539, lr: 0.000959, time: 0.10s
[INFO]: TRAIN epoch: 13 loss: 0.0991, grad_norm: 0.20528829097747803, lr: 0.000959, time: 0.10s
[INFO]: TRAIN epoch: 13 loss: 0.0416, grad_norm: 0.12871912121772766, lr: 0.000959, time: 0.10s
[INFO]: TRAIN epoch: 13 loss: 0.2100, grad_norm: 0.30301302671432495, lr: 0.000959, time: 0.10s
[INFO]: TRAIN epoch: 13 loss: 0.0995, grad_norm: 0.22355321049690247, lr: 0.000959, time: 0.10s
[INFO]: TRAIN epoch: 13 loss: 0.3156, grad_norm: 0.34929555654525757, lr: 0.000959, time: 0.11s
[INFO]: TRAIN epoch: 13 loss: 0.1916, grad_norm: 0.5134754776954651, lr: 0.000959, time: 0.10s
[INFO]: TRAIN epoch: 13 loss: 0.4181, grad_norm: 0.5114577412605286, lr: 0.000959, time: 0.10s
[INFO]: TRAIN epoch: 13 loss: 0.2788, grad_norm: 0.3988007605075836, lr: 0.000959, time: 0.10s
[INFO]: TRAIN epoch: 13 loss: 0.4368, grad_norm: 0.3975292444229126, lr: 0.000959, time: 0.10s
[INFO]: TRAIN epoch: 13 loss: 0.1596, grad_norm: 0.3010382354259491, lr: 0.000959, time: 0.10s
[INFO]: TRAIN epoch: 13 loss: 0.2861, grad_norm: 0.4001752734184265, lr: 0.000959, time: 0.10s
[INFO]: TRAIN epoch: 13 loss: 0.2761, grad_norm: 0.41748303174972534, lr: 0.000959, time: 0.10s
[INFO]: TRAIN epoch: 13 loss: 0.1333, grad_norm: 0.231476292014122, lr: 0.000959, time: 0.10s
[INFO]: TRAIN epoch: 13 loss: 0.2286, grad_norm: 0.3225701153278351, lr: 0.000959, time: 0.10s
[INFO]: TRAIN epoch: 13 loss: 0.0820, grad_norm: 0.19458070397377014, lr: 0.000959, time: 0.10s
[INFO]: TRAIN epoch: 13 loss: 0.2206, grad_norm: 0.4371953308582306, lr: 0.000959, time: 0.10s
[INFO]: TRAIN epoch: 13 loss: 0.0839, grad_norm: 0.18195098638534546, lr: 0.000959, time: 0.10s
[INFO]: TRAIN epoch: 13 loss: 0.2162, grad_norm: 0.2903803586959839, lr: 0.000959, time: 0.10s
[INFO]: TRAIN epoch: 13 loss: 0.0792, grad_norm: 0.2627795338630676, lr: 0.000959, time: 0.10s
[INFO]: TRAIN epoch: 13 loss: 0.3821, grad_norm: 0.45787760615348816, lr: 0.000959, time: 0.10s
[INFO]: TRAIN epoch: 13 loss: 0.4500, grad_norm: 0.3555588722229004, lr: 0.000959, time: 0.11s
[INFO]: TRAIN epoch: 13 loss: 0.2612, grad_norm: 0.4753319323062897, lr: 0.000959, time: 0.10s
[INFO]: TRAIN epoch: 13 loss: 0.2239, grad_norm: 0.32921257615089417, lr: 0.000959, time: 0.10s
[INFO]: TRAIN epoch: 13 loss: 0.1889, grad_norm: 0.25105637311935425, lr: 0.000959, time: 0.10s
[INFO]: TRAIN epoch: 13 loss: 0.5564, grad_norm: 0.4820248484611511, lr: 0.000959, time: 0.10s
[INFO]: TRAIN epoch: 13 loss: 0.2463, grad_norm: 0.28482505679130554, lr: 0.000959, time: 0.10s
[INFO]: TRAIN epoch: 13 loss: 0.1556, grad_norm: 0.31786543130874634, lr: 0.000959, time: 0.10s
[INFO]: TRAIN epoch: 13 loss: 0.1456, grad_norm: 0.2691531181335449, lr: 0.000959, time: 0.10s
[INFO]: TRAIN epoch: 13 loss: 0.0816, grad_norm: 0.2546987533569336, lr: 0.000959, time: 0.10s
[INFO]: TRAIN epoch: 13 loss: 0.6494, grad_norm: 0.38511040806770325, lr: 0.000959, time: 0.10s
[INFO]: TRAIN epoch: 13 loss: 0.2087, grad_norm: 0.2862638533115387, lr: 0.000959, time: 0.10s
[INFO]: TRAIN epoch: 13 loss: 0.0892, grad_norm: 0.21750888228416443, lr: 0.000959, time: 0.10s
[INFO]: TRAIN epoch: 13 loss: 0.0462, grad_norm: 0.1637309193611145, lr: 0.000959, time: 0.10s
[INFO]: TRAIN epoch: 13 loss: 0.5440, grad_norm: 0.3637870252132416, lr: 0.000959, time: 0.10s
[INFO]: TRAIN epoch: 13 loss: 0.3383, grad_norm: 0.5110480785369873, lr: 0.000959, time: 0.11s
[INFO]: TRAIN epoch: 13 loss: 0.2182, grad_norm: 0.4598482847213745, lr: 0.000959, time: 0.10s
[INFO]: TRAIN epoch: 13 loss: 0.1495, grad_norm: 0.2749148905277252, lr: 0.000959, time: 0.10s
[INFO]: TRAIN epoch: 13 loss: 0.1532, grad_norm: 0.3120306432247162, lr: 0.000959, time: 0.11s
[INFO]: TRAIN epoch: 13 loss: 0.4303, grad_norm: 0.3881099820137024, lr: 0.000959, time: 0.10s
[INFO]: TRAIN epoch: 13 loss: 0.2443, grad_norm: 0.3107967674732208, lr: 0.000959, time: 0.10s
[INFO]: TRAIN epoch: 13 loss: 0.0577, grad_norm: 0.18560442328453064, lr: 0.000959, time: 0.10s
[INFO]: TRAIN epoch: 13 loss: 0.3065, grad_norm: 0.38984397053718567, lr: 0.000959, time: 0.10s
[INFO]: TRAIN epoch: 13 loss: 0.1037, grad_norm: 0.2968846261501312, lr: 0.000959, time: 0.10s
[INFO]: TRAIN epoch: 13 loss: 0.2681, grad_norm: 0.4387938678264618, lr: 0.000959, time: 0.10s
[INFO]: TRAIN epoch: 13 loss: 0.4231, grad_norm: 0.39360886812210083, lr: 0.000959, time: 0.10s
[INFO]: TRAIN epoch: 13 loss: 0.1714, grad_norm: 0.27491945028305054, lr: 0.000959, time: 0.10s
[INFO]: TRAIN epoch: 13 loss: 0.3730, grad_norm: 0.4512212574481964, lr: 0.000959, time: 0.10s
[INFO]: TRAIN epoch: 13 loss: 0.5214, grad_norm: 0.39771801233291626, lr: 0.000959, time: 0.10s
[INFO]: TRAIN epoch: 13 loss: 0.0538, grad_norm: 0.16852527856826782, lr: 0.000959, time: 0.10s
[INFO]: TRAIN epoch: 13 loss: 0.5097, grad_norm: 0.4947023391723633, lr: 0.000959, time: 0.11s
[INFO]: TRAIN epoch: 13 loss: 0.1270, grad_norm: 0.3512214124202728, lr: 0.000959, time: 0.10s
[INFO]: TRAIN epoch: 13 loss: 0.2438, grad_norm: 0.2601769268512726, lr: 0.000959, time: 0.10s
[INFO]: TRAIN epoch: 13 loss: 0.3411, grad_norm: 0.3769402503967285, lr: 0.000959, time: 0.11s
[INFO]: TRAIN epoch: 13 loss: 0.2411, grad_norm: 0.3757551610469818, lr: 0.000959, time: 0.10s
[INFO]: TRAIN epoch: 13 loss: 0.4201, grad_norm: 0.4394727945327759, lr: 0.000959, time: 0.10s
[INFO]: TRAIN epoch: 13 loss: 0.3049, grad_norm: 0.28370776772499084, lr: 0.000959, time: 0.10s
[INFO]: TRAIN epoch: 13 loss: 0.1039, grad_norm: 0.2208237200975418, lr: 0.000959, time: 0.11s
[INFO]: TRAIN epoch: 13 loss: 0.1214, grad_norm: 0.30674344301223755, lr: 0.000959, time: 0.10s
[INFO]: TRAIN epoch: 13 loss: 0.0733, grad_norm: 0.1829695850610733, lr: 0.000959, time: 0.10s
[INFO]: TRAIN epoch: 13 loss: 0.4194, grad_norm: 0.4334065020084381, lr: 0.000959, time: 0.11s
[INFO]: TRAIN epoch: 13 loss: 0.0894, grad_norm: 0.18274661898612976, lr: 0.000959, time: 0.10s
[INFO]: TRAIN epoch: 13 loss: 0.3610, grad_norm: 0.39377039670944214, lr: 0.000959, time: 0.10s
[INFO]: TRAIN epoch: 13 loss: 0.1438, grad_norm: 0.33153489232063293, lr: 0.000959, time: 0.10s
[INFO]: TRAIN epoch: 13 loss: 0.2582, grad_norm: 0.45293816924095154, lr: 0.000959, time: 0.10s
[INFO]: TRAIN epoch: 13 loss: 0.2967, grad_norm: 0.4395262897014618, lr: 0.000959, time: 0.10s
[INFO]: TRAIN epoch: 13 loss: 0.3046, grad_norm: 0.3582123816013336, lr: 0.000959, time: 0.10s
[INFO]: TRAIN epoch: 13 loss: 0.2662, grad_norm: 0.3081211745738983, lr: 0.000959, time: 0.10s
[INFO]: TRAIN epoch: 13 loss: 0.2497, grad_norm: 0.26941588521003723, lr: 0.000959, time: 0.10s
[INFO]: TRAIN epoch: 13 loss: 0.1023, grad_norm: 0.2144426703453064, lr: 0.000959, time: 0.10s
[INFO]: TRAIN epoch: 13 loss: 0.2097, grad_norm: 0.29345205426216125, lr: 0.000959, time: 0.10s
[INFO]: TRAIN epoch: 13 loss: 0.2524, grad_norm: 0.41948971152305603, lr: 0.000959, time: 0.10s
[INFO]: TRAIN epoch: 13 loss: 0.4024, grad_norm: 0.3305608928203583, lr: 0.000959, time: 0.10s
[INFO]: TRAIN epoch: 13 loss: 0.2643, grad_norm: 0.3263929486274719, lr: 0.000959, time: 0.10s
[INFO]: TRAIN epoch: 13 loss: 0.2626, grad_norm: 0.4196074306964874, lr: 0.000959, time: 0.10s
[INFO]: TRAIN epoch: 13 loss: 0.2731, grad_norm: 0.4124942123889923, lr: 0.000959, time: 0.10s
[INFO]: TRAIN epoch: 13 loss: 0.5976, grad_norm: 0.3728393316268921, lr: 0.000959, time: 0.11s
[INFO]: TRAIN epoch: 13 loss: 0.2592, grad_norm: 0.3677919805049896, lr: 0.000959, time: 0.10s
[INFO]: TRAIN epoch: 13 loss: 0.3159, grad_norm: 0.31529998779296875, lr: 0.000959, time: 0.10s
[INFO]: TRAIN epoch: 13 loss: 0.3148, grad_norm: 0.4501997232437134, lr: 0.000959, time: 0.10s
[INFO]: TRAIN epoch: 13 loss: 0.5091, grad_norm: 0.4857081472873688, lr: 0.000959, time: 0.11s
[INFO]: TRAIN epoch: 13 loss: 0.4514, grad_norm: 0.3507426381111145, lr: 0.000959, time: 0.10s
[INFO]: TRAIN epoch: 13 loss: 0.3363, grad_norm: 0.2909778356552124, lr: 0.000959, time: 0.10s
[INFO]: TRAIN epoch: 13 loss: 0.0802, grad_norm: 0.2301543653011322, lr: 0.000959, time: 0.10s
[INFO]: TRAIN epoch: 13 loss: 0.6202, grad_norm: 0.4094979763031006, lr: 0.000959, time: 0.10s
[INFO]: TRAIN epoch: 13 loss: 0.2617, grad_norm: 0.3709113597869873, lr: 0.000959, time: 0.10s
[INFO]: TRAIN epoch: 13 loss: 0.1269, grad_norm: 0.2584726810455322, lr: 0.000959, time: 0.10s
[INFO]: TRAIN epoch: 13 loss: 0.1347, grad_norm: 0.27012568712234497, lr: 0.000959, time: 0.10s
[INFO]: TRAIN epoch: 13 loss: 0.1026, grad_norm: 0.24810737371444702, lr: 0.000959, time: 0.10s
[INFO]: TRAIN epoch: 13 loss: 0.3082, grad_norm: 0.4046386778354645, lr: 0.000959, time: 0.10s
[INFO]: TRAIN epoch: 13 loss: 0.3472, grad_norm: 0.4954368472099304, lr: 0.000959, time: 0.10s
[INFO]: TRAIN epoch: 13 loss: 0.1006, grad_norm: 0.20564137399196625, lr: 0.000959, time: 0.10s
[INFO]: TRAIN epoch: 13 loss: 0.2084, grad_norm: 0.4081735610961914, lr: 0.000959, time: 0.10s
[INFO]: TRAIN epoch: 13 loss: 0.2488, grad_norm: 0.3261283040046692, lr: 0.000959, time: 0.10s
[INFO]: TRAIN epoch: 13 loss: 0.0538, grad_norm: 0.13511642813682556, lr: 0.000959, time: 0.10s
[INFO]: TRAIN epoch: 13 loss: 0.2535, grad_norm: 0.32783713936805725, lr: 0.000959, time: 0.10s
[INFO]: TRAIN epoch: 13 loss: 0.0842, grad_norm: 0.24348531663417816, lr: 0.000959, time: 0.10s
[INFO]: TRAIN epoch: 13 loss: 0.0617, grad_norm: 0.15045787394046783, lr: 0.000959, time: 0.10s
[INFO]: TRAIN epoch: 13 loss: 0.3539, grad_norm: 0.34969040751457214, lr: 0.000959, time: 0.10s
[INFO]: TRAIN epoch: 13 loss: 0.2733, grad_norm: 0.5116540789604187, lr: 0.000959, time: 0.10s
[INFO]: TRAIN epoch: 13 loss: 0.0624, grad_norm: 0.128043070435524, lr: 0.000959, time: 0.10s
[INFO]: TRAIN epoch: 13 loss: 0.3882, grad_norm: 0.4734579920768738, lr: 0.000959, time: 0.10s
[INFO]: TRAIN epoch: 13 loss: 0.4475, grad_norm: 0.386265367269516, lr: 0.000959, time: 0.10s
[INFO]: TRAIN epoch: 13 loss: 0.2176, grad_norm: 0.2958543300628662, lr: 0.000959, time: 0.10s
[INFO]: TRAIN epoch: 13 loss: 0.1696, grad_norm: 0.3866913616657257, lr: 0.000959, time: 0.10s
[INFO]: TRAIN epoch: 13 loss: 0.3796, grad_norm: 0.42616701126098633, lr: 0.000959, time: 0.10s
[INFO]: TRAIN epoch: 13 loss: 0.5234, grad_norm: 0.4493694305419922, lr: 0.000959, time: 0.10s
[INFO]: TRAIN epoch: 13 loss: 0.1855, grad_norm: 0.27732133865356445, lr: 0.000959, time: 0.11s
[INFO]: TRAIN epoch: 13 loss: 0.1936, grad_norm: 0.3482030928134918, lr: 0.000959, time: 0.10s
[INFO]: TRAIN epoch: 13 loss: 0.2910, grad_norm: 0.31627050042152405, lr: 0.000959, time: 0.10s
[INFO]: TRAIN epoch: 13 loss: 0.2361, grad_norm: 0.42027783393859863, lr: 0.000959, time: 0.10s
[INFO]: TRAIN epoch: 13 loss: 0.0391, grad_norm: 0.11729776114225388, lr: 0.000959, time: 0.11s
[INFO]: TRAIN epoch: 13 loss: 0.1287, grad_norm: 0.2961640954017639, lr: 0.000959, time: 0.10s
[INFO]: TRAIN epoch: 13 loss: 0.1644, grad_norm: 0.3660180866718292, lr: 0.000959, time: 0.10s
[INFO]: TRAIN epoch: 13 loss: 0.1069, grad_norm: 0.2900809943675995, lr: 0.000959, time: 0.10s
[INFO]: TRAIN epoch: 13 loss: 0.1951, grad_norm: 0.36399421095848083, lr: 0.000959, time: 0.10s
[INFO]: TRAIN epoch: 13 loss: 0.0932, grad_norm: 0.32158634066581726, lr: 0.000959, time: 0.10s
[INFO]: TRAIN epoch: 13 loss: 0.0526, grad_norm: 0.15027262270450592, lr: 0.000959, time: 0.10s
[INFO]: TRAIN epoch: 13 loss: 0.0521, grad_norm: 0.14966276288032532, lr: 0.000959, time: 0.10s
[INFO]: TRAIN epoch: 13 loss: 0.4271, grad_norm: 0.3825639486312866, lr: 0.000959, time: 0.10s
[INFO]: TRAIN epoch: 13 loss: 0.0793, grad_norm: 0.22392646968364716, lr: 0.000959, time: 0.10s
[INFO]: TRAIN epoch: 13 loss: 0.1654, grad_norm: 0.3577769100666046, lr: 0.000959, time: 0.10s
[INFO]: TRAIN epoch: 13 loss: 0.1219, grad_norm: 0.2910896837711334, lr: 0.000959, time: 0.10s
[INFO]: TRAIN epoch: 13 loss: 0.1774, grad_norm: 0.2493177205324173, lr: 0.000959, time: 0.11s
[INFO]: TRAIN epoch: 13 loss: 0.0914, grad_norm: 0.19394157826900482, lr: 0.000959, time: 0.10s
[INFO]: TRAIN epoch: 13 loss: 0.6539, grad_norm: 0.4752187430858612, lr: 0.000959, time: 0.10s
[INFO]: TRAIN epoch: 13 loss: 0.1092, grad_norm: 0.22586213052272797, lr: 0.000959, time: 0.10s
[INFO]: TRAIN epoch: 13 loss: 0.3217, grad_norm: 0.4458622336387634, lr: 0.000959, time: 0.10s
[INFO]: TRAIN epoch: 13 loss: 0.1833, grad_norm: 0.2721090614795685, lr: 0.000959, time: 0.10s
[INFO]: TRAIN epoch: 13 loss: 0.3561, grad_norm: 0.5516090393066406, lr: 0.000959, time: 0.10s
[INFO]: TRAIN epoch: 13 loss: 0.3136, grad_norm: 0.38171011209487915, lr: 0.000959, time: 0.10s
[INFO]: TRAIN epoch: 13 loss: 0.1277, grad_norm: 0.29075559973716736, lr: 0.000959, time: 0.10s
[INFO]: TRAIN epoch: 13 loss: 0.3228, grad_norm: 0.404468297958374, lr: 0.000959, time: 0.10s
[INFO]: TRAIN epoch: 13 loss: 0.1422, grad_norm: 0.3314118981361389, lr: 0.000959, time: 0.10s
[INFO]: TRAIN epoch: 13 loss: 0.2319, grad_norm: 0.3474012017250061, lr: 0.000959, time: 0.10s
[INFO]: TRAIN epoch: 13 loss: 0.2574, grad_norm: 0.3529343605041504, lr: 0.000959, time: 0.11s
[INFO]: TRAIN epoch: 13 loss: 0.3640, grad_norm: 0.5034631490707397, lr: 0.000959, time: 0.10s
[INFO]: TRAIN epoch: 13 loss: 0.1319, grad_norm: 0.2840745747089386, lr: 0.000959, time: 0.10s
[INFO]: TRAIN epoch: 13 loss: 0.1020, grad_norm: 0.22382675111293793, lr: 0.000959, time: 0.10s
[INFO]: TRAIN epoch: 13 loss: 0.1792, grad_norm: 0.26514932513237, lr: 0.000959, time: 0.10s
[INFO]: TRAIN epoch: 13 loss: 0.1640, grad_norm: 0.34937092661857605, lr: 0.000959, time: 0.10s
[INFO]: TRAIN epoch: 13 loss: 0.2227, grad_norm: 0.3924514949321747, lr: 0.000959, time: 0.10s
[INFO]: TRAIN epoch: 13 loss: 0.1833, grad_norm: 0.536491334438324, lr: 0.000959, time: 0.10s
[INFO]: TRAIN epoch: 13 loss: 0.0471, grad_norm: 0.15302985906600952, lr: 0.000959, time: 0.10s
[INFO]: TRAIN epoch: 13 loss: 0.0771, grad_norm: 0.20103678107261658, lr: 0.000959, time: 0.10s
[INFO]: TRAIN epoch: 13 loss: 0.2586, grad_norm: 0.4078731834888458, lr: 0.000959, time: 0.10s
[INFO]: TRAIN epoch: 13 loss: 0.2842, grad_norm: 0.3019334673881531, lr: 0.000959, time: 0.10s
[INFO]: TRAIN epoch summary: 13 loss: 0.2162
[INFO]: VALIDATION epoch: 13 loss: 0.2880
[INFO]: TRAIN epoch: 14 loss: 0.2016, grad_norm: 0.29941412806510925, lr: 0.000952, time: 0.12s
[INFO]: TRAIN epoch: 14 loss: 0.1880, grad_norm: 0.3613552153110504, lr: 0.000952, time: 0.10s
[INFO]: TRAIN epoch: 14 loss: 0.0566, grad_norm: 0.19106732308864594, lr: 0.000952, time: 0.10s
[INFO]: TRAIN epoch: 14 loss: 0.1921, grad_norm: 0.24688945710659027, lr: 0.000952, time: 0.10s
[INFO]: TRAIN epoch: 14 loss: 0.0697, grad_norm: 0.19461573660373688, lr: 0.000952, time: 0.10s
[INFO]: TRAIN epoch: 14 loss: 0.0420, grad_norm: 0.12167597562074661, lr: 0.000952, time: 0.10s
[INFO]: TRAIN epoch: 14 loss: 0.5824, grad_norm: 0.5390984416007996, lr: 0.000952, time: 0.10s
[INFO]: TRAIN epoch: 14 loss: 0.3879, grad_norm: 0.4162002503871918, lr: 0.000952, time: 0.10s
[INFO]: TRAIN epoch: 14 loss: 0.0332, grad_norm: 0.12817314267158508, lr: 0.000952, time: 0.10s
[INFO]: TRAIN epoch: 14 loss: 0.0682, grad_norm: 0.23320798575878143, lr: 0.000952, time: 0.10s
[INFO]: TRAIN epoch: 14 loss: 0.1901, grad_norm: 0.365792840719223, lr: 0.000952, time: 0.10s
[INFO]: TRAIN epoch: 14 loss: 0.1373, grad_norm: 0.32052695751190186, lr: 0.000952, time: 0.10s
[INFO]: TRAIN epoch: 14 loss: 0.0628, grad_norm: 0.24065156280994415, lr: 0.000952, time: 0.10s
[INFO]: TRAIN epoch: 14 loss: 0.1467, grad_norm: 0.3479136824607849, lr: 0.000952, time: 0.10s
[INFO]: TRAIN epoch: 14 loss: 0.0856, grad_norm: 0.18960703909397125, lr: 0.000952, time: 0.10s
[INFO]: TRAIN epoch: 14 loss: 0.1308, grad_norm: 0.26686975359916687, lr: 0.000952, time: 0.10s
[INFO]: TRAIN epoch: 14 loss: 0.3551, grad_norm: 0.4114043414592743, lr: 0.000952, time: 0.10s
[INFO]: TRAIN epoch: 14 loss: 0.0644, grad_norm: 0.23203182220458984, lr: 0.000952, time: 0.10s
[INFO]: TRAIN epoch: 14 loss: 0.1795, grad_norm: 0.35566404461860657, lr: 0.000952, time: 0.10s
[INFO]: TRAIN epoch: 14 loss: 0.0958, grad_norm: 0.26977160573005676, lr: 0.000952, time: 0.10s
[INFO]: TRAIN epoch: 14 loss: 0.3215, grad_norm: 0.3639070987701416, lr: 0.000952, time: 0.11s
[INFO]: TRAIN epoch: 14 loss: 0.0508, grad_norm: 0.2086614966392517, lr: 0.000952, time: 0.10s
[INFO]: TRAIN epoch: 14 loss: 0.0682, grad_norm: 0.19254781305789948, lr: 0.000952, time: 0.10s
[INFO]: TRAIN epoch: 14 loss: 0.0626, grad_norm: 0.21323877573013306, lr: 0.000952, time: 0.10s
[INFO]: TRAIN epoch: 14 loss: 0.1048, grad_norm: 0.34997957944869995, lr: 0.000952, time: 0.10s
[INFO]: TRAIN epoch: 14 loss: 0.2400, grad_norm: 0.43914005160331726, lr: 0.000952, time: 0.10s
[INFO]: TRAIN epoch: 14 loss: 0.1844, grad_norm: 0.4124392867088318, lr: 0.000952, time: 0.10s
[INFO]: TRAIN epoch: 14 loss: 0.0777, grad_norm: 0.3793461322784424, lr: 0.000952, time: 0.10s
[INFO]: TRAIN epoch: 14 loss: 0.2179, grad_norm: 0.28772857785224915, lr: 0.000952, time: 0.10s
[INFO]: TRAIN epoch: 14 loss: 0.1952, grad_norm: 0.3337172567844391, lr: 0.000952, time: 0.10s
[INFO]: TRAIN epoch: 14 loss: 0.0246, grad_norm: 0.1018776148557663, lr: 0.000952, time: 0.10s
[INFO]: TRAIN epoch: 14 loss: 0.2671, grad_norm: 0.3199615776538849, lr: 0.000952, time: 0.10s
[INFO]: TRAIN epoch: 14 loss: 0.1283, grad_norm: 0.3107757270336151, lr: 0.000952, time: 0.10s
[INFO]: TRAIN epoch: 14 loss: 0.1284, grad_norm: 0.2371879369020462, lr: 0.000952, time: 0.10s
[INFO]: TRAIN epoch: 14 loss: 0.2181, grad_norm: 0.34896478056907654, lr: 0.000952, time: 0.10s
[INFO]: TRAIN epoch: 14 loss: 0.1194, grad_norm: 0.23833724856376648, lr: 0.000952, time: 0.10s
[INFO]: TRAIN epoch: 14 loss: 0.1863, grad_norm: 0.3750140964984894, lr: 0.000952, time: 0.10s
[INFO]: TRAIN epoch: 14 loss: 0.0691, grad_norm: 0.25403812527656555, lr: 0.000952, time: 0.10s
[INFO]: TRAIN epoch: 14 loss: 0.1115, grad_norm: 0.35184526443481445, lr: 0.000952, time: 0.11s
[INFO]: TRAIN epoch: 14 loss: 0.4869, grad_norm: 0.4167305529117584, lr: 0.000952, time: 0.11s
[INFO]: TRAIN epoch: 14 loss: 0.1834, grad_norm: 0.36687397956848145, lr: 0.000952, time: 0.11s
[INFO]: TRAIN epoch: 14 loss: 0.2208, grad_norm: 0.33002355694770813, lr: 0.000952, time: 0.10s
[INFO]: TRAIN epoch: 14 loss: 0.0726, grad_norm: 0.26448825001716614, lr: 0.000952, time: 0.10s
[INFO]: TRAIN epoch: 14 loss: 0.1024, grad_norm: 0.23144026100635529, lr: 0.000952, time: 0.10s
[INFO]: TRAIN epoch: 14 loss: 0.0826, grad_norm: 0.2280704379081726, lr: 0.000952, time: 0.10s
[INFO]: TRAIN epoch: 14 loss: 0.1054, grad_norm: 0.27841299772262573, lr: 0.000952, time: 0.10s
[INFO]: TRAIN epoch: 14 loss: 0.2177, grad_norm: 0.4328543543815613, lr: 0.000952, time: 0.10s
[INFO]: TRAIN epoch: 14 loss: 0.2564, grad_norm: 0.4255479574203491, lr: 0.000952, time: 0.10s
[INFO]: TRAIN epoch: 14 loss: 0.1787, grad_norm: 0.29537954926490784, lr: 0.000952, time: 0.10s
[INFO]: TRAIN epoch: 14 loss: 0.0781, grad_norm: 0.21231824159622192, lr: 0.000952, time: 0.10s
[INFO]: TRAIN epoch: 14 loss: 0.2329, grad_norm: 0.30126091837882996, lr: 0.000952, time: 0.10s
[INFO]: TRAIN epoch: 14 loss: 0.1674, grad_norm: 0.2776867151260376, lr: 0.000952, time: 0.10s
[INFO]: TRAIN epoch: 14 loss: 0.1589, grad_norm: 0.3223706781864166, lr: 0.000952, time: 0.10s
[INFO]: TRAIN epoch: 14 loss: 0.1704, grad_norm: 0.28415563702583313, lr: 0.000952, time: 0.10s
[INFO]: TRAIN epoch: 14 loss: 0.1935, grad_norm: 0.4740270674228668, lr: 0.000952, time: 0.10s
[INFO]: TRAIN epoch: 14 loss: 0.2473, grad_norm: 0.3166705369949341, lr: 0.000952, time: 0.10s
[INFO]: TRAIN epoch: 14 loss: 0.0836, grad_norm: 0.2746400833129883, lr: 0.000952, time: 0.10s
[INFO]: TRAIN epoch: 14 loss: 0.2525, grad_norm: 0.3076229393482208, lr: 0.000952, time: 0.10s
[INFO]: TRAIN epoch: 14 loss: 0.1816, grad_norm: 0.34924039244651794, lr: 0.000952, time: 0.10s
[INFO]: TRAIN epoch: 14 loss: 0.0833, grad_norm: 0.28696343302726746, lr: 0.000952, time: 0.10s
[INFO]: TRAIN epoch: 14 loss: 0.0880, grad_norm: 0.25345757603645325, lr: 0.000952, time: 0.10s
[INFO]: TRAIN epoch: 14 loss: 0.1213, grad_norm: 0.23149274289608002, lr: 0.000952, time: 0.10s
[INFO]: TRAIN epoch: 14 loss: 0.2171, grad_norm: 0.3954431116580963, lr: 0.000952, time: 0.10s
[INFO]: TRAIN epoch: 14 loss: 0.1814, grad_norm: 0.4209282696247101, lr: 0.000952, time: 0.10s
[INFO]: TRAIN epoch: 14 loss: 0.3340, grad_norm: 0.3614301085472107, lr: 0.000952, time: 0.10s
[INFO]: TRAIN epoch: 14 loss: 0.1869, grad_norm: 0.3007168471813202, lr: 0.000952, time: 0.10s
[INFO]: TRAIN epoch: 14 loss: 0.2053, grad_norm: 0.45809656381607056, lr: 0.000952, time: 0.10s
[INFO]: TRAIN epoch: 14 loss: 0.0597, grad_norm: 0.17379657924175262, lr: 0.000952, time: 0.10s
[INFO]: TRAIN epoch: 14 loss: 0.2294, grad_norm: 0.3300987780094147, lr: 0.000952, time: 0.10s
[INFO]: TRAIN epoch: 14 loss: 0.3945, grad_norm: 0.4275740683078766, lr: 0.000952, time: 0.10s
[INFO]: TRAIN epoch: 14 loss: 0.1029, grad_norm: 0.32625672221183777, lr: 0.000952, time: 0.11s
[INFO]: TRAIN epoch: 14 loss: 0.0681, grad_norm: 0.17327278852462769, lr: 0.000952, time: 0.10s
[INFO]: TRAIN epoch: 14 loss: 0.0835, grad_norm: 0.18147844076156616, lr: 0.000952, time: 0.10s
[INFO]: TRAIN epoch: 14 loss: 0.6203, grad_norm: 0.43214863538742065, lr: 0.000952, time: 0.10s
[INFO]: TRAIN epoch: 14 loss: 0.2526, grad_norm: 0.4086342453956604, lr: 0.000952, time: 0.10s
[INFO]: TRAIN epoch: 14 loss: 0.1748, grad_norm: 0.5635661482810974, lr: 0.000952, time: 0.10s
[INFO]: TRAIN epoch: 14 loss: 0.5448, grad_norm: 0.39147308468818665, lr: 0.000952, time: 0.10s
[INFO]: TRAIN epoch: 14 loss: 0.2552, grad_norm: 0.41428816318511963, lr: 0.000952, time: 0.10s
[INFO]: TRAIN epoch: 14 loss: 0.2187, grad_norm: 0.3173370957374573, lr: 0.000952, time: 0.10s
[INFO]: TRAIN epoch: 14 loss: 0.3573, grad_norm: 0.44264012575149536, lr: 0.000952, time: 0.10s
[INFO]: TRAIN epoch: 14 loss: 0.0983, grad_norm: 0.24030722677707672, lr: 0.000952, time: 0.10s
[INFO]: TRAIN epoch: 14 loss: 0.3560, grad_norm: 0.31957846879959106, lr: 0.000952, time: 0.10s
[INFO]: TRAIN epoch: 14 loss: 0.1306, grad_norm: 0.23207257688045502, lr: 0.000952, time: 0.10s
[INFO]: TRAIN epoch: 14 loss: 0.2002, grad_norm: 0.2782744765281677, lr: 0.000952, time: 0.11s
[INFO]: TRAIN epoch: 14 loss: 0.2030, grad_norm: 0.29059746861457825, lr: 0.000952, time: 0.10s
[INFO]: TRAIN epoch: 14 loss: 0.2120, grad_norm: 0.3580951392650604, lr: 0.000952, time: 0.10s
[INFO]: TRAIN epoch: 14 loss: 0.0737, grad_norm: 0.19487988948822021, lr: 0.000952, time: 0.10s
[INFO]: TRAIN epoch: 14 loss: 0.2110, grad_norm: 0.4369969666004181, lr: 0.000952, time: 0.10s
[INFO]: TRAIN epoch: 14 loss: 0.2585, grad_norm: 0.37240010499954224, lr: 0.000952, time: 0.10s
[INFO]: TRAIN epoch: 14 loss: 0.0597, grad_norm: 0.23976990580558777, lr: 0.000952, time: 0.10s
[INFO]: TRAIN epoch: 14 loss: 0.2077, grad_norm: 0.3387969732284546, lr: 0.000952, time: 0.10s
[INFO]: TRAIN epoch: 14 loss: 0.0833, grad_norm: 0.23768624663352966, lr: 0.000952, time: 0.10s
[INFO]: TRAIN epoch: 14 loss: 0.1828, grad_norm: 0.4075091779232025, lr: 0.000952, time: 0.10s
[INFO]: TRAIN epoch: 14 loss: 0.4411, grad_norm: 0.4537486732006073, lr: 0.000952, time: 0.11s
[INFO]: TRAIN epoch: 14 loss: 0.0921, grad_norm: 0.15708820521831512, lr: 0.000952, time: 0.10s
[INFO]: TRAIN epoch: 14 loss: 0.1736, grad_norm: 0.4236353933811188, lr: 0.000952, time: 0.10s
[INFO]: TRAIN epoch: 14 loss: 0.0926, grad_norm: 0.24872171878814697, lr: 0.000952, time: 0.10s
[INFO]: TRAIN epoch: 14 loss: 0.1972, grad_norm: 0.345291405916214, lr: 0.000952, time: 0.10s
[INFO]: TRAIN epoch: 14 loss: 0.1641, grad_norm: 0.22329968214035034, lr: 0.000952, time: 0.10s
[INFO]: TRAIN epoch: 14 loss: 0.2760, grad_norm: 0.33508816361427307, lr: 0.000952, time: 0.10s
[INFO]: TRAIN epoch: 14 loss: 0.0856, grad_norm: 0.2673632502555847, lr: 0.000952, time: 0.10s
[INFO]: TRAIN epoch: 14 loss: 0.1062, grad_norm: 0.2378423511981964, lr: 0.000952, time: 0.11s
[INFO]: TRAIN epoch: 14 loss: 0.0990, grad_norm: 0.24637475609779358, lr: 0.000952, time: 0.10s
[INFO]: TRAIN epoch: 14 loss: 0.4268, grad_norm: 0.42703357338905334, lr: 0.000952, time: 0.11s
[INFO]: TRAIN epoch: 14 loss: 0.0630, grad_norm: 0.20195436477661133, lr: 0.000952, time: 0.10s
[INFO]: TRAIN epoch: 14 loss: 0.1731, grad_norm: 0.28513070940971375, lr: 0.000952, time: 0.10s
[INFO]: TRAIN epoch: 14 loss: 0.2956, grad_norm: 0.3909672200679779, lr: 0.000952, time: 0.10s
[INFO]: TRAIN epoch: 14 loss: 0.2644, grad_norm: 0.487707257270813, lr: 0.000952, time: 0.10s
[INFO]: TRAIN epoch: 14 loss: 0.2009, grad_norm: 0.43143460154533386, lr: 0.000952, time: 0.10s
[INFO]: TRAIN epoch: 14 loss: 0.3058, grad_norm: 0.535671055316925, lr: 0.000952, time: 0.10s
[INFO]: TRAIN epoch: 14 loss: 0.3908, grad_norm: 0.6748626828193665, lr: 0.000952, time: 0.10s
[INFO]: TRAIN epoch: 14 loss: 0.0843, grad_norm: 0.2577943801879883, lr: 0.000952, time: 0.10s
[INFO]: TRAIN epoch: 14 loss: 0.3547, grad_norm: 0.3988962471485138, lr: 0.000952, time: 0.10s
[INFO]: TRAIN epoch: 14 loss: 0.3219, grad_norm: 0.39365750551223755, lr: 0.000952, time: 0.10s
[INFO]: TRAIN epoch: 14 loss: 0.1545, grad_norm: 0.2590941786766052, lr: 0.000952, time: 0.10s
[INFO]: TRAIN epoch: 14 loss: 0.1103, grad_norm: 0.2501910626888275, lr: 0.000952, time: 0.10s
[INFO]: TRAIN epoch: 14 loss: 0.0716, grad_norm: 0.20009452104568481, lr: 0.000952, time: 0.10s
[INFO]: TRAIN epoch: 14 loss: 0.1845, grad_norm: 0.285470575094223, lr: 0.000952, time: 0.10s
[INFO]: TRAIN epoch: 14 loss: 0.3167, grad_norm: 0.507505476474762, lr: 0.000952, time: 0.10s
[INFO]: TRAIN epoch: 14 loss: 0.2982, grad_norm: 0.35119080543518066, lr: 0.000952, time: 0.10s
[INFO]: TRAIN epoch: 14 loss: 0.2048, grad_norm: 0.3011403977870941, lr: 0.000952, time: 0.11s
[INFO]: TRAIN epoch: 14 loss: 0.2871, grad_norm: 0.3788485825061798, lr: 0.000952, time: 0.10s
[INFO]: TRAIN epoch: 14 loss: 0.2868, grad_norm: 0.5035325884819031, lr: 0.000952, time: 0.10s
[INFO]: TRAIN epoch: 14 loss: 0.0922, grad_norm: 0.2813534140586853, lr: 0.000952, time: 0.10s
[INFO]: TRAIN epoch: 14 loss: 0.1337, grad_norm: 0.38063785433769226, lr: 0.000952, time: 0.10s
[INFO]: TRAIN epoch: 14 loss: 0.3355, grad_norm: 0.4273357391357422, lr: 0.000952, time: 0.11s
[INFO]: TRAIN epoch: 14 loss: 0.0885, grad_norm: 0.29137372970581055, lr: 0.000952, time: 0.10s
[INFO]: TRAIN epoch: 14 loss: 0.1915, grad_norm: 0.3619133532047272, lr: 0.000952, time: 0.10s
[INFO]: TRAIN epoch: 14 loss: 0.2607, grad_norm: 0.47094276547431946, lr: 0.000952, time: 0.10s
[INFO]: TRAIN epoch: 14 loss: 0.4867, grad_norm: 0.40187305212020874, lr: 0.000952, time: 0.10s
[INFO]: TRAIN epoch: 14 loss: 0.2456, grad_norm: 0.4578153192996979, lr: 0.000952, time: 0.10s
[INFO]: TRAIN epoch: 14 loss: 0.1805, grad_norm: 0.34780195355415344, lr: 0.000952, time: 0.11s
[INFO]: TRAIN epoch: 14 loss: 0.0823, grad_norm: 0.24475857615470886, lr: 0.000952, time: 0.10s
[INFO]: TRAIN epoch: 14 loss: 0.1341, grad_norm: 0.33373457193374634, lr: 0.000952, time: 0.10s
[INFO]: TRAIN epoch: 14 loss: 0.0824, grad_norm: 0.17245417833328247, lr: 0.000952, time: 0.10s
[INFO]: TRAIN epoch: 14 loss: 0.1166, grad_norm: 0.31087422370910645, lr: 0.000952, time: 0.10s
[INFO]: TRAIN epoch: 14 loss: 0.1029, grad_norm: 0.2517053186893463, lr: 0.000952, time: 0.10s
[INFO]: TRAIN epoch: 14 loss: 0.1057, grad_norm: 0.2900003492832184, lr: 0.000952, time: 0.10s
[INFO]: TRAIN epoch: 14 loss: 0.2109, grad_norm: 0.3357842266559601, lr: 0.000952, time: 0.10s
[INFO]: TRAIN epoch: 14 loss: 0.0764, grad_norm: 0.24160423874855042, lr: 0.000952, time: 0.10s
[INFO]: TRAIN epoch: 14 loss: 0.1889, grad_norm: 0.44169533252716064, lr: 0.000952, time: 0.10s
[INFO]: TRAIN epoch: 14 loss: 0.0802, grad_norm: 0.21663735806941986, lr: 0.000952, time: 0.10s
[INFO]: TRAIN epoch: 14 loss: 0.0500, grad_norm: 0.1421384960412979, lr: 0.000952, time: 0.10s
[INFO]: TRAIN epoch: 14 loss: 0.2479, grad_norm: 0.5500648021697998, lr: 0.000952, time: 0.10s
[INFO]: TRAIN epoch: 14 loss: 0.3065, grad_norm: 0.47451677918434143, lr: 0.000952, time: 0.11s
[INFO]: TRAIN epoch: 14 loss: 0.1628, grad_norm: 0.42607468366622925, lr: 0.000952, time: 0.10s
[INFO]: TRAIN epoch: 14 loss: 0.0382, grad_norm: 0.14182180166244507, lr: 0.000952, time: 0.10s
[INFO]: TRAIN epoch: 14 loss: 0.2262, grad_norm: 0.32117241621017456, lr: 0.000952, time: 0.10s
[INFO]: TRAIN epoch: 14 loss: 0.2896, grad_norm: 0.36438053846359253, lr: 0.000952, time: 0.10s
[INFO]: TRAIN epoch: 14 loss: 0.0784, grad_norm: 0.2486339807510376, lr: 0.000952, time: 0.10s
[INFO]: TRAIN epoch: 14 loss: 0.2732, grad_norm: 0.5452847480773926, lr: 0.000952, time: 0.10s
[INFO]: TRAIN epoch: 14 loss: 0.1380, grad_norm: 0.32519102096557617, lr: 0.000952, time: 0.10s
[INFO]: TRAIN epoch: 14 loss: 0.3780, grad_norm: 0.41227826476097107, lr: 0.000952, time: 0.10s
[INFO]: TRAIN epoch: 14 loss: 0.0788, grad_norm: 0.21783174574375153, lr: 0.000952, time: 0.10s
[INFO]: TRAIN epoch: 14 loss: 0.2249, grad_norm: 0.33475908637046814, lr: 0.000952, time: 0.10s
[INFO]: TRAIN epoch: 14 loss: 0.3363, grad_norm: 0.3797961175441742, lr: 0.000952, time: 0.10s
[INFO]: TRAIN epoch: 14 loss: 0.1911, grad_norm: 0.3467952609062195, lr: 0.000952, time: 0.10s
[INFO]: TRAIN epoch: 14 loss: 0.3065, grad_norm: 0.3359186053276062, lr: 0.000952, time: 0.10s
[INFO]: TRAIN epoch: 14 loss: 0.1291, grad_norm: 0.26350098848342896, lr: 0.000952, time: 0.10s
[INFO]: TRAIN epoch: 14 loss: 0.4418, grad_norm: 0.529774010181427, lr: 0.000952, time: 0.10s
[INFO]: TRAIN epoch: 14 loss: 0.3459, grad_norm: 0.38426098227500916, lr: 0.000952, time: 0.10s
[INFO]: TRAIN epoch: 14 loss: 0.5134, grad_norm: 0.40743201971054077, lr: 0.000952, time: 0.11s
[INFO]: TRAIN epoch: 14 loss: 0.0805, grad_norm: 0.26408523321151733, lr: 0.000952, time: 0.10s
[INFO]: TRAIN epoch: 14 loss: 0.3886, grad_norm: 0.3188822269439697, lr: 0.000952, time: 0.10s
[INFO]: TRAIN epoch: 14 loss: 0.1707, grad_norm: 0.39080721139907837, lr: 0.000952, time: 0.10s
[INFO]: TRAIN epoch: 14 loss: 0.1628, grad_norm: 0.24987563490867615, lr: 0.000952, time: 0.10s
[INFO]: TRAIN epoch: 14 loss: 0.2974, grad_norm: 0.4601392447948456, lr: 0.000952, time: 0.10s
[INFO]: TRAIN epoch: 14 loss: 0.2586, grad_norm: 0.4967671036720276, lr: 0.000952, time: 0.10s
[INFO]: TRAIN epoch: 14 loss: 0.3653, grad_norm: 0.39750784635543823, lr: 0.000952, time: 0.11s
[INFO]: TRAIN epoch: 14 loss: 0.4402, grad_norm: 0.33075788617134094, lr: 0.000952, time: 0.11s
[INFO]: TRAIN epoch: 14 loss: 0.0673, grad_norm: 0.2438809722661972, lr: 0.000952, time: 0.10s
[INFO]: TRAIN epoch: 14 loss: 0.0886, grad_norm: 0.26767846941947937, lr: 0.000952, time: 0.10s
[INFO]: TRAIN epoch: 14 loss: 0.2141, grad_norm: 0.27334654331207275, lr: 0.000952, time: 0.10s
[INFO]: TRAIN epoch: 14 loss: 0.1985, grad_norm: 0.39656510949134827, lr: 0.000952, time: 0.10s
[INFO]: TRAIN epoch: 14 loss: 0.2590, grad_norm: 0.2668980062007904, lr: 0.000952, time: 0.10s
[INFO]: TRAIN epoch: 14 loss: 0.0467, grad_norm: 0.13062302768230438, lr: 0.000952, time: 0.10s
[INFO]: TRAIN epoch: 14 loss: 0.1535, grad_norm: 0.3352130949497223, lr: 0.000952, time: 0.10s
[INFO]: TRAIN epoch: 14 loss: 0.4864, grad_norm: 0.5033439993858337, lr: 0.000952, time: 0.11s
[INFO]: TRAIN epoch: 14 loss: 0.1244, grad_norm: 0.27353420853614807, lr: 0.000952, time: 0.10s
[INFO]: TRAIN epoch: 14 loss: 0.2562, grad_norm: 0.39620670676231384, lr: 0.000952, time: 0.10s
[INFO]: TRAIN epoch: 14 loss: 0.2498, grad_norm: 0.26462167501449585, lr: 0.000952, time: 0.10s
[INFO]: TRAIN epoch: 14 loss: 0.1130, grad_norm: 0.2706504166126251, lr: 0.000952, time: 0.10s
[INFO]: TRAIN epoch: 14 loss: 0.1462, grad_norm: 0.2667893171310425, lr: 0.000952, time: 0.10s
[INFO]: TRAIN epoch: 14 loss: 0.1047, grad_norm: 0.2445220649242401, lr: 0.000952, time: 0.10s
[INFO]: TRAIN epoch: 14 loss: 0.1824, grad_norm: 0.3530902862548828, lr: 0.000952, time: 0.10s
[INFO]: TRAIN epoch: 14 loss: 0.0640, grad_norm: 0.19351676106452942, lr: 0.000952, time: 0.10s
[INFO]: TRAIN epoch: 14 loss: 0.1146, grad_norm: 0.27156591415405273, lr: 0.000952, time: 0.10s
[INFO]: TRAIN epoch: 14 loss: 0.0790, grad_norm: 0.21828202903270721, lr: 0.000952, time: 0.10s
[INFO]: TRAIN epoch: 14 loss: 0.2964, grad_norm: 0.3685826361179352, lr: 0.000952, time: 0.10s
[INFO]: TRAIN epoch: 14 loss: 0.0615, grad_norm: 0.14992332458496094, lr: 0.000952, time: 0.10s
[INFO]: TRAIN epoch: 14 loss: 0.1924, grad_norm: 0.35207289457321167, lr: 0.000952, time: 0.10s
[INFO]: TRAIN epoch: 14 loss: 0.1546, grad_norm: 0.3130687177181244, lr: 0.000952, time: 0.10s
[INFO]: TRAIN epoch: 14 loss: 0.2752, grad_norm: 0.430421382188797, lr: 0.000952, time: 0.10s
[INFO]: TRAIN epoch: 14 loss: 0.0637, grad_norm: 0.19743886590003967, lr: 0.000952, time: 0.10s
[INFO]: TRAIN epoch: 14 loss: 0.2679, grad_norm: 0.5232625007629395, lr: 0.000952, time: 0.10s
[INFO]: TRAIN epoch: 14 loss: 0.1196, grad_norm: 0.3216736316680908, lr: 0.000952, time: 0.10s
[INFO]: TRAIN epoch: 14 loss: 0.1907, grad_norm: 0.33841198682785034, lr: 0.000952, time: 0.10s
[INFO]: TRAIN epoch: 14 loss: 0.2436, grad_norm: 0.4088034927845001, lr: 0.000952, time: 0.10s
[INFO]: TRAIN epoch: 14 loss: 0.1001, grad_norm: 0.2406037598848343, lr: 0.000952, time: 0.10s
[INFO]: TRAIN epoch: 14 loss: 0.3492, grad_norm: 0.4069785475730896, lr: 0.000952, time: 0.10s
[INFO]: TRAIN epoch: 14 loss: 0.1828, grad_norm: 0.26976242661476135, lr: 0.000952, time: 0.10s
[INFO]: TRAIN epoch: 14 loss: 0.1877, grad_norm: 0.252569317817688, lr: 0.000952, time: 0.10s
[INFO]: TRAIN epoch: 14 loss: 0.2688, grad_norm: 0.3538067936897278, lr: 0.000952, time: 0.10s
[INFO]: TRAIN epoch: 14 loss: 0.5164, grad_norm: 0.43670448660850525, lr: 0.000952, time: 0.10s
[INFO]: TRAIN epoch: 14 loss: 0.2828, grad_norm: 0.29744791984558105, lr: 0.000952, time: 0.10s
[INFO]: TRAIN epoch: 14 loss: 0.2090, grad_norm: 0.33279678225517273, lr: 0.000952, time: 0.10s
[INFO]: TRAIN epoch: 14 loss: 0.2113, grad_norm: 0.3078596889972687, lr: 0.000952, time: 0.10s
[INFO]: TRAIN epoch: 14 loss: 0.0475, grad_norm: 0.1390874683856964, lr: 0.000952, time: 0.10s
[INFO]: TRAIN epoch: 14 loss: 0.2008, grad_norm: 0.3282693326473236, lr: 0.000952, time: 0.10s
[INFO]: TRAIN epoch: 14 loss: 0.0484, grad_norm: 0.17225950956344604, lr: 0.000952, time: 0.10s
[INFO]: TRAIN epoch: 14 loss: 0.2116, grad_norm: 0.34395667910575867, lr: 0.000952, time: 0.10s
[INFO]: TRAIN epoch: 14 loss: 0.1974, grad_norm: 0.349440336227417, lr: 0.000952, time: 0.11s
[INFO]: TRAIN epoch: 14 loss: 0.0921, grad_norm: 0.27139419317245483, lr: 0.000952, time: 0.10s
[INFO]: TRAIN epoch: 14 loss: 0.1143, grad_norm: 0.27542129158973694, lr: 0.000952, time: 0.10s
[INFO]: TRAIN epoch: 14 loss: 0.3831, grad_norm: 0.37672993540763855, lr: 0.000952, time: 0.10s
[INFO]: TRAIN epoch: 14 loss: 0.1030, grad_norm: 0.2537994384765625, lr: 0.000952, time: 0.10s
[INFO]: TRAIN epoch: 14 loss: 0.2721, grad_norm: 0.45408350229263306, lr: 0.000952, time: 0.10s
[INFO]: TRAIN epoch: 14 loss: 0.2798, grad_norm: 0.37351658940315247, lr: 0.000952, time: 0.10s
[INFO]: TRAIN epoch: 14 loss: 0.2323, grad_norm: 0.39617055654525757, lr: 0.000952, time: 0.10s
[INFO]: TRAIN epoch: 14 loss: 0.2900, grad_norm: 0.3383021056652069, lr: 0.000952, time: 0.10s
[INFO]: TRAIN epoch: 14 loss: 0.1053, grad_norm: 0.25470981001853943, lr: 0.000952, time: 0.10s
[INFO]: TRAIN epoch: 14 loss: 0.0685, grad_norm: 0.19082245230674744, lr: 0.000952, time: 0.10s
[INFO]: TRAIN epoch: 14 loss: 0.1302, grad_norm: 0.22481390833854675, lr: 0.000952, time: 0.10s
[INFO]: TRAIN epoch: 14 loss: 0.2635, grad_norm: 0.35156723856925964, lr: 0.000952, time: 0.10s
[INFO]: TRAIN epoch: 14 loss: 0.2208, grad_norm: 0.34372881054878235, lr: 0.000952, time: 0.10s
[INFO]: TRAIN epoch: 14 loss: 0.3936, grad_norm: 0.3622061610221863, lr: 0.000952, time: 0.10s
[INFO]: TRAIN epoch: 14 loss: 0.2855, grad_norm: 0.39998728036880493, lr: 0.000952, time: 0.10s
[INFO]: TRAIN epoch: 14 loss: 0.1102, grad_norm: 0.2534525990486145, lr: 0.000952, time: 0.10s
[INFO]: TRAIN epoch: 14 loss: 0.2147, grad_norm: 0.34662920236587524, lr: 0.000952, time: 0.10s
[INFO]: TRAIN epoch: 14 loss: 0.1954, grad_norm: 0.3324001431465149, lr: 0.000952, time: 0.10s
[INFO]: TRAIN epoch: 14 loss: 0.2089, grad_norm: 0.3460126221179962, lr: 0.000952, time: 0.10s
[INFO]: TRAIN epoch: 14 loss: 0.2654, grad_norm: 0.3100525736808777, lr: 0.000952, time: 0.10s
[INFO]: TRAIN epoch: 14 loss: 0.0849, grad_norm: 0.2157139629125595, lr: 0.000952, time: 0.10s
[INFO]: TRAIN epoch: 14 loss: 0.2481, grad_norm: 0.38423851132392883, lr: 0.000952, time: 0.10s
[INFO]: TRAIN epoch: 14 loss: 0.2204, grad_norm: 0.3449282944202423, lr: 0.000952, time: 0.10s
[INFO]: TRAIN epoch: 14 loss: 0.1665, grad_norm: 0.3494103252887726, lr: 0.000952, time: 0.10s
[INFO]: TRAIN epoch: 14 loss: 0.0696, grad_norm: 0.22610174119472504, lr: 0.000952, time: 0.10s
[INFO]: TRAIN epoch: 14 loss: 0.0826, grad_norm: 0.2077212631702423, lr: 0.000952, time: 0.10s
[INFO]: TRAIN epoch: 14 loss: 0.3660, grad_norm: 0.38003116846084595, lr: 0.000952, time: 0.10s
[INFO]: TRAIN epoch: 14 loss: 0.1287, grad_norm: 0.23554816842079163, lr: 0.000952, time: 0.10s
[INFO]: TRAIN epoch: 14 loss: 0.4533, grad_norm: 0.4116283655166626, lr: 0.000952, time: 0.10s
[INFO]: TRAIN epoch: 14 loss: 0.0751, grad_norm: 0.24106763303279877, lr: 0.000952, time: 0.10s
[INFO]: TRAIN epoch: 14 loss: 0.0737, grad_norm: 0.24333053827285767, lr: 0.000952, time: 0.10s
[INFO]: TRAIN epoch: 14 loss: 0.2094, grad_norm: 0.3267730176448822, lr: 0.000952, time: 0.10s
[INFO]: TRAIN epoch: 14 loss: 0.1199, grad_norm: 0.3867946267127991, lr: 0.000952, time: 0.10s
[INFO]: TRAIN epoch: 14 loss: 0.2461, grad_norm: 0.40234264731407166, lr: 0.000952, time: 0.10s
[INFO]: TRAIN epoch: 14 loss: 0.2864, grad_norm: 0.35406750440597534, lr: 0.000952, time: 0.11s
[INFO]: TRAIN epoch: 14 loss: 0.2106, grad_norm: 0.41529133915901184, lr: 0.000952, time: 0.10s
[INFO]: TRAIN epoch: 14 loss: 0.0889, grad_norm: 0.21003109216690063, lr: 0.000952, time: 0.10s
[INFO]: TRAIN epoch: 14 loss: 0.1670, grad_norm: 0.264757364988327, lr: 0.000952, time: 0.10s
[INFO]: TRAIN epoch: 14 loss: 0.0471, grad_norm: 0.15414121747016907, lr: 0.000952, time: 0.10s
[INFO]: TRAIN epoch: 14 loss: 0.0940, grad_norm: 0.24136748909950256, lr: 0.000952, time: 0.10s
[INFO]: TRAIN epoch: 14 loss: 0.1973, grad_norm: 0.4144201874732971, lr: 0.000952, time: 0.10s
[INFO]: TRAIN epoch: 14 loss: 0.2214, grad_norm: 0.3901567757129669, lr: 0.000952, time: 0.10s
[INFO]: TRAIN epoch: 14 loss: 0.0848, grad_norm: 0.20867854356765747, lr: 0.000952, time: 0.10s
[INFO]: TRAIN epoch: 14 loss: 0.4429, grad_norm: 0.4467955529689789, lr: 0.000952, time: 0.10s
[INFO]: TRAIN epoch: 14 loss: 0.6120, grad_norm: 0.37423771619796753, lr: 0.000952, time: 0.10s
[INFO]: TRAIN epoch: 14 loss: 0.3716, grad_norm: 0.582316517829895, lr: 0.000952, time: 0.10s
[INFO]: TRAIN epoch: 14 loss: 0.3384, grad_norm: 0.44603562355041504, lr: 0.000952, time: 0.11s
[INFO]: TRAIN epoch: 14 loss: 0.2295, grad_norm: 0.31106117367744446, lr: 0.000952, time: 0.10s
[INFO]: TRAIN epoch: 14 loss: 0.3098, grad_norm: 0.4151352047920227, lr: 0.000952, time: 0.10s
[INFO]: TRAIN epoch: 14 loss: 0.2512, grad_norm: 0.31758973002433777, lr: 0.000952, time: 0.10s
[INFO]: TRAIN epoch: 14 loss: 0.1790, grad_norm: 0.3836377263069153, lr: 0.000952, time: 0.10s
[INFO]: TRAIN epoch: 14 loss: 0.0591, grad_norm: 0.22159519791603088, lr: 0.000952, time: 0.10s
[INFO]: TRAIN epoch: 14 loss: 0.1302, grad_norm: 0.306708425283432, lr: 0.000952, time: 0.10s
[INFO]: TRAIN epoch: 14 loss: 0.2576, grad_norm: 0.3440883159637451, lr: 0.000952, time: 0.10s
[INFO]: TRAIN epoch: 14 loss: 0.3030, grad_norm: 0.3352165222167969, lr: 0.000952, time: 0.10s
[INFO]: TRAIN epoch: 14 loss: 0.0649, grad_norm: 0.1886349767446518, lr: 0.000952, time: 0.10s
[INFO]: TRAIN epoch: 14 loss: 0.0818, grad_norm: 0.17266146838665009, lr: 0.000952, time: 0.10s
[INFO]: TRAIN epoch: 14 loss: 0.1096, grad_norm: 0.2546844482421875, lr: 0.000952, time: 0.10s
[INFO]: TRAIN epoch: 14 loss: 0.1722, grad_norm: 0.3128410875797272, lr: 0.000952, time: 0.10s
[INFO]: TRAIN epoch: 14 loss: 0.5536, grad_norm: 0.3561062216758728, lr: 0.000952, time: 0.10s
[INFO]: TRAIN epoch: 14 loss: 0.2179, grad_norm: 0.2992689609527588, lr: 0.000952, time: 0.10s
[INFO]: TRAIN epoch: 14 loss: 0.1003, grad_norm: 0.19800032675266266, lr: 0.000952, time: 0.10s
[INFO]: TRAIN epoch: 14 loss: 0.3745, grad_norm: 0.49511849880218506, lr: 0.000952, time: 0.10s
[INFO]: TRAIN epoch: 14 loss: 0.1178, grad_norm: 0.28192245960235596, lr: 0.000952, time: 0.10s
[INFO]: TRAIN epoch: 14 loss: 0.1239, grad_norm: 0.19498027861118317, lr: 0.000952, time: 0.10s
[INFO]: TRAIN epoch: 14 loss: 0.0972, grad_norm: 0.2538966238498688, lr: 0.000952, time: 0.10s
[INFO]: TRAIN epoch: 14 loss: 0.0667, grad_norm: 0.20348261296749115, lr: 0.000952, time: 0.10s
[INFO]: TRAIN epoch: 14 loss: 0.0702, grad_norm: 0.19569943845272064, lr: 0.000952, time: 0.10s
[INFO]: TRAIN epoch: 14 loss: 0.1459, grad_norm: 0.2909838557243347, lr: 0.000952, time: 0.10s
[INFO]: TRAIN epoch: 14 loss: 0.1987, grad_norm: 0.4058670997619629, lr: 0.000952, time: 0.10s
[INFO]: TRAIN epoch: 14 loss: 0.4230, grad_norm: 0.37976112961769104, lr: 0.000952, time: 0.10s
[INFO]: TRAIN epoch: 14 loss: 0.1257, grad_norm: 0.35093948245048523, lr: 0.000952, time: 0.10s
[INFO]: TRAIN epoch: 14 loss: 0.0564, grad_norm: 0.16573849320411682, lr: 0.000952, time: 0.10s
[INFO]: TRAIN epoch: 14 loss: 0.2585, grad_norm: 0.47215351462364197, lr: 0.000952, time: 0.10s
[INFO]: TRAIN epoch: 14 loss: 0.3196, grad_norm: 0.5116131901741028, lr: 0.000952, time: 0.10s
[INFO]: TRAIN epoch: 14 loss: 0.1996, grad_norm: 0.3364926874637604, lr: 0.000952, time: 0.10s
[INFO]: TRAIN epoch: 14 loss: 0.4150, grad_norm: 0.43929344415664673, lr: 0.000952, time: 0.10s
[INFO]: TRAIN epoch: 14 loss: 0.2413, grad_norm: 0.33434757590293884, lr: 0.000952, time: 0.10s
[INFO]: TRAIN epoch: 14 loss: 0.2403, grad_norm: 0.2854367196559906, lr: 0.000952, time: 0.10s
[INFO]: TRAIN epoch: 14 loss: 0.2539, grad_norm: 0.286245733499527, lr: 0.000952, time: 0.10s
[INFO]: TRAIN epoch: 14 loss: 0.1680, grad_norm: 0.34281858801841736, lr: 0.000952, time: 0.10s
[INFO]: TRAIN epoch: 14 loss: 0.1499, grad_norm: 0.30022722482681274, lr: 0.000952, time: 0.10s
[INFO]: TRAIN epoch: 14 loss: 0.1913, grad_norm: 0.3655109703540802, lr: 0.000952, time: 0.10s
[INFO]: TRAIN epoch: 14 loss: 0.3285, grad_norm: 0.4224134683609009, lr: 0.000952, time: 0.10s
[INFO]: TRAIN epoch: 14 loss: 0.3482, grad_norm: 0.48854902386665344, lr: 0.000952, time: 0.10s
[INFO]: TRAIN epoch: 14 loss: 0.1075, grad_norm: 0.2743297815322876, lr: 0.000952, time: 0.10s
[INFO]: TRAIN epoch: 14 loss: 0.3139, grad_norm: 0.49996161460876465, lr: 0.000952, time: 0.10s
[INFO]: TRAIN epoch: 14 loss: 0.0640, grad_norm: 0.23300901055335999, lr: 0.000952, time: 0.10s
[INFO]: TRAIN epoch: 14 loss: 0.2836, grad_norm: 0.3583011031150818, lr: 0.000952, time: 0.10s
[INFO]: TRAIN epoch: 14 loss: 0.2292, grad_norm: 0.509376049041748, lr: 0.000952, time: 0.10s
[INFO]: TRAIN epoch: 14 loss: 0.3896, grad_norm: 0.393914133310318, lr: 0.000952, time: 0.10s
[INFO]: TRAIN epoch: 14 loss: 0.0995, grad_norm: 0.2520436942577362, lr: 0.000952, time: 0.10s
[INFO]: TRAIN epoch: 14 loss: 0.0866, grad_norm: 0.20730964839458466, lr: 0.000952, time: 0.10s
[INFO]: TRAIN epoch: 14 loss: 0.0682, grad_norm: 0.18936702609062195, lr: 0.000952, time: 0.10s
[INFO]: TRAIN epoch: 14 loss: 0.2392, grad_norm: 0.35019347071647644, lr: 0.000952, time: 0.10s
[INFO]: TRAIN epoch: 14 loss: 0.0797, grad_norm: 0.2539299726486206, lr: 0.000952, time: 0.10s
[INFO]: TRAIN epoch: 14 loss: 0.3881, grad_norm: 0.4184143543243408, lr: 0.000952, time: 0.10s
[INFO]: TRAIN epoch: 14 loss: 0.3593, grad_norm: 0.399354487657547, lr: 0.000952, time: 0.10s
[INFO]: TRAIN epoch: 14 loss: 0.0878, grad_norm: 0.20287571847438812, lr: 0.000952, time: 0.10s
[INFO]: TRAIN epoch: 14 loss: 0.2403, grad_norm: 0.3595331609249115, lr: 0.000952, time: 0.11s
[INFO]: TRAIN epoch: 14 loss: 0.0634, grad_norm: 0.17552858591079712, lr: 0.000952, time: 0.10s
[INFO]: TRAIN epoch: 14 loss: 0.2703, grad_norm: 0.44566667079925537, lr: 0.000952, time: 0.10s
[INFO]: TRAIN epoch: 14 loss: 0.1406, grad_norm: 0.2988085150718689, lr: 0.000952, time: 0.10s
[INFO]: TRAIN epoch: 14 loss: 0.1356, grad_norm: 0.3862948417663574, lr: 0.000952, time: 0.10s
[INFO]: TRAIN epoch: 14 loss: 0.2052, grad_norm: 0.28817981481552124, lr: 0.000952, time: 0.10s
[INFO]: TRAIN epoch: 14 loss: 0.1286, grad_norm: 0.2178424745798111, lr: 0.000952, time: 0.10s
[INFO]: TRAIN epoch: 14 loss: 0.3465, grad_norm: 0.325618714094162, lr: 0.000952, time: 0.10s
[INFO]: TRAIN epoch: 14 loss: 0.3574, grad_norm: 0.4128085672855377, lr: 0.000952, time: 0.10s
[INFO]: TRAIN epoch: 14 loss: 0.0543, grad_norm: 0.15108321607112885, lr: 0.000952, time: 0.10s
[INFO]: TRAIN epoch: 14 loss: 0.0470, grad_norm: 0.17106817662715912, lr: 0.000952, time: 0.10s
[INFO]: TRAIN epoch: 14 loss: 0.2425, grad_norm: 0.35910338163375854, lr: 0.000952, time: 0.10s
[INFO]: TRAIN epoch: 14 loss: 0.0760, grad_norm: 0.21292398869991302, lr: 0.000952, time: 0.10s
[INFO]: TRAIN epoch: 14 loss: 0.3378, grad_norm: 0.4165559411048889, lr: 0.000952, time: 0.10s
[INFO]: TRAIN epoch: 14 loss: 0.1684, grad_norm: 0.34095093607902527, lr: 0.000952, time: 0.10s
[INFO]: TRAIN epoch: 14 loss: 0.2397, grad_norm: 0.267929345369339, lr: 0.000952, time: 0.10s
[INFO]: TRAIN epoch: 14 loss: 0.4489, grad_norm: 0.3677155375480652, lr: 0.000952, time: 0.10s
[INFO]: TRAIN epoch: 14 loss: 0.1768, grad_norm: 0.3502838909626007, lr: 0.000952, time: 0.10s
[INFO]: TRAIN epoch: 14 loss: 0.1879, grad_norm: 0.3465025722980499, lr: 0.000952, time: 0.10s
[INFO]: TRAIN epoch: 14 loss: 0.2861, grad_norm: 0.4050160050392151, lr: 0.000952, time: 0.10s
[INFO]: TRAIN epoch: 14 loss: 0.0919, grad_norm: 0.35299503803253174, lr: 0.000952, time: 0.10s
[INFO]: TRAIN epoch: 14 loss: 0.2441, grad_norm: 0.3980010747909546, lr: 0.000952, time: 0.10s
[INFO]: TRAIN epoch: 14 loss: 0.2677, grad_norm: 0.3088657557964325, lr: 0.000952, time: 0.10s
[INFO]: TRAIN epoch: 14 loss: 0.3104, grad_norm: 0.45715153217315674, lr: 0.000952, time: 0.10s
[INFO]: TRAIN epoch: 14 loss: 0.2555, grad_norm: 0.3530881702899933, lr: 0.000952, time: 0.10s
[INFO]: TRAIN epoch: 14 loss: 0.1488, grad_norm: 0.24636681377887726, lr: 0.000952, time: 0.10s
[INFO]: TRAIN epoch: 14 loss: 0.1843, grad_norm: 0.35051682591438293, lr: 0.000952, time: 0.10s
[INFO]: TRAIN epoch: 14 loss: 0.1203, grad_norm: 0.23787297308444977, lr: 0.000952, time: 0.10s
[INFO]: TRAIN epoch: 14 loss: 0.1046, grad_norm: 0.26963162422180176, lr: 0.000952, time: 0.10s
[INFO]: TRAIN epoch: 14 loss: 0.0612, grad_norm: 0.1804979294538498, lr: 0.000952, time: 0.10s
[INFO]: TRAIN epoch: 14 loss: 0.3252, grad_norm: 0.38083821535110474, lr: 0.000952, time: 0.11s
[INFO]: TRAIN epoch: 14 loss: 0.2268, grad_norm: 0.35769039392471313, lr: 0.000952, time: 0.10s
[INFO]: TRAIN epoch: 14 loss: 0.2620, grad_norm: 0.37377065420150757, lr: 0.000952, time: 0.10s
[INFO]: TRAIN epoch: 14 loss: 0.1684, grad_norm: 0.23173604905605316, lr: 0.000952, time: 0.10s
[INFO]: TRAIN epoch: 14 loss: 0.3567, grad_norm: 0.3471408188343048, lr: 0.000952, time: 0.10s
[INFO]: TRAIN epoch: 14 loss: 0.1269, grad_norm: 0.32798781991004944, lr: 0.000952, time: 0.10s
[INFO]: TRAIN epoch: 14 loss: 0.0701, grad_norm: 0.18989761173725128, lr: 0.000952, time: 0.10s
[INFO]: TRAIN epoch: 14 loss: 0.2393, grad_norm: 0.49478888511657715, lr: 0.000952, time: 0.10s
[INFO]: TRAIN epoch: 14 loss: 0.4818, grad_norm: 0.5156784653663635, lr: 0.000952, time: 0.10s
[INFO]: TRAIN epoch: 14 loss: 0.3897, grad_norm: 0.40394797921180725, lr: 0.000952, time: 0.10s
[INFO]: TRAIN epoch: 14 loss: 0.5141, grad_norm: 0.38992103934288025, lr: 0.000952, time: 0.10s
[INFO]: TRAIN epoch: 14 loss: 0.0360, grad_norm: 0.14823611080646515, lr: 0.000952, time: 0.10s
[INFO]: TRAIN epoch: 14 loss: 0.0769, grad_norm: 0.2798784673213959, lr: 0.000952, time: 0.10s
[INFO]: TRAIN epoch: 14 loss: 0.2369, grad_norm: 0.3161909878253937, lr: 0.000952, time: 0.10s
[INFO]: TRAIN epoch: 14 loss: 0.3202, grad_norm: 0.40146708488464355, lr: 0.000952, time: 0.10s
[INFO]: TRAIN epoch: 14 loss: 0.1581, grad_norm: 0.28345662355422974, lr: 0.000952, time: 0.10s
[INFO]: TRAIN epoch: 14 loss: 0.1653, grad_norm: 0.39565569162368774, lr: 0.000952, time: 0.10s
[INFO]: TRAIN epoch: 14 loss: 0.0944, grad_norm: 0.2758788764476776, lr: 0.000952, time: 0.10s
[INFO]: TRAIN epoch: 14 loss: 0.2543, grad_norm: 0.35342997312545776, lr: 0.000952, time: 0.10s
[INFO]: TRAIN epoch: 14 loss: 0.2394, grad_norm: 0.36897093057632446, lr: 0.000952, time: 0.10s
[INFO]: TRAIN epoch: 14 loss: 0.2538, grad_norm: 0.3608893156051636, lr: 0.000952, time: 0.10s
[INFO]: TRAIN epoch: 14 loss: 0.0837, grad_norm: 0.26359865069389343, lr: 0.000952, time: 0.10s
[INFO]: TRAIN epoch: 14 loss: 0.3348, grad_norm: 0.300107479095459, lr: 0.000952, time: 0.10s
[INFO]: TRAIN epoch: 14 loss: 0.1370, grad_norm: 0.3137063682079315, lr: 0.000952, time: 0.10s
[INFO]: TRAIN epoch: 14 loss: 0.3449, grad_norm: 0.48007112741470337, lr: 0.000952, time: 0.10s
[INFO]: TRAIN epoch: 14 loss: 0.0843, grad_norm: 0.21385473012924194, lr: 0.000952, time: 0.10s
[INFO]: TRAIN epoch: 14 loss: 0.0810, grad_norm: 0.1956849843263626, lr: 0.000952, time: 0.10s
[INFO]: TRAIN epoch: 14 loss: 0.2851, grad_norm: 0.5075436234474182, lr: 0.000952, time: 0.10s
[INFO]: TRAIN epoch: 14 loss: 0.0558, grad_norm: 0.17120614647865295, lr: 0.000952, time: 0.10s
[INFO]: TRAIN epoch: 14 loss: 0.1512, grad_norm: 0.3123001456260681, lr: 0.000952, time: 0.10s
[INFO]: TRAIN epoch: 14 loss: 0.2510, grad_norm: 0.21772538125514984, lr: 0.000952, time: 0.10s
[INFO]: TRAIN epoch: 14 loss: 0.1111, grad_norm: 0.23162056505680084, lr: 0.000952, time: 0.10s
[INFO]: TRAIN epoch: 14 loss: 0.0898, grad_norm: 0.24649755656719208, lr: 0.000952, time: 0.10s
[INFO]: TRAIN epoch: 14 loss: 0.1710, grad_norm: 0.4145556688308716, lr: 0.000952, time: 0.10s
[INFO]: TRAIN epoch: 14 loss: 0.1345, grad_norm: 0.28698790073394775, lr: 0.000952, time: 0.10s
[INFO]: TRAIN epoch: 14 loss: 0.3271, grad_norm: 0.40619179606437683, lr: 0.000952, time: 0.10s
[INFO]: TRAIN epoch: 14 loss: 0.2169, grad_norm: 0.43170690536499023, lr: 0.000952, time: 0.10s
[INFO]: TRAIN epoch: 14 loss: 0.0786, grad_norm: 0.1893237829208374, lr: 0.000952, time: 0.10s
[INFO]: TRAIN epoch: 14 loss: 0.0894, grad_norm: 0.33880239725112915, lr: 0.000952, time: 0.10s
[INFO]: TRAIN epoch: 14 loss: 0.2720, grad_norm: 0.3040211796760559, lr: 0.000952, time: 0.10s
[INFO]: TRAIN epoch: 14 loss: 0.3480, grad_norm: 0.3415268361568451, lr: 0.000952, time: 0.10s
[INFO]: TRAIN epoch: 14 loss: 0.2615, grad_norm: 0.3712024390697479, lr: 0.000952, time: 0.10s
[INFO]: TRAIN epoch: 14 loss: 0.4477, grad_norm: 0.45479080080986023, lr: 0.000952, time: 0.10s
[INFO]: TRAIN epoch: 14 loss: 0.5911, grad_norm: 0.3480437397956848, lr: 0.000952, time: 0.10s
[INFO]: TRAIN epoch: 14 loss: 0.2284, grad_norm: 0.42897745966911316, lr: 0.000952, time: 0.10s
[INFO]: TRAIN epoch: 14 loss: 0.0543, grad_norm: 0.14640912413597107, lr: 0.000952, time: 0.10s
[INFO]: TRAIN epoch: 14 loss: 0.1414, grad_norm: 0.34734657406806946, lr: 0.000952, time: 0.10s
[INFO]: TRAIN epoch: 14 loss: 0.0515, grad_norm: 0.18173643946647644, lr: 0.000952, time: 0.10s
[INFO]: TRAIN epoch: 14 loss: 0.2683, grad_norm: 0.30562978982925415, lr: 0.000952, time: 0.10s
[INFO]: TRAIN epoch: 14 loss: 0.0700, grad_norm: 0.2070225030183792, lr: 0.000952, time: 0.10s
[INFO]: TRAIN epoch: 14 loss: 0.2677, grad_norm: 0.3603683114051819, lr: 0.000952, time: 0.10s
[INFO]: TRAIN epoch: 14 loss: 0.1434, grad_norm: 0.25386014580726624, lr: 0.000952, time: 0.10s
[INFO]: TRAIN epoch: 14 loss: 0.3365, grad_norm: 0.49892452359199524, lr: 0.000952, time: 0.10s
[INFO]: TRAIN epoch: 14 loss: 0.1178, grad_norm: 0.2753738760948181, lr: 0.000952, time: 0.10s
[INFO]: TRAIN epoch: 14 loss: 0.0920, grad_norm: 0.2615470588207245, lr: 0.000952, time: 0.10s
[INFO]: TRAIN epoch: 14 loss: 0.2091, grad_norm: 0.369759738445282, lr: 0.000952, time: 0.10s
[INFO]: TRAIN epoch: 14 loss: 0.1130, grad_norm: 0.22582651674747467, lr: 0.000952, time: 0.10s
[INFO]: TRAIN epoch: 14 loss: 0.2514, grad_norm: 0.3237118422985077, lr: 0.000952, time: 0.10s
[INFO]: TRAIN epoch: 14 loss: 0.1861, grad_norm: 0.3521956205368042, lr: 0.000952, time: 0.10s
[INFO]: TRAIN epoch: 14 loss: 0.1888, grad_norm: 0.2625531852245331, lr: 0.000952, time: 0.10s
[INFO]: TRAIN epoch: 14 loss: 0.1446, grad_norm: 0.2711181342601776, lr: 0.000952, time: 0.10s
[INFO]: TRAIN epoch: 14 loss: 0.0982, grad_norm: 0.19139891862869263, lr: 0.000952, time: 0.10s
[INFO]: TRAIN epoch: 14 loss: 0.1833, grad_norm: 0.3779835104942322, lr: 0.000952, time: 0.10s
[INFO]: TRAIN epoch: 14 loss: 0.1107, grad_norm: 0.23318277299404144, lr: 0.000952, time: 0.10s
[INFO]: TRAIN epoch: 14 loss: 0.0693, grad_norm: 0.1295291930437088, lr: 0.000952, time: 0.10s
[INFO]: TRAIN epoch: 14 loss: 0.0911, grad_norm: 0.22091235220432281, lr: 0.000952, time: 0.10s
[INFO]: TRAIN epoch: 14 loss: 0.2217, grad_norm: 0.46410617232322693, lr: 0.000952, time: 0.10s
[INFO]: TRAIN epoch: 14 loss: 0.1122, grad_norm: 0.2449062317609787, lr: 0.000952, time: 0.10s
[INFO]: TRAIN epoch: 14 loss: 0.2266, grad_norm: 0.3539086878299713, lr: 0.000952, time: 0.10s
[INFO]: TRAIN epoch: 14 loss: 0.1741, grad_norm: 0.3187795579433441, lr: 0.000952, time: 0.10s
[INFO]: TRAIN epoch: 14 loss: 0.0408, grad_norm: 0.14333423972129822, lr: 0.000952, time: 0.10s
[INFO]: TRAIN epoch: 14 loss: 0.0908, grad_norm: 0.20524750649929047, lr: 0.000952, time: 0.10s
[INFO]: TRAIN epoch: 14 loss: 0.3369, grad_norm: 0.4015620946884155, lr: 0.000952, time: 0.10s
[INFO]: TRAIN epoch: 14 loss: 0.1325, grad_norm: 0.2503662705421448, lr: 0.000952, time: 0.10s
[INFO]: TRAIN epoch: 14 loss: 0.6434, grad_norm: 0.611782431602478, lr: 0.000952, time: 0.10s
[INFO]: TRAIN epoch: 14 loss: 0.2050, grad_norm: 0.30961495637893677, lr: 0.000952, time: 0.10s
[INFO]: TRAIN epoch: 14 loss: 0.1342, grad_norm: 0.3080168664455414, lr: 0.000952, time: 0.10s
[INFO]: TRAIN epoch: 14 loss: 0.0959, grad_norm: 0.2098209708929062, lr: 0.000952, time: 0.10s
[INFO]: TRAIN epoch: 14 loss: 0.1190, grad_norm: 0.27693483233451843, lr: 0.000952, time: 0.10s
[INFO]: TRAIN epoch: 14 loss: 0.2407, grad_norm: 0.44562840461730957, lr: 0.000952, time: 0.10s
[INFO]: TRAIN epoch: 14 loss: 0.3399, grad_norm: 0.42211654782295227, lr: 0.000952, time: 0.10s
[INFO]: TRAIN epoch: 14 loss: 0.2589, grad_norm: 0.334265798330307, lr: 0.000952, time: 0.10s
[INFO]: TRAIN epoch: 14 loss: 0.1888, grad_norm: 0.2708973288536072, lr: 0.000952, time: 0.10s
[INFO]: TRAIN epoch: 14 loss: 0.2056, grad_norm: 0.3014477491378784, lr: 0.000952, time: 0.10s
[INFO]: TRAIN epoch: 14 loss: 0.2087, grad_norm: 0.3560970425605774, lr: 0.000952, time: 0.10s
[INFO]: TRAIN epoch: 14 loss: 0.2449, grad_norm: 0.6379451751708984, lr: 0.000952, time: 0.10s
[INFO]: TRAIN epoch: 14 loss: 0.1991, grad_norm: 0.349167138338089, lr: 0.000952, time: 0.10s
[INFO]: TRAIN epoch: 14 loss: 0.2432, grad_norm: 0.3839031159877777, lr: 0.000952, time: 0.10s
[INFO]: TRAIN epoch: 14 loss: 0.1951, grad_norm: 0.3314516842365265, lr: 0.000952, time: 0.10s
[INFO]: TRAIN epoch: 14 loss: 0.0924, grad_norm: 0.19333148002624512, lr: 0.000952, time: 0.10s
[INFO]: TRAIN epoch: 14 loss: 0.1787, grad_norm: 0.3008921146392822, lr: 0.000952, time: 0.10s
[INFO]: TRAIN epoch: 14 loss: 0.2506, grad_norm: 0.3755550980567932, lr: 0.000952, time: 0.10s
[INFO]: TRAIN epoch: 14 loss: 0.0614, grad_norm: 0.1656682789325714, lr: 0.000952, time: 0.10s
[INFO]: TRAIN epoch: 14 loss: 0.0823, grad_norm: 0.26513606309890747, lr: 0.000952, time: 0.10s
[INFO]: TRAIN epoch: 14 loss: 0.2796, grad_norm: 0.47756174206733704, lr: 0.000952, time: 0.10s
[INFO]: TRAIN epoch: 14 loss: 0.0779, grad_norm: 0.19324330985546112, lr: 0.000952, time: 0.10s
[INFO]: TRAIN epoch: 14 loss: 0.0953, grad_norm: 0.25523629784584045, lr: 0.000952, time: 0.10s
[INFO]: TRAIN epoch: 14 loss: 0.0511, grad_norm: 0.18423579633235931, lr: 0.000952, time: 0.10s
[INFO]: TRAIN epoch: 14 loss: 0.1480, grad_norm: 0.3535428047180176, lr: 0.000952, time: 0.10s
[INFO]: TRAIN epoch: 14 loss: 0.1950, grad_norm: 0.2595614194869995, lr: 0.000952, time: 0.10s
[INFO]: TRAIN epoch: 14 loss: 0.4754, grad_norm: 0.3866315484046936, lr: 0.000952, time: 0.10s
[INFO]: TRAIN epoch: 14 loss: 0.1764, grad_norm: 0.3742537796497345, lr: 0.000952, time: 0.10s
[INFO]: TRAIN epoch: 14 loss: 0.2779, grad_norm: 0.4013582766056061, lr: 0.000952, time: 0.10s
[INFO]: TRAIN epoch: 14 loss: 0.2771, grad_norm: 0.2594762146472931, lr: 0.000952, time: 0.10s
[INFO]: TRAIN epoch: 14 loss: 0.0430, grad_norm: 0.12694768607616425, lr: 0.000952, time: 0.10s
[INFO]: TRAIN epoch: 14 loss: 0.0857, grad_norm: 0.23887012898921967, lr: 0.000952, time: 0.10s
[INFO]: TRAIN epoch: 14 loss: 0.2019, grad_norm: 0.5045309066772461, lr: 0.000952, time: 0.10s
[INFO]: TRAIN epoch: 14 loss: 0.2692, grad_norm: 0.5597776174545288, lr: 0.000952, time: 0.10s
[INFO]: TRAIN epoch: 14 loss: 0.1838, grad_norm: 0.34114766120910645, lr: 0.000952, time: 0.10s
[INFO]: TRAIN epoch summary: 14 loss: 0.1990
[INFO]: VALIDATION epoch: 14 loss: 0.3128
[INFO]: TRAIN epoch: 15 loss: 0.2449, grad_norm: 0.5072525143623352, lr: 0.000946, time: 0.11s
[INFO]: TRAIN epoch: 15 loss: 0.0653, grad_norm: 0.20486323535442352, lr: 0.000946, time: 0.10s
[INFO]: TRAIN epoch: 15 loss: 0.1628, grad_norm: 0.27172985672950745, lr: 0.000946, time: 0.10s
[INFO]: TRAIN epoch: 15 loss: 0.0514, grad_norm: 0.14045865833759308, lr: 0.000946, time: 0.10s
[INFO]: TRAIN epoch: 15 loss: 0.1891, grad_norm: 0.4268113672733307, lr: 0.000946, time: 0.10s
[INFO]: TRAIN epoch: 15 loss: 0.3708, grad_norm: 0.5024502873420715, lr: 0.000946, time: 0.10s
[INFO]: TRAIN epoch: 15 loss: 0.3111, grad_norm: 0.34516891837120056, lr: 0.000946, time: 0.10s
[INFO]: TRAIN epoch: 15 loss: 0.0422, grad_norm: 0.1095031350851059, lr: 0.000946, time: 0.10s
[INFO]: TRAIN epoch: 15 loss: 0.1809, grad_norm: 0.32946696877479553, lr: 0.000946, time: 0.10s
[INFO]: TRAIN epoch: 15 loss: 0.4580, grad_norm: 0.45955580472946167, lr: 0.000946, time: 0.10s
[INFO]: TRAIN epoch: 15 loss: 0.1710, grad_norm: 0.22680121660232544, lr: 0.000946, time: 0.10s
[INFO]: TRAIN epoch: 15 loss: 0.1822, grad_norm: 0.4714947044849396, lr: 0.000946, time: 0.10s
[INFO]: TRAIN epoch: 15 loss: 0.3726, grad_norm: 0.3049750030040741, lr: 0.000946, time: 0.10s
[INFO]: TRAIN epoch: 15 loss: 0.0862, grad_norm: 0.22692091763019562, lr: 0.000946, time: 0.10s
[INFO]: TRAIN epoch: 15 loss: 0.2311, grad_norm: 0.32047781348228455, lr: 0.000946, time: 0.10s
[INFO]: TRAIN epoch: 15 loss: 0.2436, grad_norm: 0.3471597135066986, lr: 0.000946, time: 0.10s
[INFO]: TRAIN epoch: 15 loss: 0.1491, grad_norm: 0.27185195684432983, lr: 0.000946, time: 0.10s
[INFO]: TRAIN epoch: 15 loss: 0.0933, grad_norm: 0.21829840540885925, lr: 0.000946, time: 0.10s
[INFO]: TRAIN epoch: 15 loss: 0.0448, grad_norm: 0.13356196880340576, lr: 0.000946, time: 0.10s
[INFO]: TRAIN epoch: 15 loss: 0.0700, grad_norm: 0.20433668792247772, lr: 0.000946, time: 0.10s
[INFO]: TRAIN epoch: 15 loss: 0.0506, grad_norm: 0.15241926908493042, lr: 0.000946, time: 0.10s
[INFO]: TRAIN epoch: 15 loss: 0.0957, grad_norm: 0.2438809871673584, lr: 0.000946, time: 0.10s
[INFO]: TRAIN epoch: 15 loss: 0.0399, grad_norm: 0.15181471407413483, lr: 0.000946, time: 0.10s
[INFO]: TRAIN epoch: 15 loss: 0.1672, grad_norm: 0.27114003896713257, lr: 0.000946, time: 0.10s
[INFO]: TRAIN epoch: 15 loss: 0.0825, grad_norm: 0.22393085062503815, lr: 0.000946, time: 0.10s
[INFO]: TRAIN epoch: 15 loss: 0.3248, grad_norm: 0.36949312686920166, lr: 0.000946, time: 0.10s
[INFO]: TRAIN epoch: 15 loss: 0.3182, grad_norm: 0.45376813411712646, lr: 0.000946, time: 0.10s
[INFO]: TRAIN epoch: 15 loss: 0.2399, grad_norm: 0.36500561237335205, lr: 0.000946, time: 0.10s
[INFO]: TRAIN epoch: 15 loss: 0.3902, grad_norm: 0.40361613035202026, lr: 0.000946, time: 0.10s
[INFO]: TRAIN epoch: 15 loss: 0.1900, grad_norm: 0.326045423746109, lr: 0.000946, time: 0.10s
[INFO]: TRAIN epoch: 15 loss: 0.3315, grad_norm: 0.3338257670402527, lr: 0.000946, time: 0.10s
[INFO]: TRAIN epoch: 15 loss: 0.1599, grad_norm: 0.42345261573791504, lr: 0.000946, time: 0.10s
[INFO]: TRAIN epoch: 15 loss: 0.1352, grad_norm: 0.21823176741600037, lr: 0.000946, time: 0.10s
[INFO]: TRAIN epoch: 15 loss: 0.1799, grad_norm: 0.2588224709033966, lr: 0.000946, time: 0.10s
[INFO]: TRAIN epoch: 15 loss: 0.1104, grad_norm: 0.17727527022361755, lr: 0.000946, time: 0.10s
[INFO]: TRAIN epoch: 15 loss: 0.2147, grad_norm: 0.23099088668823242, lr: 0.000946, time: 0.10s
[INFO]: TRAIN epoch: 15 loss: 0.0942, grad_norm: 0.2532862722873688, lr: 0.000946, time: 0.10s
[INFO]: TRAIN epoch: 15 loss: 0.2059, grad_norm: 0.2727719843387604, lr: 0.000946, time: 0.10s
[INFO]: TRAIN epoch: 15 loss: 0.1194, grad_norm: 0.39968785643577576, lr: 0.000946, time: 0.10s
[INFO]: TRAIN epoch: 15 loss: 0.1562, grad_norm: 0.3332782983779907, lr: 0.000946, time: 0.10s
[INFO]: TRAIN epoch: 15 loss: 0.0745, grad_norm: 0.2170390784740448, lr: 0.000946, time: 0.10s
[INFO]: TRAIN epoch: 15 loss: 0.0775, grad_norm: 0.23417767882347107, lr: 0.000946, time: 0.10s
[INFO]: TRAIN epoch: 15 loss: 0.3117, grad_norm: 0.3446495532989502, lr: 0.000946, time: 0.10s
[INFO]: TRAIN epoch: 15 loss: 0.2959, grad_norm: 0.3368963599205017, lr: 0.000946, time: 0.10s
[INFO]: TRAIN epoch: 15 loss: 0.0797, grad_norm: 0.24832722544670105, lr: 0.000946, time: 0.10s
[INFO]: TRAIN epoch: 15 loss: 0.0988, grad_norm: 0.2798320949077606, lr: 0.000946, time: 0.10s
[INFO]: TRAIN epoch: 15 loss: 0.0836, grad_norm: 0.20714321732521057, lr: 0.000946, time: 0.10s
[INFO]: TRAIN epoch: 15 loss: 0.1964, grad_norm: 0.3742315173149109, lr: 0.000946, time: 0.10s
[INFO]: TRAIN epoch: 15 loss: 0.0754, grad_norm: 0.1663760542869568, lr: 0.000946, time: 0.10s
[INFO]: TRAIN epoch: 15 loss: 0.0630, grad_norm: 0.19479283690452576, lr: 0.000946, time: 0.10s
[INFO]: TRAIN epoch: 15 loss: 0.2396, grad_norm: 0.327908456325531, lr: 0.000946, time: 0.10s
[INFO]: TRAIN epoch: 15 loss: 0.2064, grad_norm: 0.3191414773464203, lr: 0.000946, time: 0.10s
[INFO]: TRAIN epoch: 15 loss: 0.2474, grad_norm: 0.40214696526527405, lr: 0.000946, time: 0.10s
[INFO]: TRAIN epoch: 15 loss: 0.0741, grad_norm: 0.21627002954483032, lr: 0.000946, time: 0.10s
[INFO]: TRAIN epoch: 15 loss: 0.1155, grad_norm: 0.3266800045967102, lr: 0.000946, time: 0.10s
[INFO]: TRAIN epoch: 15 loss: 0.4122, grad_norm: 0.42196351289749146, lr: 0.000946, time: 0.10s
[INFO]: TRAIN epoch: 15 loss: 0.1865, grad_norm: 0.5071586966514587, lr: 0.000946, time: 0.10s
[INFO]: TRAIN epoch: 15 loss: 0.0821, grad_norm: 0.19107425212860107, lr: 0.000946, time: 0.10s
[INFO]: TRAIN epoch: 15 loss: 0.0736, grad_norm: 0.21006251871585846, lr: 0.000946, time: 0.10s
[INFO]: TRAIN epoch: 15 loss: 0.2059, grad_norm: 0.3957845866680145, lr: 0.000946, time: 0.10s
[INFO]: TRAIN epoch: 15 loss: 0.0695, grad_norm: 0.18315880000591278, lr: 0.000946, time: 0.10s
[INFO]: TRAIN epoch: 15 loss: 0.2383, grad_norm: 0.40397629141807556, lr: 0.000946, time: 0.10s
[INFO]: TRAIN epoch: 15 loss: 0.0843, grad_norm: 0.2773433029651642, lr: 0.000946, time: 0.10s
[INFO]: TRAIN epoch: 15 loss: 0.1198, grad_norm: 0.2566661238670349, lr: 0.000946, time: 0.10s
[INFO]: TRAIN epoch: 15 loss: 0.0723, grad_norm: 0.2136252075433731, lr: 0.000946, time: 0.10s
[INFO]: TRAIN epoch: 15 loss: 0.0882, grad_norm: 0.23797808587551117, lr: 0.000946, time: 0.10s
[INFO]: TRAIN epoch: 15 loss: 0.0676, grad_norm: 0.19029493629932404, lr: 0.000946, time: 0.10s
[INFO]: TRAIN epoch: 15 loss: 0.0514, grad_norm: 0.14396120607852936, lr: 0.000946, time: 0.10s
[INFO]: TRAIN epoch: 15 loss: 0.0859, grad_norm: 0.2615799009799957, lr: 0.000946, time: 0.10s
[INFO]: TRAIN epoch: 15 loss: 0.1364, grad_norm: 0.4107578694820404, lr: 0.000946, time: 0.10s
[INFO]: TRAIN epoch: 15 loss: 0.0617, grad_norm: 0.23829658329486847, lr: 0.000946, time: 0.10s
[INFO]: TRAIN epoch: 15 loss: 0.1607, grad_norm: 0.30972376465797424, lr: 0.000946, time: 0.10s
[INFO]: TRAIN epoch: 15 loss: 0.2807, grad_norm: 0.3551510274410248, lr: 0.000946, time: 0.10s
[INFO]: TRAIN epoch: 15 loss: 0.0764, grad_norm: 0.2296549379825592, lr: 0.000946, time: 0.10s
[INFO]: TRAIN epoch: 15 loss: 0.1906, grad_norm: 0.3022615313529968, lr: 0.000946, time: 0.10s
[INFO]: TRAIN epoch: 15 loss: 0.0437, grad_norm: 0.1764952838420868, lr: 0.000946, time: 0.10s
[INFO]: TRAIN epoch: 15 loss: 0.1846, grad_norm: 0.25749117136001587, lr: 0.000946, time: 0.10s
[INFO]: TRAIN epoch: 15 loss: 0.1638, grad_norm: 0.26925164461135864, lr: 0.000946, time: 0.10s
[INFO]: TRAIN epoch: 15 loss: 0.1798, grad_norm: 0.3196774125099182, lr: 0.000946, time: 0.10s
[INFO]: TRAIN epoch: 15 loss: 0.2474, grad_norm: 0.37032896280288696, lr: 0.000946, time: 0.10s
[INFO]: TRAIN epoch: 15 loss: 0.1067, grad_norm: 0.25990867614746094, lr: 0.000946, time: 0.10s
[INFO]: TRAIN epoch: 15 loss: 0.0662, grad_norm: 0.18212977051734924, lr: 0.000946, time: 0.10s
[INFO]: TRAIN epoch: 15 loss: 0.1879, grad_norm: 0.34185102581977844, lr: 0.000946, time: 0.10s
[INFO]: TRAIN epoch: 15 loss: 0.0530, grad_norm: 0.16546550393104553, lr: 0.000946, time: 0.10s
[INFO]: TRAIN epoch: 15 loss: 0.2068, grad_norm: 0.3343488574028015, lr: 0.000946, time: 0.10s
[INFO]: TRAIN epoch: 15 loss: 0.0932, grad_norm: 0.2662491500377655, lr: 0.000946, time: 0.10s
[INFO]: TRAIN epoch: 15 loss: 0.1890, grad_norm: 0.26721009612083435, lr: 0.000946, time: 0.10s
[INFO]: TRAIN epoch: 15 loss: 0.1214, grad_norm: 0.22697702050209045, lr: 0.000946, time: 0.10s
[INFO]: TRAIN epoch: 15 loss: 0.2428, grad_norm: 0.5010574460029602, lr: 0.000946, time: 0.10s
[INFO]: TRAIN epoch: 15 loss: 0.0767, grad_norm: 0.19559738039970398, lr: 0.000946, time: 0.10s
[INFO]: TRAIN epoch: 15 loss: 0.2828, grad_norm: 0.3832978904247284, lr: 0.000946, time: 0.10s
[INFO]: TRAIN epoch: 15 loss: 0.1048, grad_norm: 0.2809028625488281, lr: 0.000946, time: 0.10s
[INFO]: TRAIN epoch: 15 loss: 0.1929, grad_norm: 0.37875330448150635, lr: 0.000946, time: 0.10s
[INFO]: TRAIN epoch: 15 loss: 0.1445, grad_norm: 0.3069656491279602, lr: 0.000946, time: 0.10s
[INFO]: TRAIN epoch: 15 loss: 0.2521, grad_norm: 0.39038509130477905, lr: 0.000946, time: 0.10s
[INFO]: TRAIN epoch: 15 loss: 0.5309, grad_norm: 0.5309640169143677, lr: 0.000946, time: 0.10s
[INFO]: TRAIN epoch: 15 loss: 0.1754, grad_norm: 0.40185868740081787, lr: 0.000946, time: 0.10s
[INFO]: TRAIN epoch: 15 loss: 0.1625, grad_norm: 0.2861862778663635, lr: 0.000946, time: 0.10s
[INFO]: TRAIN epoch: 15 loss: 0.1655, grad_norm: 0.3463694751262665, lr: 0.000946, time: 0.10s
[INFO]: TRAIN epoch: 15 loss: 0.1197, grad_norm: 0.34976962208747864, lr: 0.000946, time: 0.10s
[INFO]: TRAIN epoch: 15 loss: 0.2338, grad_norm: 0.36394956707954407, lr: 0.000946, time: 0.10s
[INFO]: TRAIN epoch: 15 loss: 0.4183, grad_norm: 0.42525964975357056, lr: 0.000946, time: 0.10s
[INFO]: TRAIN epoch: 15 loss: 0.1848, grad_norm: 0.3429777920246124, lr: 0.000946, time: 0.10s
[INFO]: TRAIN epoch: 15 loss: 0.0519, grad_norm: 0.1888788640499115, lr: 0.000946, time: 0.10s
[INFO]: TRAIN epoch: 15 loss: 0.0629, grad_norm: 0.18449176847934723, lr: 0.000946, time: 0.10s
[INFO]: TRAIN epoch: 15 loss: 0.2461, grad_norm: 0.2760104537010193, lr: 0.000946, time: 0.10s
[INFO]: TRAIN epoch: 15 loss: 0.1345, grad_norm: 0.36105817556381226, lr: 0.000946, time: 0.10s
[INFO]: TRAIN epoch: 15 loss: 0.3643, grad_norm: 0.45774346590042114, lr: 0.000946, time: 0.10s
[INFO]: TRAIN epoch: 15 loss: 0.3919, grad_norm: 0.43402695655822754, lr: 0.000946, time: 0.10s
[INFO]: TRAIN epoch: 15 loss: 0.2389, grad_norm: 0.5212286710739136, lr: 0.000946, time: 0.10s
[INFO]: TRAIN epoch: 15 loss: 0.1670, grad_norm: 0.3139253556728363, lr: 0.000946, time: 0.10s
[INFO]: TRAIN epoch: 15 loss: 0.6084, grad_norm: 0.4860351085662842, lr: 0.000946, time: 0.10s
[INFO]: TRAIN epoch: 15 loss: 0.3835, grad_norm: 0.5012167096138, lr: 0.000946, time: 0.10s
[INFO]: TRAIN epoch: 15 loss: 0.1536, grad_norm: 0.32919880747795105, lr: 0.000946, time: 0.10s
[INFO]: TRAIN epoch: 15 loss: 0.3360, grad_norm: 0.5716096758842468, lr: 0.000946, time: 0.10s
[INFO]: TRAIN epoch: 15 loss: 0.3932, grad_norm: 0.3122062385082245, lr: 0.000946, time: 0.10s
[INFO]: TRAIN epoch: 15 loss: 0.2273, grad_norm: 0.41497474908828735, lr: 0.000946, time: 0.10s
[INFO]: TRAIN epoch: 15 loss: 0.1779, grad_norm: 0.2834358215332031, lr: 0.000946, time: 0.10s
[INFO]: TRAIN epoch: 15 loss: 0.0898, grad_norm: 0.2963296175003052, lr: 0.000946, time: 0.10s
[INFO]: TRAIN epoch: 15 loss: 0.0973, grad_norm: 0.23225879669189453, lr: 0.000946, time: 0.10s
[INFO]: TRAIN epoch: 15 loss: 0.2575, grad_norm: 0.34066635370254517, lr: 0.000946, time: 0.10s
[INFO]: TRAIN epoch: 15 loss: 0.0764, grad_norm: 0.2066766768693924, lr: 0.000946, time: 0.10s
[INFO]: TRAIN epoch: 15 loss: 0.0771, grad_norm: 0.21064335107803345, lr: 0.000946, time: 0.10s
[INFO]: TRAIN epoch: 15 loss: 0.2235, grad_norm: 0.31167659163475037, lr: 0.000946, time: 0.10s
[INFO]: TRAIN epoch: 15 loss: 0.1994, grad_norm: 0.31463152170181274, lr: 0.000946, time: 0.10s
[INFO]: TRAIN epoch: 15 loss: 0.3943, grad_norm: 0.32356369495391846, lr: 0.000946, time: 0.10s
[INFO]: TRAIN epoch: 15 loss: 0.1419, grad_norm: 0.2731626033782959, lr: 0.000946, time: 0.10s
[INFO]: TRAIN epoch: 15 loss: 0.1604, grad_norm: 0.39989739656448364, lr: 0.000946, time: 0.10s
[INFO]: TRAIN epoch: 15 loss: 0.1989, grad_norm: 0.28172630071640015, lr: 0.000946, time: 0.10s
[INFO]: TRAIN epoch: 15 loss: 0.1271, grad_norm: 0.30440184473991394, lr: 0.000946, time: 0.10s
[INFO]: TRAIN epoch: 15 loss: 0.0768, grad_norm: 0.21433307230472565, lr: 0.000946, time: 0.10s
[INFO]: TRAIN epoch: 15 loss: 0.1804, grad_norm: 0.40294599533081055, lr: 0.000946, time: 0.10s
[INFO]: TRAIN epoch: 15 loss: 0.0926, grad_norm: 0.2545704245567322, lr: 0.000946, time: 0.10s
[INFO]: TRAIN epoch: 15 loss: 0.1544, grad_norm: 0.3301980197429657, lr: 0.000946, time: 0.10s
[INFO]: TRAIN epoch: 15 loss: 0.1634, grad_norm: 0.2959041893482208, lr: 0.000946, time: 0.10s
[INFO]: TRAIN epoch: 15 loss: 0.2077, grad_norm: 0.486887127161026, lr: 0.000946, time: 0.10s
[INFO]: TRAIN epoch: 15 loss: 0.1978, grad_norm: 0.43376243114471436, lr: 0.000946, time: 0.10s
[INFO]: TRAIN epoch: 15 loss: 0.1416, grad_norm: 0.3863815665245056, lr: 0.000946, time: 0.10s
[INFO]: TRAIN epoch: 15 loss: 0.1732, grad_norm: 0.33345550298690796, lr: 0.000946, time: 0.10s
[INFO]: TRAIN epoch: 15 loss: 0.1332, grad_norm: 0.28643202781677246, lr: 0.000946, time: 0.10s
[INFO]: TRAIN epoch: 15 loss: 0.3686, grad_norm: 0.4541812539100647, lr: 0.000946, time: 0.10s
[INFO]: TRAIN epoch: 15 loss: 0.0545, grad_norm: 0.16435733437538147, lr: 0.000946, time: 0.10s
[INFO]: TRAIN epoch: 15 loss: 0.4623, grad_norm: 0.4380659759044647, lr: 0.000946, time: 0.10s
[INFO]: TRAIN epoch: 15 loss: 0.0827, grad_norm: 0.23195725679397583, lr: 0.000946, time: 0.10s
[INFO]: TRAIN epoch: 15 loss: 0.1658, grad_norm: 0.26617494225502014, lr: 0.000946, time: 0.10s
[INFO]: TRAIN epoch: 15 loss: 0.1401, grad_norm: 0.2900295555591583, lr: 0.000946, time: 0.10s
[INFO]: TRAIN epoch: 15 loss: 0.2203, grad_norm: 0.3109946846961975, lr: 0.000946, time: 0.10s
[INFO]: TRAIN epoch: 15 loss: 0.0738, grad_norm: 0.23690085113048553, lr: 0.000946, time: 0.10s
[INFO]: TRAIN epoch: 15 loss: 0.1850, grad_norm: 0.4408986270427704, lr: 0.000946, time: 0.10s
[INFO]: TRAIN epoch: 15 loss: 0.0821, grad_norm: 0.22486068308353424, lr: 0.000946, time: 0.10s
[INFO]: TRAIN epoch: 15 loss: 0.0919, grad_norm: 0.24892376363277435, lr: 0.000946, time: 0.10s
[INFO]: TRAIN epoch: 15 loss: 0.2991, grad_norm: 0.5966696739196777, lr: 0.000946, time: 0.10s
[INFO]: TRAIN epoch: 15 loss: 0.2797, grad_norm: 0.5330599546432495, lr: 0.000946, time: 0.10s
[INFO]: TRAIN epoch: 15 loss: 0.0663, grad_norm: 0.21068304777145386, lr: 0.000946, time: 0.10s
[INFO]: TRAIN epoch: 15 loss: 0.3413, grad_norm: 0.37001457810401917, lr: 0.000946, time: 0.10s
[INFO]: TRAIN epoch: 15 loss: 0.0596, grad_norm: 0.17583388090133667, lr: 0.000946, time: 0.10s
[INFO]: TRAIN epoch: 15 loss: 0.3545, grad_norm: 0.43286198377609253, lr: 0.000946, time: 0.10s
[INFO]: TRAIN epoch: 15 loss: 0.2035, grad_norm: 0.43844345211982727, lr: 0.000946, time: 0.10s
[INFO]: TRAIN epoch: 15 loss: 0.2253, grad_norm: 0.4467812478542328, lr: 0.000946, time: 0.10s
[INFO]: TRAIN epoch: 15 loss: 0.0878, grad_norm: 0.2229013442993164, lr: 0.000946, time: 0.10s
[INFO]: TRAIN epoch: 15 loss: 0.2205, grad_norm: 0.48312807083129883, lr: 0.000946, time: 0.10s
[INFO]: TRAIN epoch: 15 loss: 0.4812, grad_norm: 0.4369328022003174, lr: 0.000946, time: 0.10s
[INFO]: TRAIN epoch: 15 loss: 0.1479, grad_norm: 0.31694361567497253, lr: 0.000946, time: 0.10s
[INFO]: TRAIN epoch: 15 loss: 0.1934, grad_norm: 0.31620198488235474, lr: 0.000946, time: 0.10s
[INFO]: TRAIN epoch: 15 loss: 0.0704, grad_norm: 0.1839962750673294, lr: 0.000946, time: 0.10s
[INFO]: TRAIN epoch: 15 loss: 0.4490, grad_norm: 0.39682039618492126, lr: 0.000946, time: 0.10s
[INFO]: TRAIN epoch: 15 loss: 0.0674, grad_norm: 0.2071235328912735, lr: 0.000946, time: 0.10s
[INFO]: TRAIN epoch: 15 loss: 0.2143, grad_norm: 0.28917887806892395, lr: 0.000946, time: 0.10s
[INFO]: TRAIN epoch: 15 loss: 0.1042, grad_norm: 0.20644377171993256, lr: 0.000946, time: 0.10s
[INFO]: TRAIN epoch: 15 loss: 0.2094, grad_norm: 0.45292428135871887, lr: 0.000946, time: 0.10s
[INFO]: TRAIN epoch: 15 loss: 0.1345, grad_norm: 0.2809237837791443, lr: 0.000946, time: 0.10s
[INFO]: TRAIN epoch: 15 loss: 0.1807, grad_norm: 0.3790375292301178, lr: 0.000946, time: 0.10s
[INFO]: TRAIN epoch: 15 loss: 0.0628, grad_norm: 0.2302088439464569, lr: 0.000946, time: 0.10s
[INFO]: TRAIN epoch: 15 loss: 0.0832, grad_norm: 0.2344895899295807, lr: 0.000946, time: 0.10s
[INFO]: TRAIN epoch: 15 loss: 0.0963, grad_norm: 0.2958376705646515, lr: 0.000946, time: 0.10s
[INFO]: TRAIN epoch: 15 loss: 0.2280, grad_norm: 0.39957940578460693, lr: 0.000946, time: 0.10s
[INFO]: TRAIN epoch: 15 loss: 0.0873, grad_norm: 0.2708422541618347, lr: 0.000946, time: 0.10s
[INFO]: TRAIN epoch: 15 loss: 0.0530, grad_norm: 0.17251622676849365, lr: 0.000946, time: 0.10s
[INFO]: TRAIN epoch: 15 loss: 0.2670, grad_norm: 0.3721240758895874, lr: 0.000946, time: 0.10s
[INFO]: TRAIN epoch: 15 loss: 0.1234, grad_norm: 0.30600443482398987, lr: 0.000946, time: 0.10s
[INFO]: TRAIN epoch: 15 loss: 0.1864, grad_norm: 0.4729960560798645, lr: 0.000946, time: 0.10s
[INFO]: TRAIN epoch: 15 loss: 0.1381, grad_norm: 0.31882578134536743, lr: 0.000946, time: 0.10s
[INFO]: TRAIN epoch: 15 loss: 0.0467, grad_norm: 0.17682211101055145, lr: 0.000946, time: 0.10s
[INFO]: TRAIN epoch: 15 loss: 0.1757, grad_norm: 0.3087471127510071, lr: 0.000946, time: 0.10s
[INFO]: TRAIN epoch: 15 loss: 0.1144, grad_norm: 0.26912522315979004, lr: 0.000946, time: 0.10s
[INFO]: TRAIN epoch: 15 loss: 0.0410, grad_norm: 0.16212302446365356, lr: 0.000946, time: 0.10s
[INFO]: TRAIN epoch: 15 loss: 0.2616, grad_norm: 0.38124707341194153, lr: 0.000946, time: 0.10s
[INFO]: TRAIN epoch: 15 loss: 0.1736, grad_norm: 0.3203434348106384, lr: 0.000946, time: 0.10s
[INFO]: TRAIN epoch: 15 loss: 0.0638, grad_norm: 0.25924408435821533, lr: 0.000946, time: 0.10s
[INFO]: TRAIN epoch: 15 loss: 0.2339, grad_norm: 0.3747749626636505, lr: 0.000946, time: 0.10s
[INFO]: TRAIN epoch: 15 loss: 0.1068, grad_norm: 0.2927827835083008, lr: 0.000946, time: 0.10s
[INFO]: TRAIN epoch: 15 loss: 0.1750, grad_norm: 0.3401285409927368, lr: 0.000946, time: 0.10s
[INFO]: TRAIN epoch: 15 loss: 0.1085, grad_norm: 0.4340369701385498, lr: 0.000946, time: 0.10s
[INFO]: TRAIN epoch: 15 loss: 0.1824, grad_norm: 0.27597859501838684, lr: 0.000946, time: 0.10s
[INFO]: TRAIN epoch: 15 loss: 0.2430, grad_norm: 0.3384248912334442, lr: 0.000946, time: 0.10s
[INFO]: TRAIN epoch: 15 loss: 0.1614, grad_norm: 0.3345147371292114, lr: 0.000946, time: 0.10s
[INFO]: TRAIN epoch: 15 loss: 0.2181, grad_norm: 0.3240221440792084, lr: 0.000946, time: 0.10s
[INFO]: TRAIN epoch: 15 loss: 0.4605, grad_norm: 0.33033379912376404, lr: 0.000946, time: 0.10s
[INFO]: TRAIN epoch: 15 loss: 0.2125, grad_norm: 0.32308000326156616, lr: 0.000946, time: 0.10s
[INFO]: TRAIN epoch: 15 loss: 0.3677, grad_norm: 0.36683955788612366, lr: 0.000946, time: 0.10s
[INFO]: TRAIN epoch: 15 loss: 0.1255, grad_norm: 0.34106478095054626, lr: 0.000946, time: 0.10s
[INFO]: TRAIN epoch: 15 loss: 0.2187, grad_norm: 0.36309564113616943, lr: 0.000946, time: 0.10s
[INFO]: TRAIN epoch: 15 loss: 0.1157, grad_norm: 0.3025122880935669, lr: 0.000946, time: 0.10s
[INFO]: TRAIN epoch: 15 loss: 0.1717, grad_norm: 0.3015042543411255, lr: 0.000946, time: 0.10s
[INFO]: TRAIN epoch: 15 loss: 0.2231, grad_norm: 0.3194381892681122, lr: 0.000946, time: 0.10s
[INFO]: TRAIN epoch: 15 loss: 0.1328, grad_norm: 0.25085780024528503, lr: 0.000946, time: 0.10s
[INFO]: TRAIN epoch: 15 loss: 0.1333, grad_norm: 0.19056443870067596, lr: 0.000946, time: 0.10s
[INFO]: TRAIN epoch: 15 loss: 0.0874, grad_norm: 0.2977774143218994, lr: 0.000946, time: 0.10s
[INFO]: TRAIN epoch: 15 loss: 0.3221, grad_norm: 0.402133047580719, lr: 0.000946, time: 0.10s
[INFO]: TRAIN epoch: 15 loss: 0.1941, grad_norm: 0.44656771421432495, lr: 0.000946, time: 0.10s
[INFO]: TRAIN epoch: 15 loss: 0.0737, grad_norm: 0.31022921204566956, lr: 0.000946, time: 0.11s
[INFO]: TRAIN epoch: 15 loss: 0.0754, grad_norm: 0.22960276901721954, lr: 0.000946, time: 0.10s
[INFO]: TRAIN epoch: 15 loss: 0.1935, grad_norm: 0.24975895881652832, lr: 0.000946, time: 0.10s
[INFO]: TRAIN epoch: 15 loss: 0.0497, grad_norm: 0.17735151946544647, lr: 0.000946, time: 0.10s
[INFO]: TRAIN epoch: 15 loss: 0.1005, grad_norm: 0.27216339111328125, lr: 0.000946, time: 0.10s
[INFO]: TRAIN epoch: 15 loss: 0.1884, grad_norm: 0.3349943161010742, lr: 0.000946, time: 0.10s
[INFO]: TRAIN epoch: 15 loss: 0.3182, grad_norm: 0.4952545464038849, lr: 0.000946, time: 0.11s
[INFO]: TRAIN epoch: 15 loss: 0.1170, grad_norm: 0.25874271988868713, lr: 0.000946, time: 0.10s
[INFO]: TRAIN epoch: 15 loss: 0.0811, grad_norm: 0.20012721419334412, lr: 0.000946, time: 0.10s
[INFO]: TRAIN epoch: 15 loss: 0.0567, grad_norm: 0.2332303524017334, lr: 0.000946, time: 0.10s
[INFO]: TRAIN epoch: 15 loss: 0.0856, grad_norm: 0.2329811155796051, lr: 0.000946, time: 0.10s
[INFO]: TRAIN epoch: 15 loss: 0.1796, grad_norm: 0.5502827167510986, lr: 0.000946, time: 0.10s
[INFO]: TRAIN epoch: 15 loss: 0.2734, grad_norm: 0.34670764207839966, lr: 0.000946, time: 0.10s
[INFO]: TRAIN epoch: 15 loss: 0.5366, grad_norm: 0.4706060588359833, lr: 0.000946, time: 0.10s
[INFO]: TRAIN epoch: 15 loss: 0.1872, grad_norm: 0.4365367591381073, lr: 0.000946, time: 0.10s
[INFO]: TRAIN epoch: 15 loss: 0.1958, grad_norm: 0.3243032395839691, lr: 0.000946, time: 0.10s
[INFO]: TRAIN epoch: 15 loss: 0.2804, grad_norm: 0.47416698932647705, lr: 0.000946, time: 0.10s
[INFO]: TRAIN epoch: 15 loss: 0.2842, grad_norm: 0.41880008578300476, lr: 0.000946, time: 0.10s
[INFO]: TRAIN epoch: 15 loss: 0.2040, grad_norm: 0.32673606276512146, lr: 0.000946, time: 0.10s
[INFO]: TRAIN epoch: 15 loss: 0.0740, grad_norm: 0.2617100477218628, lr: 0.000946, time: 0.11s
[INFO]: TRAIN epoch: 15 loss: 0.1592, grad_norm: 0.352780818939209, lr: 0.000946, time: 0.10s
[INFO]: TRAIN epoch: 15 loss: 0.1365, grad_norm: 0.4195241928100586, lr: 0.000946, time: 0.10s
[INFO]: TRAIN epoch: 15 loss: 0.1892, grad_norm: 0.37685513496398926, lr: 0.000946, time: 0.10s
[INFO]: TRAIN epoch: 15 loss: 0.2719, grad_norm: 0.303471177816391, lr: 0.000946, time: 0.11s
[INFO]: TRAIN epoch: 15 loss: 0.0966, grad_norm: 0.18739981949329376, lr: 0.000946, time: 0.10s
[INFO]: TRAIN epoch: 15 loss: 0.0833, grad_norm: 0.19284787774085999, lr: 0.000946, time: 0.10s
[INFO]: TRAIN epoch: 15 loss: 0.1939, grad_norm: 0.31012022495269775, lr: 0.000946, time: 0.11s
[INFO]: TRAIN epoch: 15 loss: 0.0503, grad_norm: 0.17335030436515808, lr: 0.000946, time: 0.10s
[INFO]: TRAIN epoch: 15 loss: 0.2666, grad_norm: 0.2928936183452606, lr: 0.000946, time: 0.10s
[INFO]: TRAIN epoch: 15 loss: 0.0957, grad_norm: 0.21358506381511688, lr: 0.000946, time: 0.10s
[INFO]: TRAIN epoch: 15 loss: 0.0515, grad_norm: 0.16034837067127228, lr: 0.000946, time: 0.10s
[INFO]: TRAIN epoch: 15 loss: 0.1751, grad_norm: 0.4092569351196289, lr: 0.000946, time: 0.10s
[INFO]: TRAIN epoch: 15 loss: 0.2972, grad_norm: 0.4216390550136566, lr: 0.000946, time: 0.10s
[INFO]: TRAIN epoch: 15 loss: 0.1486, grad_norm: 0.5018121600151062, lr: 0.000946, time: 0.10s
[INFO]: TRAIN epoch: 15 loss: 0.1745, grad_norm: 0.3089974522590637, lr: 0.000946, time: 0.10s
[INFO]: TRAIN epoch: 15 loss: 0.1696, grad_norm: 0.2546766996383667, lr: 0.000946, time: 0.10s
[INFO]: TRAIN epoch: 15 loss: 0.2301, grad_norm: 0.43025779724121094, lr: 0.000946, time: 0.11s
[INFO]: TRAIN epoch: 15 loss: 0.2232, grad_norm: 0.4834345877170563, lr: 0.000946, time: 0.10s
[INFO]: TRAIN epoch: 15 loss: 0.0858, grad_norm: 0.1577841192483902, lr: 0.000946, time: 0.10s
[INFO]: TRAIN epoch: 15 loss: 0.2344, grad_norm: 0.40403544902801514, lr: 0.000946, time: 0.10s
[INFO]: TRAIN epoch: 15 loss: 0.2940, grad_norm: 0.3486464023590088, lr: 0.000946, time: 0.10s
[INFO]: TRAIN epoch: 15 loss: 0.2289, grad_norm: 0.3585377335548401, lr: 0.000946, time: 0.10s
[INFO]: TRAIN epoch: 15 loss: 0.0583, grad_norm: 0.17907045781612396, lr: 0.000946, time: 0.10s
[INFO]: TRAIN epoch: 15 loss: 0.0592, grad_norm: 0.19449210166931152, lr: 0.000946, time: 0.10s
[INFO]: TRAIN epoch: 15 loss: 0.2907, grad_norm: 0.4181442856788635, lr: 0.000946, time: 0.10s
[INFO]: TRAIN epoch: 15 loss: 0.0880, grad_norm: 0.24072696268558502, lr: 0.000946, time: 0.10s
[INFO]: TRAIN epoch: 15 loss: 0.0967, grad_norm: 0.26753485202789307, lr: 0.000946, time: 0.11s
[INFO]: TRAIN epoch: 15 loss: 0.2148, grad_norm: 0.36126378178596497, lr: 0.000946, time: 0.10s
[INFO]: TRAIN epoch: 15 loss: 0.2803, grad_norm: 0.3437095880508423, lr: 0.000946, time: 0.10s
[INFO]: TRAIN epoch: 15 loss: 0.0774, grad_norm: 0.21873655915260315, lr: 0.000946, time: 0.10s
[INFO]: TRAIN epoch: 15 loss: 0.1217, grad_norm: 0.21489323675632477, lr: 0.000946, time: 0.10s
[INFO]: TRAIN epoch: 15 loss: 0.1451, grad_norm: 0.2559754550457001, lr: 0.000946, time: 0.10s
[INFO]: TRAIN epoch: 15 loss: 0.1872, grad_norm: 0.2645496129989624, lr: 0.000946, time: 0.10s
[INFO]: TRAIN epoch: 15 loss: 0.1220, grad_norm: 0.2693341076374054, lr: 0.000946, time: 0.10s
[INFO]: TRAIN epoch: 15 loss: 0.2105, grad_norm: 0.4359113872051239, lr: 0.000946, time: 0.10s
[INFO]: TRAIN epoch: 15 loss: 0.1810, grad_norm: 0.3565567433834076, lr: 0.000946, time: 0.10s
[INFO]: TRAIN epoch: 15 loss: 0.0487, grad_norm: 0.1571948528289795, lr: 0.000946, time: 0.10s
[INFO]: TRAIN epoch: 15 loss: 0.1482, grad_norm: 0.33629000186920166, lr: 0.000946, time: 0.10s
[INFO]: TRAIN epoch: 15 loss: 0.2499, grad_norm: 0.5428621768951416, lr: 0.000946, time: 0.10s
[INFO]: TRAIN epoch: 15 loss: 0.1634, grad_norm: 0.31520751118659973, lr: 0.000946, time: 0.10s
[INFO]: TRAIN epoch: 15 loss: 0.1256, grad_norm: 0.25004833936691284, lr: 0.000946, time: 0.10s
[INFO]: TRAIN epoch: 15 loss: 0.2192, grad_norm: 0.24685360491275787, lr: 0.000946, time: 0.10s
[INFO]: TRAIN epoch: 15 loss: 0.0836, grad_norm: 0.20884698629379272, lr: 0.000946, time: 0.10s
[INFO]: TRAIN epoch: 15 loss: 0.0416, grad_norm: 0.12831653654575348, lr: 0.000946, time: 0.10s
[INFO]: TRAIN epoch: 15 loss: 0.0824, grad_norm: 0.16330066323280334, lr: 0.000946, time: 0.10s
[INFO]: TRAIN epoch: 15 loss: 0.0518, grad_norm: 0.1547631025314331, lr: 0.000946, time: 0.10s
[INFO]: TRAIN epoch: 15 loss: 0.1149, grad_norm: 0.20666274428367615, lr: 0.000946, time: 0.10s
[INFO]: TRAIN epoch: 15 loss: 0.1469, grad_norm: 0.29038020968437195, lr: 0.000946, time: 0.11s
[INFO]: TRAIN epoch: 15 loss: 0.2091, grad_norm: 0.43100449442863464, lr: 0.000946, time: 0.10s
[INFO]: TRAIN epoch: 15 loss: 0.0720, grad_norm: 0.1604226529598236, lr: 0.000946, time: 0.10s
[INFO]: TRAIN epoch: 15 loss: 0.2877, grad_norm: 0.39478543400764465, lr: 0.000946, time: 0.10s
[INFO]: TRAIN epoch: 15 loss: 0.2323, grad_norm: 0.3098614513874054, lr: 0.000946, time: 0.10s
[INFO]: TRAIN epoch: 15 loss: 0.2139, grad_norm: 0.349565714597702, lr: 0.000946, time: 0.10s
[INFO]: TRAIN epoch: 15 loss: 0.0788, grad_norm: 0.38046371936798096, lr: 0.000946, time: 0.10s
[INFO]: TRAIN epoch: 15 loss: 0.1074, grad_norm: 0.27904653549194336, lr: 0.000946, time: 0.10s
[INFO]: TRAIN epoch: 15 loss: 0.1351, grad_norm: 0.2659580409526825, lr: 0.000946, time: 0.10s
[INFO]: TRAIN epoch: 15 loss: 0.0953, grad_norm: 0.2750454843044281, lr: 0.000946, time: 0.10s
[INFO]: TRAIN epoch: 15 loss: 0.0527, grad_norm: 0.1375955045223236, lr: 0.000946, time: 0.10s
[INFO]: TRAIN epoch: 15 loss: 0.3348, grad_norm: 0.48669740557670593, lr: 0.000946, time: 0.10s
[INFO]: TRAIN epoch: 15 loss: 0.1043, grad_norm: 0.24705328047275543, lr: 0.000946, time: 0.10s
[INFO]: TRAIN epoch: 15 loss: 0.1572, grad_norm: 0.42378994822502136, lr: 0.000946, time: 0.10s
[INFO]: TRAIN epoch: 15 loss: 0.2533, grad_norm: 0.3147404193878174, lr: 0.000946, time: 0.11s
[INFO]: TRAIN epoch: 15 loss: 0.0832, grad_norm: 0.2099553644657135, lr: 0.000946, time: 0.10s
[INFO]: TRAIN epoch: 15 loss: 0.0526, grad_norm: 0.1820426881313324, lr: 0.000946, time: 0.10s
[INFO]: TRAIN epoch: 15 loss: 0.0932, grad_norm: 0.22747941315174103, lr: 0.000946, time: 0.11s
[INFO]: TRAIN epoch: 15 loss: 0.1201, grad_norm: 0.4278002381324768, lr: 0.000946, time: 0.10s
[INFO]: TRAIN epoch: 15 loss: 0.0645, grad_norm: 0.1899850070476532, lr: 0.000946, time: 0.10s
[INFO]: TRAIN epoch: 15 loss: 0.2765, grad_norm: 0.33039364218711853, lr: 0.000946, time: 0.10s
[INFO]: TRAIN epoch: 15 loss: 0.5062, grad_norm: 0.5688239932060242, lr: 0.000946, time: 0.10s
[INFO]: TRAIN epoch: 15 loss: 0.1182, grad_norm: 0.2952100336551666, lr: 0.000946, time: 0.10s
[INFO]: TRAIN epoch: 15 loss: 0.1792, grad_norm: 0.34123218059539795, lr: 0.000946, time: 0.10s
[INFO]: TRAIN epoch: 15 loss: 0.0811, grad_norm: 0.19893766939640045, lr: 0.000946, time: 0.10s
[INFO]: TRAIN epoch: 15 loss: 0.1350, grad_norm: 0.2771000862121582, lr: 0.000946, time: 0.10s
[INFO]: TRAIN epoch: 15 loss: 0.2109, grad_norm: 0.3300396203994751, lr: 0.000946, time: 0.10s
[INFO]: TRAIN epoch: 15 loss: 0.1188, grad_norm: 0.31376776099205017, lr: 0.000946, time: 0.10s
[INFO]: TRAIN epoch: 15 loss: 0.2751, grad_norm: 0.39967814087867737, lr: 0.000946, time: 0.10s
[INFO]: TRAIN epoch: 15 loss: 0.3620, grad_norm: 0.4671849310398102, lr: 0.000946, time: 0.10s
[INFO]: TRAIN epoch: 15 loss: 0.1293, grad_norm: 0.5807964205741882, lr: 0.000946, time: 0.10s
[INFO]: TRAIN epoch: 15 loss: 0.1336, grad_norm: 0.35001036524772644, lr: 0.000946, time: 0.10s
[INFO]: TRAIN epoch: 15 loss: 0.0567, grad_norm: 0.1645658016204834, lr: 0.000946, time: 0.10s
[INFO]: TRAIN epoch: 15 loss: 0.2000, grad_norm: 0.3958054482936859, lr: 0.000946, time: 0.10s
[INFO]: TRAIN epoch: 15 loss: 0.1508, grad_norm: 0.31104838848114014, lr: 0.000946, time: 0.10s
[INFO]: TRAIN epoch: 15 loss: 0.2173, grad_norm: 0.3326234817504883, lr: 0.000946, time: 0.10s
[INFO]: TRAIN epoch: 15 loss: 0.0560, grad_norm: 0.16203996539115906, lr: 0.000946, time: 0.10s
[INFO]: TRAIN epoch: 15 loss: 0.2204, grad_norm: 0.4204214811325073, lr: 0.000946, time: 0.10s
[INFO]: TRAIN epoch: 15 loss: 0.2290, grad_norm: 0.36167773604393005, lr: 0.000946, time: 0.10s
[INFO]: TRAIN epoch: 15 loss: 0.3396, grad_norm: 0.4038400948047638, lr: 0.000946, time: 0.10s
[INFO]: TRAIN epoch: 15 loss: 0.4617, grad_norm: 0.4242321252822876, lr: 0.000946, time: 0.10s
[INFO]: TRAIN epoch: 15 loss: 0.2287, grad_norm: 0.3239661455154419, lr: 0.000946, time: 0.10s
[INFO]: TRAIN epoch: 15 loss: 0.1755, grad_norm: 0.37821105122566223, lr: 0.000946, time: 0.10s
[INFO]: TRAIN epoch: 15 loss: 0.1823, grad_norm: 0.2724044620990753, lr: 0.000946, time: 0.10s
[INFO]: TRAIN epoch: 15 loss: 0.1029, grad_norm: 0.2554662227630615, lr: 0.000946, time: 0.10s
[INFO]: TRAIN epoch: 15 loss: 0.2748, grad_norm: 0.4655199348926544, lr: 0.000946, time: 0.10s
[INFO]: TRAIN epoch: 15 loss: 0.1159, grad_norm: 0.2579907774925232, lr: 0.000946, time: 0.10s
[INFO]: TRAIN epoch: 15 loss: 0.0642, grad_norm: 0.18964284658432007, lr: 0.000946, time: 0.10s
[INFO]: TRAIN epoch: 15 loss: 0.1469, grad_norm: 0.43380188941955566, lr: 0.000946, time: 0.10s
[INFO]: TRAIN epoch: 15 loss: 0.0393, grad_norm: 0.11983577162027359, lr: 0.000946, time: 0.10s
[INFO]: TRAIN epoch: 15 loss: 0.1269, grad_norm: 0.367329478263855, lr: 0.000946, time: 0.10s
[INFO]: TRAIN epoch: 15 loss: 0.2769, grad_norm: 0.378058522939682, lr: 0.000946, time: 0.10s
[INFO]: TRAIN epoch: 15 loss: 0.2258, grad_norm: 0.362836629152298, lr: 0.000946, time: 0.10s
[INFO]: TRAIN epoch: 15 loss: 0.1159, grad_norm: 0.31118980050086975, lr: 0.000946, time: 0.10s
[INFO]: TRAIN epoch: 15 loss: 0.1108, grad_norm: 0.2508363127708435, lr: 0.000946, time: 0.10s
[INFO]: TRAIN epoch: 15 loss: 0.1386, grad_norm: 0.4247913956642151, lr: 0.000946, time: 0.10s
[INFO]: TRAIN epoch: 15 loss: 0.1962, grad_norm: 0.5039284825325012, lr: 0.000946, time: 0.10s
[INFO]: TRAIN epoch: 15 loss: 0.2891, grad_norm: 0.39368993043899536, lr: 0.000946, time: 0.10s
[INFO]: TRAIN epoch: 15 loss: 0.1626, grad_norm: 0.2479168176651001, lr: 0.000946, time: 0.10s
[INFO]: TRAIN epoch: 15 loss: 0.1888, grad_norm: 0.40052300691604614, lr: 0.000946, time: 0.10s
[INFO]: TRAIN epoch: 15 loss: 0.2688, grad_norm: 0.6639419198036194, lr: 0.000946, time: 0.10s
[INFO]: TRAIN epoch: 15 loss: 0.1022, grad_norm: 0.24415165185928345, lr: 0.000946, time: 0.10s
[INFO]: TRAIN epoch: 15 loss: 0.1012, grad_norm: 0.1830494999885559, lr: 0.000946, time: 0.11s
[INFO]: TRAIN epoch: 15 loss: 0.1670, grad_norm: 0.33629849553108215, lr: 0.000946, time: 0.10s
[INFO]: TRAIN epoch: 15 loss: 0.0788, grad_norm: 0.20394185185432434, lr: 0.000946, time: 0.10s
[INFO]: TRAIN epoch: 15 loss: 0.1122, grad_norm: 0.41022568941116333, lr: 0.000946, time: 0.10s
[INFO]: TRAIN epoch: 15 loss: 0.3295, grad_norm: 0.37683379650115967, lr: 0.000946, time: 0.10s
[INFO]: TRAIN epoch: 15 loss: 0.6264, grad_norm: 0.3945516347885132, lr: 0.000946, time: 0.10s
[INFO]: TRAIN epoch: 15 loss: 0.4512, grad_norm: 0.5248638987541199, lr: 0.000946, time: 0.10s
[INFO]: TRAIN epoch: 15 loss: 0.1993, grad_norm: 0.3416758179664612, lr: 0.000946, time: 0.10s
[INFO]: TRAIN epoch: 15 loss: 0.1733, grad_norm: 0.3528035879135132, lr: 0.000946, time: 0.10s
[INFO]: TRAIN epoch: 15 loss: 0.1970, grad_norm: 0.38932305574417114, lr: 0.000946, time: 0.10s
[INFO]: TRAIN epoch: 15 loss: 0.2805, grad_norm: 0.4962685704231262, lr: 0.000946, time: 0.11s
[INFO]: TRAIN epoch: 15 loss: 0.1926, grad_norm: 0.32178789377212524, lr: 0.000946, time: 0.10s
[INFO]: TRAIN epoch: 15 loss: 0.3135, grad_norm: 0.4008233845233917, lr: 0.000946, time: 0.10s
[INFO]: TRAIN epoch: 15 loss: 0.0989, grad_norm: 0.23974139988422394, lr: 0.000946, time: 0.10s
[INFO]: TRAIN epoch: 15 loss: 0.1117, grad_norm: 0.22964760661125183, lr: 0.000946, time: 0.10s
[INFO]: TRAIN epoch: 15 loss: 0.2725, grad_norm: 0.46285220980644226, lr: 0.000946, time: 0.11s
[INFO]: TRAIN epoch: 15 loss: 0.0796, grad_norm: 0.14654846489429474, lr: 0.000946, time: 0.10s
[INFO]: TRAIN epoch: 15 loss: 0.1451, grad_norm: 0.3148779273033142, lr: 0.000946, time: 0.10s
[INFO]: TRAIN epoch: 15 loss: 0.1031, grad_norm: 0.21209008991718292, lr: 0.000946, time: 0.10s
[INFO]: TRAIN epoch: 15 loss: 0.4138, grad_norm: 0.42338547110557556, lr: 0.000946, time: 0.10s
[INFO]: TRAIN epoch: 15 loss: 0.3653, grad_norm: 0.3729782998561859, lr: 0.000946, time: 0.10s
[INFO]: TRAIN epoch: 15 loss: 0.1817, grad_norm: 0.29098668694496155, lr: 0.000946, time: 0.10s
[INFO]: TRAIN epoch: 15 loss: 0.1817, grad_norm: 0.31699272990226746, lr: 0.000946, time: 0.10s
[INFO]: TRAIN epoch: 15 loss: 0.1290, grad_norm: 0.2251155823469162, lr: 0.000946, time: 0.10s
[INFO]: TRAIN epoch: 15 loss: 0.1525, grad_norm: 0.3367428779602051, lr: 0.000946, time: 0.10s
[INFO]: TRAIN epoch: 15 loss: 0.3221, grad_norm: 0.3592042922973633, lr: 0.000946, time: 0.10s
[INFO]: TRAIN epoch: 15 loss: 0.1675, grad_norm: 0.2511853575706482, lr: 0.000946, time: 0.10s
[INFO]: TRAIN epoch: 15 loss: 0.2677, grad_norm: 0.42372503876686096, lr: 0.000946, time: 0.10s
[INFO]: TRAIN epoch: 15 loss: 0.4533, grad_norm: 0.33755674958229065, lr: 0.000946, time: 0.10s
[INFO]: TRAIN epoch: 15 loss: 0.0660, grad_norm: 0.18020711839199066, lr: 0.000946, time: 0.11s
[INFO]: TRAIN epoch: 15 loss: 0.2526, grad_norm: 0.2783318758010864, lr: 0.000946, time: 0.10s
[INFO]: TRAIN epoch: 15 loss: 0.1924, grad_norm: 0.29563620686531067, lr: 0.000946, time: 0.10s
[INFO]: TRAIN epoch: 15 loss: 0.0543, grad_norm: 0.13565559685230255, lr: 0.000946, time: 0.10s
[INFO]: TRAIN epoch: 15 loss: 0.1697, grad_norm: 0.3624067008495331, lr: 0.000946, time: 0.10s
[INFO]: TRAIN epoch: 15 loss: 0.0824, grad_norm: 0.20667050778865814, lr: 0.000946, time: 0.10s
[INFO]: TRAIN epoch: 15 loss: 0.3023, grad_norm: 0.49330124258995056, lr: 0.000946, time: 0.10s
[INFO]: TRAIN epoch: 15 loss: 0.0703, grad_norm: 0.17776279151439667, lr: 0.000946, time: 0.10s
[INFO]: TRAIN epoch: 15 loss: 0.0799, grad_norm: 0.20227523148059845, lr: 0.000946, time: 0.10s
[INFO]: TRAIN epoch: 15 loss: 0.0645, grad_norm: 0.21883411705493927, lr: 0.000946, time: 0.10s
[INFO]: TRAIN epoch: 15 loss: 0.2772, grad_norm: 0.3726259768009186, lr: 0.000946, time: 0.10s
[INFO]: TRAIN epoch: 15 loss: 0.2156, grad_norm: 0.3986801505088806, lr: 0.000946, time: 0.10s
[INFO]: TRAIN epoch: 15 loss: 0.2423, grad_norm: 0.32726410031318665, lr: 0.000946, time: 0.10s
[INFO]: TRAIN epoch: 15 loss: 0.2364, grad_norm: 0.43626677989959717, lr: 0.000946, time: 0.10s
[INFO]: TRAIN epoch: 15 loss: 0.1751, grad_norm: 0.3408028483390808, lr: 0.000946, time: 0.10s
[INFO]: TRAIN epoch: 15 loss: 0.0609, grad_norm: 0.1989094316959381, lr: 0.000946, time: 0.10s
[INFO]: TRAIN epoch: 15 loss: 0.2968, grad_norm: 0.3305264711380005, lr: 0.000946, time: 0.10s
[INFO]: TRAIN epoch: 15 loss: 0.2375, grad_norm: 0.25708845257759094, lr: 0.000946, time: 0.10s
[INFO]: TRAIN epoch: 15 loss: 0.6000, grad_norm: 0.46149322390556335, lr: 0.000946, time: 0.10s
[INFO]: TRAIN epoch: 15 loss: 0.0410, grad_norm: 0.15318645536899567, lr: 0.000946, time: 0.10s
[INFO]: TRAIN epoch: 15 loss: 0.2377, grad_norm: 0.3836340010166168, lr: 0.000946, time: 0.10s
[INFO]: TRAIN epoch: 15 loss: 0.3026, grad_norm: 0.5503817200660706, lr: 0.000946, time: 0.10s
[INFO]: TRAIN epoch: 15 loss: 0.3132, grad_norm: 0.28646934032440186, lr: 0.000946, time: 0.10s
[INFO]: TRAIN epoch: 15 loss: 0.2728, grad_norm: 0.41463959217071533, lr: 0.000946, time: 0.10s
[INFO]: TRAIN epoch: 15 loss: 0.1774, grad_norm: 0.3552357852458954, lr: 0.000946, time: 0.10s
[INFO]: TRAIN epoch: 15 loss: 0.0604, grad_norm: 0.16475920379161835, lr: 0.000946, time: 0.10s
[INFO]: TRAIN epoch: 15 loss: 0.1272, grad_norm: 0.3107054829597473, lr: 0.000946, time: 0.10s
[INFO]: TRAIN epoch: 15 loss: 0.2324, grad_norm: 0.4338619112968445, lr: 0.000946, time: 0.10s
[INFO]: TRAIN epoch: 15 loss: 0.1388, grad_norm: 0.3035409450531006, lr: 0.000946, time: 0.10s
[INFO]: TRAIN epoch: 15 loss: 0.2917, grad_norm: 0.36308571696281433, lr: 0.000946, time: 0.10s
[INFO]: TRAIN epoch: 15 loss: 0.0876, grad_norm: 0.19096806645393372, lr: 0.000946, time: 0.10s
[INFO]: TRAIN epoch: 15 loss: 0.1149, grad_norm: 0.3337266445159912, lr: 0.000946, time: 0.10s
[INFO]: TRAIN epoch: 15 loss: 0.5963, grad_norm: 0.4286240339279175, lr: 0.000946, time: 0.11s
[INFO]: TRAIN epoch: 15 loss: 0.1487, grad_norm: 0.3201606869697571, lr: 0.000946, time: 0.10s
[INFO]: TRAIN epoch: 15 loss: 0.1381, grad_norm: 0.2337644100189209, lr: 0.000946, time: 0.10s
[INFO]: TRAIN epoch: 15 loss: 0.0652, grad_norm: 0.1385195404291153, lr: 0.000946, time: 0.10s
[INFO]: TRAIN epoch: 15 loss: 0.3303, grad_norm: 0.3773394227027893, lr: 0.000946, time: 0.10s
[INFO]: TRAIN epoch: 15 loss: 0.2307, grad_norm: 0.4747944474220276, lr: 0.000946, time: 0.10s
[INFO]: TRAIN epoch: 15 loss: 0.3266, grad_norm: 0.42074501514434814, lr: 0.000946, time: 0.10s
[INFO]: TRAIN epoch: 15 loss: 0.1298, grad_norm: 0.343281090259552, lr: 0.000946, time: 0.10s
[INFO]: TRAIN epoch: 15 loss: 0.4248, grad_norm: 0.36814403533935547, lr: 0.000946, time: 0.10s
[INFO]: TRAIN epoch: 15 loss: 0.2079, grad_norm: 0.4333820939064026, lr: 0.000946, time: 0.10s
[INFO]: TRAIN epoch: 15 loss: 0.2738, grad_norm: 0.3588789105415344, lr: 0.000946, time: 0.10s
[INFO]: TRAIN epoch: 15 loss: 0.1670, grad_norm: 0.27104049921035767, lr: 0.000946, time: 0.10s
[INFO]: TRAIN epoch: 15 loss: 0.2942, grad_norm: 0.7677620649337769, lr: 0.000946, time: 0.10s
[INFO]: TRAIN epoch: 15 loss: 0.3435, grad_norm: 0.37570491433143616, lr: 0.000946, time: 0.11s
[INFO]: TRAIN epoch: 15 loss: 0.3029, grad_norm: 0.40092676877975464, lr: 0.000946, time: 0.10s
[INFO]: TRAIN epoch: 15 loss: 0.1020, grad_norm: 0.2055974304676056, lr: 0.000946, time: 0.10s
[INFO]: TRAIN epoch: 15 loss: 0.0958, grad_norm: 0.23178699612617493, lr: 0.000946, time: 0.10s
[INFO]: TRAIN epoch: 15 loss: 0.1270, grad_norm: 0.2668399512767792, lr: 0.000946, time: 0.10s
[INFO]: TRAIN epoch: 15 loss: 0.1151, grad_norm: 0.2207074612379074, lr: 0.000946, time: 0.10s
[INFO]: TRAIN epoch: 15 loss: 0.2090, grad_norm: 0.3733128607273102, lr: 0.000946, time: 0.10s
[INFO]: TRAIN epoch: 15 loss: 0.0442, grad_norm: 0.1289435476064682, lr: 0.000946, time: 0.10s
[INFO]: TRAIN epoch: 15 loss: 0.2857, grad_norm: 0.44001108407974243, lr: 0.000946, time: 0.10s
[INFO]: TRAIN epoch: 15 loss: 0.1789, grad_norm: 0.4174726605415344, lr: 0.000946, time: 0.10s
[INFO]: TRAIN epoch: 15 loss: 0.0472, grad_norm: 0.13801732659339905, lr: 0.000946, time: 0.10s
[INFO]: TRAIN epoch: 15 loss: 0.1132, grad_norm: 0.4239855408668518, lr: 0.000946, time: 0.10s
[INFO]: TRAIN epoch: 15 loss: 0.2509, grad_norm: 0.35963988304138184, lr: 0.000946, time: 0.10s
[INFO]: TRAIN epoch: 15 loss: 0.2555, grad_norm: 0.29958757758140564, lr: 0.000946, time: 0.10s
[INFO]: TRAIN epoch: 15 loss: 0.0680, grad_norm: 0.21824456751346588, lr: 0.000946, time: 0.10s
[INFO]: TRAIN epoch: 15 loss: 0.0996, grad_norm: 0.303867906332016, lr: 0.000946, time: 0.10s
[INFO]: TRAIN epoch: 15 loss: 0.2233, grad_norm: 0.40172821283340454, lr: 0.000946, time: 0.10s
[INFO]: TRAIN epoch: 15 loss: 0.1208, grad_norm: 0.333356112241745, lr: 0.000946, time: 0.11s
[INFO]: TRAIN epoch: 15 loss: 0.2922, grad_norm: 0.5414386987686157, lr: 0.000946, time: 0.10s
[INFO]: TRAIN epoch: 15 loss: 0.1741, grad_norm: 0.22558996081352234, lr: 0.000946, time: 0.10s
[INFO]: TRAIN epoch: 15 loss: 0.3717, grad_norm: 0.3666832745075226, lr: 0.000946, time: 0.10s
[INFO]: TRAIN epoch: 15 loss: 0.0520, grad_norm: 0.18368518352508545, lr: 0.000946, time: 0.10s
[INFO]: TRAIN epoch: 15 loss: 0.1691, grad_norm: 0.3261951506137848, lr: 0.000946, time: 0.10s
[INFO]: TRAIN epoch: 15 loss: 0.2891, grad_norm: 0.4228779077529907, lr: 0.000946, time: 0.10s
[INFO]: TRAIN epoch: 15 loss: 0.1487, grad_norm: 0.22823761403560638, lr: 0.000946, time: 0.10s
[INFO]: TRAIN epoch: 15 loss: 0.0860, grad_norm: 0.23772715032100677, lr: 0.000946, time: 0.10s
[INFO]: TRAIN epoch: 15 loss: 0.2917, grad_norm: 0.37322568893432617, lr: 0.000946, time: 0.10s
[INFO]: TRAIN epoch: 15 loss: 0.0477, grad_norm: 0.18108178675174713, lr: 0.000946, time: 0.10s
[INFO]: TRAIN epoch: 15 loss: 0.2418, grad_norm: 0.48565673828125, lr: 0.000946, time: 0.10s
[INFO]: TRAIN epoch: 15 loss: 0.2108, grad_norm: 0.27931758761405945, lr: 0.000946, time: 0.10s
[INFO]: TRAIN epoch: 15 loss: 0.2231, grad_norm: 0.2986147105693817, lr: 0.000946, time: 0.10s
[INFO]: TRAIN epoch: 15 loss: 0.5660, grad_norm: 0.31934139132499695, lr: 0.000946, time: 0.10s
[INFO]: TRAIN epoch: 15 loss: 0.1203, grad_norm: 0.2519507110118866, lr: 0.000946, time: 0.10s
[INFO]: TRAIN epoch: 15 loss: 0.1669, grad_norm: 0.22981472313404083, lr: 0.000946, time: 0.11s
[INFO]: TRAIN epoch: 15 loss: 0.3593, grad_norm: 0.3588219881057739, lr: 0.000946, time: 0.10s
[INFO]: TRAIN epoch: 15 loss: 0.2184, grad_norm: 0.43613922595977783, lr: 0.000946, time: 0.10s
[INFO]: TRAIN epoch: 15 loss: 0.4532, grad_norm: 0.47413238883018494, lr: 0.000946, time: 0.10s
[INFO]: TRAIN epoch summary: 15 loss: 0.1843
[INFO]: VALIDATION epoch: 15 loss: 0.2975
[INFO]: TRAIN epoch: 16 loss: 0.1618, grad_norm: 0.30128034949302673, lr: 0.000938, time: 0.12s
[INFO]: TRAIN epoch: 16 loss: 0.1426, grad_norm: 0.3030441701412201, lr: 0.000938, time: 0.10s
[INFO]: TRAIN epoch: 16 loss: 0.1302, grad_norm: 0.38874250650405884, lr: 0.000938, time: 0.10s
[INFO]: TRAIN epoch: 16 loss: 0.3961, grad_norm: 0.49920153617858887, lr: 0.000938, time: 0.10s
[INFO]: TRAIN epoch: 16 loss: 0.1552, grad_norm: 0.21338680386543274, lr: 0.000938, time: 0.10s
[INFO]: TRAIN epoch: 16 loss: 0.1403, grad_norm: 0.37209323048591614, lr: 0.000938, time: 0.11s
[INFO]: TRAIN epoch: 16 loss: 0.1897, grad_norm: 0.2959217429161072, lr: 0.000938, time: 0.10s
[INFO]: TRAIN epoch: 16 loss: 0.3133, grad_norm: 0.3515309691429138, lr: 0.000938, time: 0.10s
[INFO]: TRAIN epoch: 16 loss: 0.1089, grad_norm: 0.2747783064842224, lr: 0.000938, time: 0.10s
[INFO]: TRAIN epoch: 16 loss: 0.2853, grad_norm: 0.2889418601989746, lr: 0.000938, time: 0.10s
[INFO]: TRAIN epoch: 16 loss: 0.2360, grad_norm: 0.3234464228153229, lr: 0.000938, time: 0.10s
[INFO]: TRAIN epoch: 16 loss: 0.4932, grad_norm: 0.48975443840026855, lr: 0.000938, time: 0.10s
[INFO]: TRAIN epoch: 16 loss: 0.2702, grad_norm: 0.4329245388507843, lr: 0.000938, time: 0.10s
[INFO]: TRAIN epoch: 16 loss: 0.0682, grad_norm: 0.18879282474517822, lr: 0.000938, time: 0.10s
[INFO]: TRAIN epoch: 16 loss: 0.1231, grad_norm: 0.24780479073524475, lr: 0.000938, time: 0.10s
[INFO]: TRAIN epoch: 16 loss: 0.1486, grad_norm: 0.26961472630500793, lr: 0.000938, time: 0.10s
[INFO]: TRAIN epoch: 16 loss: 0.1958, grad_norm: 0.28003785014152527, lr: 0.000938, time: 0.10s
[INFO]: TRAIN epoch: 16 loss: 0.1836, grad_norm: 0.32246413826942444, lr: 0.000938, time: 0.10s
[INFO]: TRAIN epoch: 16 loss: 0.3030, grad_norm: 0.45299360156059265, lr: 0.000938, time: 0.10s
[INFO]: TRAIN epoch: 16 loss: 0.2074, grad_norm: 0.3421996533870697, lr: 0.000938, time: 0.10s
[INFO]: TRAIN epoch: 16 loss: 0.0506, grad_norm: 0.1453118920326233, lr: 0.000938, time: 0.10s
[INFO]: TRAIN epoch: 16 loss: 0.1696, grad_norm: 0.3718874454498291, lr: 0.000938, time: 0.10s
[INFO]: TRAIN epoch: 16 loss: 0.4684, grad_norm: 0.5487794876098633, lr: 0.000938, time: 0.10s
[INFO]: TRAIN epoch: 16 loss: 0.2185, grad_norm: 0.4036685526371002, lr: 0.000938, time: 0.10s
[INFO]: TRAIN epoch: 16 loss: 0.0587, grad_norm: 0.15773960947990417, lr: 0.000938, time: 0.10s
[INFO]: TRAIN epoch: 16 loss: 0.1326, grad_norm: 0.39828935265541077, lr: 0.000938, time: 0.10s
[INFO]: TRAIN epoch: 16 loss: 0.0657, grad_norm: 0.2106824368238449, lr: 0.000938, time: 0.11s
[INFO]: TRAIN epoch: 16 loss: 0.1814, grad_norm: 0.5618299245834351, lr: 0.000938, time: 0.10s
[INFO]: TRAIN epoch: 16 loss: 0.3855, grad_norm: 0.4065205752849579, lr: 0.000938, time: 0.10s
[INFO]: TRAIN epoch: 16 loss: 0.1906, grad_norm: 0.36229822039604187, lr: 0.000938, time: 0.10s
[INFO]: TRAIN epoch: 16 loss: 0.1313, grad_norm: 0.24112176895141602, lr: 0.000938, time: 0.10s
[INFO]: TRAIN epoch: 16 loss: 0.4312, grad_norm: 0.6537134051322937, lr: 0.000938, time: 0.10s
[INFO]: TRAIN epoch: 16 loss: 0.2937, grad_norm: 0.37020647525787354, lr: 0.000938, time: 0.10s
[INFO]: TRAIN epoch: 16 loss: 0.0843, grad_norm: 0.22592055797576904, lr: 0.000938, time: 0.10s
[INFO]: TRAIN epoch: 16 loss: 0.1798, grad_norm: 0.32217103242874146, lr: 0.000938, time: 0.10s
[INFO]: TRAIN epoch: 16 loss: 0.0816, grad_norm: 0.29934266209602356, lr: 0.000938, time: 0.10s
[INFO]: TRAIN epoch: 16 loss: 0.0894, grad_norm: 0.26837560534477234, lr: 0.000938, time: 0.10s
[INFO]: TRAIN epoch: 16 loss: 0.1291, grad_norm: 0.36986732482910156, lr: 0.000938, time: 0.10s
[INFO]: TRAIN epoch: 16 loss: 0.1879, grad_norm: 0.39512860774993896, lr: 0.000938, time: 0.10s
[INFO]: TRAIN epoch: 16 loss: 0.0578, grad_norm: 0.2345249503850937, lr: 0.000938, time: 0.10s
[INFO]: TRAIN epoch: 16 loss: 0.0986, grad_norm: 0.22644326090812683, lr: 0.000938, time: 0.10s
[INFO]: TRAIN epoch: 16 loss: 0.0868, grad_norm: 0.2428552508354187, lr: 0.000938, time: 0.11s
[INFO]: TRAIN epoch: 16 loss: 0.1010, grad_norm: 0.19229534268379211, lr: 0.000938, time: 0.11s
[INFO]: TRAIN epoch: 16 loss: 0.0622, grad_norm: 0.23213180899620056, lr: 0.000938, time: 0.10s
[INFO]: TRAIN epoch: 16 loss: 0.2943, grad_norm: 0.4258088767528534, lr: 0.000938, time: 0.10s
[INFO]: TRAIN epoch: 16 loss: 0.1255, grad_norm: 0.33125510811805725, lr: 0.000938, time: 0.10s
[INFO]: TRAIN epoch: 16 loss: 0.4156, grad_norm: 0.39555150270462036, lr: 0.000938, time: 0.11s
[INFO]: TRAIN epoch: 16 loss: 0.1370, grad_norm: 0.37798941135406494, lr: 0.000938, time: 0.10s
[INFO]: TRAIN epoch: 16 loss: 0.3251, grad_norm: 0.3924294710159302, lr: 0.000938, time: 0.10s
[INFO]: TRAIN epoch: 16 loss: 0.2760, grad_norm: 0.8502323627471924, lr: 0.000938, time: 0.10s
[INFO]: TRAIN epoch: 16 loss: 0.0692, grad_norm: 0.18251311779022217, lr: 0.000938, time: 0.10s
[INFO]: TRAIN epoch: 16 loss: 0.2046, grad_norm: 0.23448899388313293, lr: 0.000938, time: 0.10s
[INFO]: TRAIN epoch: 16 loss: 0.2600, grad_norm: 0.3506510555744171, lr: 0.000938, time: 0.10s
[INFO]: TRAIN epoch: 16 loss: 0.1832, grad_norm: 0.32045042514801025, lr: 0.000938, time: 0.10s
[INFO]: TRAIN epoch: 16 loss: 0.1108, grad_norm: 0.2111959159374237, lr: 0.000938, time: 0.10s
[INFO]: TRAIN epoch: 16 loss: 0.0653, grad_norm: 0.1888200342655182, lr: 0.000938, time: 0.10s
[INFO]: TRAIN epoch: 16 loss: 0.2588, grad_norm: 0.25590068101882935, lr: 0.000938, time: 0.11s
[INFO]: TRAIN epoch: 16 loss: 0.1691, grad_norm: 0.20605115592479706, lr: 0.000938, time: 0.11s
[INFO]: TRAIN epoch: 16 loss: 0.1200, grad_norm: 0.2920430898666382, lr: 0.000938, time: 0.10s
[INFO]: TRAIN epoch: 16 loss: 0.2776, grad_norm: 0.31397977471351624, lr: 0.000938, time: 0.10s
[INFO]: TRAIN epoch: 16 loss: 0.2923, grad_norm: 0.37334543466567993, lr: 0.000938, time: 0.10s
[INFO]: TRAIN epoch: 16 loss: 0.5023, grad_norm: 0.5107201933860779, lr: 0.000938, time: 0.10s
[INFO]: TRAIN epoch: 16 loss: 0.0775, grad_norm: 0.22328481078147888, lr: 0.000938, time: 0.10s
[INFO]: TRAIN epoch: 16 loss: 0.3006, grad_norm: 0.4014793336391449, lr: 0.000938, time: 0.10s
[INFO]: TRAIN epoch: 16 loss: 0.1260, grad_norm: 0.2967856824398041, lr: 0.000938, time: 0.10s
[INFO]: TRAIN epoch: 16 loss: 0.2326, grad_norm: 0.348536878824234, lr: 0.000938, time: 0.10s
[INFO]: TRAIN epoch: 16 loss: 0.1567, grad_norm: 0.32752135396003723, lr: 0.000938, time: 0.10s
[INFO]: TRAIN epoch: 16 loss: 0.1955, grad_norm: 0.34502553939819336, lr: 0.000938, time: 0.11s
[INFO]: TRAIN epoch: 16 loss: 0.1670, grad_norm: 0.43281298875808716, lr: 0.000938, time: 0.10s
[INFO]: TRAIN epoch: 16 loss: 0.2976, grad_norm: 0.3467226028442383, lr: 0.000938, time: 0.10s
[INFO]: TRAIN epoch: 16 loss: 0.2042, grad_norm: 0.32492905855178833, lr: 0.000938, time: 0.10s
[INFO]: TRAIN epoch: 16 loss: 0.1401, grad_norm: 0.3396436274051666, lr: 0.000938, time: 0.10s
[INFO]: TRAIN epoch: 16 loss: 0.0874, grad_norm: 0.21851986646652222, lr: 0.000938, time: 0.10s
[INFO]: TRAIN epoch: 16 loss: 0.0966, grad_norm: 0.273427277803421, lr: 0.000938, time: 0.10s
[INFO]: TRAIN epoch: 16 loss: 0.6297, grad_norm: 0.5141521096229553, lr: 0.000938, time: 0.10s
[INFO]: TRAIN epoch: 16 loss: 0.1492, grad_norm: 0.38076984882354736, lr: 0.000938, time: 0.10s
[INFO]: TRAIN epoch: 16 loss: 0.1353, grad_norm: 0.4147777855396271, lr: 0.000938, time: 0.10s
[INFO]: TRAIN epoch: 16 loss: 0.1323, grad_norm: 0.385822594165802, lr: 0.000938, time: 0.10s
[INFO]: TRAIN epoch: 16 loss: 0.2241, grad_norm: 0.43944117426872253, lr: 0.000938, time: 0.10s
[INFO]: TRAIN epoch: 16 loss: 0.3169, grad_norm: 0.35420137643814087, lr: 0.000938, time: 0.11s
[INFO]: TRAIN epoch: 16 loss: 0.1000, grad_norm: 0.2505873739719391, lr: 0.000938, time: 0.10s
[INFO]: TRAIN epoch: 16 loss: 0.0942, grad_norm: 0.3592813313007355, lr: 0.000938, time: 0.10s
[INFO]: TRAIN epoch: 16 loss: 0.1700, grad_norm: 0.30690905451774597, lr: 0.000938, time: 0.10s
[INFO]: TRAIN epoch: 16 loss: 0.1770, grad_norm: 0.38602980971336365, lr: 0.000938, time: 0.10s
[INFO]: TRAIN epoch: 16 loss: 0.1049, grad_norm: 0.3275017738342285, lr: 0.000938, time: 0.10s
[INFO]: TRAIN epoch: 16 loss: 0.0978, grad_norm: 0.3143692910671234, lr: 0.000938, time: 0.10s
[INFO]: TRAIN epoch: 16 loss: 0.0927, grad_norm: 0.21997866034507751, lr: 0.000938, time: 0.11s
[INFO]: TRAIN epoch: 16 loss: 0.1227, grad_norm: 0.27925094962120056, lr: 0.000938, time: 0.10s
[INFO]: TRAIN epoch: 16 loss: 0.4209, grad_norm: 0.3651883602142334, lr: 0.000938, time: 0.10s
[INFO]: TRAIN epoch: 16 loss: 0.0986, grad_norm: 0.2538680136203766, lr: 0.000938, time: 0.10s
[INFO]: TRAIN epoch: 16 loss: 0.0860, grad_norm: 0.2315596342086792, lr: 0.000938, time: 0.10s
[INFO]: TRAIN epoch: 16 loss: 0.2904, grad_norm: 0.5005599856376648, lr: 0.000938, time: 0.10s
[INFO]: TRAIN epoch: 16 loss: 0.2247, grad_norm: 0.36303064227104187, lr: 0.000938, time: 0.10s
[INFO]: TRAIN epoch: 16 loss: 0.1633, grad_norm: 0.3615778088569641, lr: 0.000938, time: 0.10s
[INFO]: TRAIN epoch: 16 loss: 0.0725, grad_norm: 0.18187524378299713, lr: 0.000938, time: 0.10s
[INFO]: TRAIN epoch: 16 loss: 0.1543, grad_norm: 0.4690403640270233, lr: 0.000938, time: 0.10s
[INFO]: TRAIN epoch: 16 loss: 0.1912, grad_norm: 0.3477022647857666, lr: 0.000938, time: 0.10s
[INFO]: TRAIN epoch: 16 loss: 0.1054, grad_norm: 0.28105074167251587, lr: 0.000938, time: 0.10s
[INFO]: TRAIN epoch: 16 loss: 0.2297, grad_norm: 0.5319101810455322, lr: 0.000938, time: 0.10s
[INFO]: TRAIN epoch: 16 loss: 0.2934, grad_norm: 0.3293502628803253, lr: 0.000938, time: 0.10s
[INFO]: TRAIN epoch: 16 loss: 0.0789, grad_norm: 0.1771058887243271, lr: 0.000938, time: 0.10s
[INFO]: TRAIN epoch: 16 loss: 0.0519, grad_norm: 0.1371941864490509, lr: 0.000938, time: 0.11s
[INFO]: TRAIN epoch: 16 loss: 0.0627, grad_norm: 0.20149581134319305, lr: 0.000938, time: 0.10s
[INFO]: TRAIN epoch: 16 loss: 0.1106, grad_norm: 0.2727789878845215, lr: 0.000938, time: 0.10s
[INFO]: TRAIN epoch: 16 loss: 0.1992, grad_norm: 0.47130733728408813, lr: 0.000938, time: 0.10s
[INFO]: TRAIN epoch: 16 loss: 0.4684, grad_norm: 0.42854422330856323, lr: 0.000938, time: 0.10s
[INFO]: TRAIN epoch: 16 loss: 0.0859, grad_norm: 0.19120919704437256, lr: 0.000938, time: 0.10s
[INFO]: TRAIN epoch: 16 loss: 0.4477, grad_norm: 0.44876590371131897, lr: 0.000938, time: 0.10s
[INFO]: TRAIN epoch: 16 loss: 0.0410, grad_norm: 0.1259351521730423, lr: 0.000938, time: 0.10s
[INFO]: TRAIN epoch: 16 loss: 0.3378, grad_norm: 0.3544716536998749, lr: 0.000938, time: 0.10s
[INFO]: TRAIN epoch: 16 loss: 0.1078, grad_norm: 0.3265359699726105, lr: 0.000938, time: 0.10s
[INFO]: TRAIN epoch: 16 loss: 0.0521, grad_norm: 0.169113889336586, lr: 0.000938, time: 0.10s
[INFO]: TRAIN epoch: 16 loss: 0.3734, grad_norm: 0.4535507559776306, lr: 0.000938, time: 0.10s
[INFO]: TRAIN epoch: 16 loss: 0.1247, grad_norm: 0.24648194015026093, lr: 0.000938, time: 0.11s
[INFO]: TRAIN epoch: 16 loss: 0.0601, grad_norm: 0.19635456800460815, lr: 0.000938, time: 0.10s
[INFO]: TRAIN epoch: 16 loss: 0.2289, grad_norm: 0.3506145477294922, lr: 0.000938, time: 0.10s
[INFO]: TRAIN epoch: 16 loss: 0.1280, grad_norm: 0.3042027950286865, lr: 0.000938, time: 0.10s
[INFO]: TRAIN epoch: 16 loss: 0.3542, grad_norm: 0.3726261258125305, lr: 0.000938, time: 0.10s
[INFO]: TRAIN epoch: 16 loss: 0.3626, grad_norm: 0.38653290271759033, lr: 0.000938, time: 0.11s
[INFO]: TRAIN epoch: 16 loss: 0.2226, grad_norm: 0.31121477484703064, lr: 0.000938, time: 0.10s
[INFO]: TRAIN epoch: 16 loss: 0.1784, grad_norm: 0.40112805366516113, lr: 0.000938, time: 0.10s
[INFO]: TRAIN epoch: 16 loss: 0.0553, grad_norm: 0.1902318298816681, lr: 0.000938, time: 0.10s
[INFO]: TRAIN epoch: 16 loss: 0.1533, grad_norm: 0.5137642621994019, lr: 0.000938, time: 0.10s
[INFO]: TRAIN epoch: 16 loss: 0.1224, grad_norm: 0.32594096660614014, lr: 0.000938, time: 0.10s
[INFO]: TRAIN epoch: 16 loss: 0.1856, grad_norm: 0.2869894206523895, lr: 0.000938, time: 0.10s
[INFO]: TRAIN epoch: 16 loss: 0.2847, grad_norm: 0.40925389528274536, lr: 0.000938, time: 0.10s
[INFO]: TRAIN epoch: 16 loss: 0.2569, grad_norm: 0.30521339178085327, lr: 0.000938, time: 0.10s
[INFO]: TRAIN epoch: 16 loss: 0.0949, grad_norm: 0.31806161999702454, lr: 0.000938, time: 0.10s
[INFO]: TRAIN epoch: 16 loss: 0.0778, grad_norm: 0.21792176365852356, lr: 0.000938, time: 0.10s
[INFO]: TRAIN epoch: 16 loss: 0.1898, grad_norm: 0.39094746112823486, lr: 0.000938, time: 0.10s
[INFO]: TRAIN epoch: 16 loss: 0.0644, grad_norm: 0.22794955968856812, lr: 0.000938, time: 0.10s
[INFO]: TRAIN epoch: 16 loss: 0.1186, grad_norm: 0.1703629195690155, lr: 0.000938, time: 0.10s
[INFO]: TRAIN epoch: 16 loss: 0.1645, grad_norm: 0.29966604709625244, lr: 0.000938, time: 0.10s
[INFO]: TRAIN epoch: 16 loss: 0.2156, grad_norm: 0.3572080731391907, lr: 0.000938, time: 0.10s
[INFO]: TRAIN epoch: 16 loss: 0.0593, grad_norm: 0.17131565511226654, lr: 0.000938, time: 0.10s
[INFO]: TRAIN epoch: 16 loss: 0.2404, grad_norm: 0.3832540214061737, lr: 0.000938, time: 0.10s
[INFO]: TRAIN epoch: 16 loss: 0.0733, grad_norm: 0.20564110577106476, lr: 0.000938, time: 0.10s
[INFO]: TRAIN epoch: 16 loss: 0.1123, grad_norm: 0.23053933680057526, lr: 0.000938, time: 0.10s
[INFO]: TRAIN epoch: 16 loss: 0.0561, grad_norm: 0.20796315371990204, lr: 0.000938, time: 0.10s
[INFO]: TRAIN epoch: 16 loss: 0.0526, grad_norm: 0.25251322984695435, lr: 0.000938, time: 0.10s
[INFO]: TRAIN epoch: 16 loss: 0.1566, grad_norm: 0.3547194004058838, lr: 0.000938, time: 0.10s
[INFO]: TRAIN epoch: 16 loss: 0.1503, grad_norm: 0.27690038084983826, lr: 0.000938, time: 0.10s
[INFO]: TRAIN epoch: 16 loss: 0.1866, grad_norm: 0.3664112985134125, lr: 0.000938, time: 0.10s
[INFO]: TRAIN epoch: 16 loss: 0.2235, grad_norm: 0.311249315738678, lr: 0.000938, time: 0.10s
[INFO]: TRAIN epoch: 16 loss: 0.1612, grad_norm: 0.32468777894973755, lr: 0.000938, time: 0.10s
[INFO]: TRAIN epoch: 16 loss: 0.0729, grad_norm: 0.18296876549720764, lr: 0.000938, time: 0.10s
[INFO]: TRAIN epoch: 16 loss: 0.0912, grad_norm: 0.4456932842731476, lr: 0.000938, time: 0.10s
[INFO]: TRAIN epoch: 16 loss: 0.0827, grad_norm: 0.2067635953426361, lr: 0.000938, time: 0.11s
[INFO]: TRAIN epoch: 16 loss: 0.0628, grad_norm: 0.24006490409374237, lr: 0.000938, time: 0.25s
[INFO]: TRAIN epoch: 16 loss: 0.1631, grad_norm: 0.2883767783641815, lr: 0.000938, time: 0.10s
[INFO]: TRAIN epoch: 16 loss: 0.2032, grad_norm: 0.5162041187286377, lr: 0.000938, time: 0.10s
[INFO]: TRAIN epoch: 16 loss: 0.1082, grad_norm: 0.23581694066524506, lr: 0.000938, time: 0.10s
[INFO]: TRAIN epoch: 16 loss: 0.1050, grad_norm: 0.242954820394516, lr: 0.000938, time: 0.10s
[INFO]: TRAIN epoch: 16 loss: 0.0477, grad_norm: 0.14308111369609833, lr: 0.000938, time: 0.10s
[INFO]: TRAIN epoch: 16 loss: 0.1861, grad_norm: 0.2668178379535675, lr: 0.000938, time: 0.10s
[INFO]: TRAIN epoch: 16 loss: 0.1048, grad_norm: 0.22587819397449493, lr: 0.000938, time: 0.10s
[INFO]: TRAIN epoch: 16 loss: 0.2162, grad_norm: 0.4227769672870636, lr: 0.000938, time: 0.10s
[INFO]: TRAIN epoch: 16 loss: 0.2119, grad_norm: 0.45880720019340515, lr: 0.000938, time: 0.10s
[INFO]: TRAIN epoch: 16 loss: 0.1431, grad_norm: 0.3643454313278198, lr: 0.000938, time: 0.10s
[INFO]: TRAIN epoch: 16 loss: 0.1567, grad_norm: 0.3997666537761688, lr: 0.000938, time: 0.10s
[INFO]: TRAIN epoch: 16 loss: 0.0607, grad_norm: 0.24034668505191803, lr: 0.000938, time: 0.10s
[INFO]: TRAIN epoch: 16 loss: 0.0772, grad_norm: 0.1989305466413498, lr: 0.000938, time: 0.10s
[INFO]: TRAIN epoch: 16 loss: 0.1381, grad_norm: 0.22821103036403656, lr: 0.000938, time: 0.10s
[INFO]: TRAIN epoch: 16 loss: 0.2936, grad_norm: 0.4188409447669983, lr: 0.000938, time: 0.10s
[INFO]: TRAIN epoch: 16 loss: 0.0788, grad_norm: 0.20366348326206207, lr: 0.000938, time: 0.10s
[INFO]: TRAIN epoch: 16 loss: 0.1398, grad_norm: 0.38880786299705505, lr: 0.000938, time: 0.10s
[INFO]: TRAIN epoch: 16 loss: 0.0392, grad_norm: 0.18210884928703308, lr: 0.000938, time: 0.10s
[INFO]: TRAIN epoch: 16 loss: 0.1122, grad_norm: 0.23429952561855316, lr: 0.000938, time: 0.10s
[INFO]: TRAIN epoch: 16 loss: 0.0858, grad_norm: 0.20710039138793945, lr: 0.000938, time: 0.10s
[INFO]: TRAIN epoch: 16 loss: 0.1733, grad_norm: 0.248599112033844, lr: 0.000938, time: 0.10s
[INFO]: TRAIN epoch: 16 loss: 0.0779, grad_norm: 0.24660435318946838, lr: 0.000938, time: 0.10s
[INFO]: TRAIN epoch: 16 loss: 0.3670, grad_norm: 0.5303084850311279, lr: 0.000938, time: 0.10s
[INFO]: TRAIN epoch: 16 loss: 0.0888, grad_norm: 0.24490344524383545, lr: 0.000938, time: 0.10s
[INFO]: TRAIN epoch: 16 loss: 0.2212, grad_norm: 0.33253049850463867, lr: 0.000938, time: 0.10s
[INFO]: TRAIN epoch: 16 loss: 0.2471, grad_norm: 0.45351290702819824, lr: 0.000938, time: 0.10s
[INFO]: TRAIN epoch: 16 loss: 0.0748, grad_norm: 0.2616078853607178, lr: 0.000938, time: 0.10s
[INFO]: TRAIN epoch: 16 loss: 0.3041, grad_norm: 0.37306055426597595, lr: 0.000938, time: 0.10s
[INFO]: TRAIN epoch: 16 loss: 0.0736, grad_norm: 0.1934514045715332, lr: 0.000938, time: 0.10s
[INFO]: TRAIN epoch: 16 loss: 0.0761, grad_norm: 0.22185645997524261, lr: 0.000938, time: 0.10s
[INFO]: TRAIN epoch: 16 loss: 0.0656, grad_norm: 0.17459675669670105, lr: 0.000938, time: 0.10s
[INFO]: TRAIN epoch: 16 loss: 0.1096, grad_norm: 0.2867148220539093, lr: 0.000938, time: 0.10s
[INFO]: TRAIN epoch: 16 loss: 0.0953, grad_norm: 0.24937951564788818, lr: 0.000938, time: 0.10s
[INFO]: TRAIN epoch: 16 loss: 0.2372, grad_norm: 0.35744214057922363, lr: 0.000938, time: 0.10s
[INFO]: TRAIN epoch: 16 loss: 0.0705, grad_norm: 0.23428216576576233, lr: 0.000938, time: 0.10s
[INFO]: TRAIN epoch: 16 loss: 0.3852, grad_norm: 0.5679383873939514, lr: 0.000938, time: 0.10s
[INFO]: TRAIN epoch: 16 loss: 0.0543, grad_norm: 0.20983463525772095, lr: 0.000938, time: 0.10s
[INFO]: TRAIN epoch: 16 loss: 0.1846, grad_norm: 0.6721798181533813, lr: 0.000938, time: 0.10s
[INFO]: TRAIN epoch: 16 loss: 0.2917, grad_norm: 0.4960382580757141, lr: 0.000938, time: 0.10s
[INFO]: TRAIN epoch: 16 loss: 0.1654, grad_norm: 0.3638037145137787, lr: 0.000938, time: 0.10s
[INFO]: TRAIN epoch: 16 loss: 0.1296, grad_norm: 0.4635159373283386, lr: 0.000938, time: 0.10s
[INFO]: TRAIN epoch: 16 loss: 0.2232, grad_norm: 0.5106573104858398, lr: 0.000938, time: 0.10s
[INFO]: TRAIN epoch: 16 loss: 0.0645, grad_norm: 0.19731098413467407, lr: 0.000938, time: 0.10s
[INFO]: TRAIN epoch: 16 loss: 0.2438, grad_norm: 0.34821024537086487, lr: 0.000938, time: 0.10s
[INFO]: TRAIN epoch: 16 loss: 0.1722, grad_norm: 0.3635682463645935, lr: 0.000938, time: 0.10s
[INFO]: TRAIN epoch: 16 loss: 0.2209, grad_norm: 0.30475887656211853, lr: 0.000938, time: 0.11s
[INFO]: TRAIN epoch: 16 loss: 0.2206, grad_norm: 0.39862796664237976, lr: 0.000938, time: 0.10s
[INFO]: TRAIN epoch: 16 loss: 0.1900, grad_norm: 0.39825090765953064, lr: 0.000938, time: 0.10s
[INFO]: TRAIN epoch: 16 loss: 0.1327, grad_norm: 0.3023254871368408, lr: 0.000938, time: 0.10s
[INFO]: TRAIN epoch: 16 loss: 0.1946, grad_norm: 0.4575980305671692, lr: 0.000938, time: 0.10s
[INFO]: TRAIN epoch: 16 loss: 0.1597, grad_norm: 0.3881222605705261, lr: 0.000938, time: 0.10s
[INFO]: TRAIN epoch: 16 loss: 0.0491, grad_norm: 0.13882534205913544, lr: 0.000938, time: 0.10s
[INFO]: TRAIN epoch: 16 loss: 0.1755, grad_norm: 0.4135221242904663, lr: 0.000938, time: 0.10s
[INFO]: TRAIN epoch: 16 loss: 0.0748, grad_norm: 0.179814413189888, lr: 0.000938, time: 0.10s
[INFO]: TRAIN epoch: 16 loss: 0.1648, grad_norm: 0.3410893678665161, lr: 0.000938, time: 0.10s
[INFO]: TRAIN epoch: 16 loss: 0.0962, grad_norm: 0.34754499793052673, lr: 0.000938, time: 0.10s
[INFO]: TRAIN epoch: 16 loss: 0.2230, grad_norm: 0.308722585439682, lr: 0.000938, time: 0.10s
[INFO]: TRAIN epoch: 16 loss: 0.1542, grad_norm: 0.37553533911705017, lr: 0.000938, time: 0.10s
[INFO]: TRAIN epoch: 16 loss: 0.0712, grad_norm: 0.21020705997943878, lr: 0.000938, time: 0.10s
[INFO]: TRAIN epoch: 16 loss: 0.1353, grad_norm: 0.257275253534317, lr: 0.000938, time: 0.10s
[INFO]: TRAIN epoch: 16 loss: 0.1234, grad_norm: 0.3192456364631653, lr: 0.000938, time: 0.10s
[INFO]: TRAIN epoch: 16 loss: 0.1067, grad_norm: 0.2548626959323883, lr: 0.000938, time: 0.10s
[INFO]: TRAIN epoch: 16 loss: 0.3530, grad_norm: 0.3933892250061035, lr: 0.000938, time: 0.10s
[INFO]: TRAIN epoch: 16 loss: 0.1245, grad_norm: 0.26955509185791016, lr: 0.000938, time: 0.10s
[INFO]: TRAIN epoch: 16 loss: 0.0735, grad_norm: 0.2085907757282257, lr: 0.000938, time: 0.10s
[INFO]: TRAIN epoch: 16 loss: 0.1868, grad_norm: 0.4191440939903259, lr: 0.000938, time: 0.11s
[INFO]: TRAIN epoch: 16 loss: 0.1177, grad_norm: 0.17521372437477112, lr: 0.000938, time: 0.10s
[INFO]: TRAIN epoch: 16 loss: 0.1143, grad_norm: 0.30416789650917053, lr: 0.000938, time: 0.10s
[INFO]: TRAIN epoch: 16 loss: 0.2371, grad_norm: 0.35701674222946167, lr: 0.000938, time: 0.10s
[INFO]: TRAIN epoch: 16 loss: 0.2553, grad_norm: 0.4752192497253418, lr: 0.000938, time: 0.10s
[INFO]: TRAIN epoch: 16 loss: 0.3470, grad_norm: 0.3052510917186737, lr: 0.000938, time: 0.10s
[INFO]: TRAIN epoch: 16 loss: 0.1582, grad_norm: 0.3017443120479584, lr: 0.000938, time: 0.10s
[INFO]: TRAIN epoch: 16 loss: 0.0726, grad_norm: 0.19221214950084686, lr: 0.000938, time: 0.10s
[INFO]: TRAIN epoch: 16 loss: 0.1329, grad_norm: 0.28318729996681213, lr: 0.000938, time: 0.10s
[INFO]: TRAIN epoch: 16 loss: 0.0541, grad_norm: 0.14328397810459137, lr: 0.000938, time: 0.10s
[INFO]: TRAIN epoch: 16 loss: 0.2390, grad_norm: 0.3840942978858948, lr: 0.000938, time: 0.10s
[INFO]: TRAIN epoch: 16 loss: 0.1458, grad_norm: 0.2540149390697479, lr: 0.000938, time: 0.10s
[INFO]: TRAIN epoch: 16 loss: 0.1982, grad_norm: 0.49002036452293396, lr: 0.000938, time: 0.10s
[INFO]: TRAIN epoch: 16 loss: 0.0962, grad_norm: 0.20080868899822235, lr: 0.000938, time: 0.10s
[INFO]: TRAIN epoch: 16 loss: 0.1337, grad_norm: 0.2526560425758362, lr: 0.000938, time: 0.10s
[INFO]: TRAIN epoch: 16 loss: 0.1594, grad_norm: 0.35029715299606323, lr: 0.000938, time: 0.10s
[INFO]: TRAIN epoch: 16 loss: 0.2496, grad_norm: 0.33338937163352966, lr: 0.000938, time: 0.10s
[INFO]: TRAIN epoch: 16 loss: 0.2106, grad_norm: 0.3152730464935303, lr: 0.000938, time: 0.10s
[INFO]: TRAIN epoch: 16 loss: 0.1419, grad_norm: 0.32547247409820557, lr: 0.000938, time: 0.10s
[INFO]: TRAIN epoch: 16 loss: 0.1993, grad_norm: 0.3453053832054138, lr: 0.000938, time: 0.10s
[INFO]: TRAIN epoch: 16 loss: 0.0991, grad_norm: 0.18041884899139404, lr: 0.000938, time: 0.10s
[INFO]: TRAIN epoch: 16 loss: 0.1515, grad_norm: 0.3075130879878998, lr: 0.000938, time: 0.11s
[INFO]: TRAIN epoch: 16 loss: 0.0837, grad_norm: 0.24178242683410645, lr: 0.000938, time: 0.10s
[INFO]: TRAIN epoch: 16 loss: 0.1845, grad_norm: 0.28890475630760193, lr: 0.000938, time: 0.10s
[INFO]: TRAIN epoch: 16 loss: 0.5569, grad_norm: 0.38011959195137024, lr: 0.000938, time: 0.10s
[INFO]: TRAIN epoch: 16 loss: 0.1102, grad_norm: 0.33683645725250244, lr: 0.000938, time: 0.10s
[INFO]: TRAIN epoch: 16 loss: 0.1475, grad_norm: 0.4215098023414612, lr: 0.000938, time: 0.10s
[INFO]: TRAIN epoch: 16 loss: 0.1585, grad_norm: 0.31643247604370117, lr: 0.000938, time: 0.10s
[INFO]: TRAIN epoch: 16 loss: 0.2120, grad_norm: 0.3939168453216553, lr: 0.000938, time: 0.10s
[INFO]: TRAIN epoch: 16 loss: 0.3072, grad_norm: 0.40066081285476685, lr: 0.000938, time: 0.10s
[INFO]: TRAIN epoch: 16 loss: 0.0672, grad_norm: 0.1266890913248062, lr: 0.000938, time: 0.10s
[INFO]: TRAIN epoch: 16 loss: 0.1296, grad_norm: 0.24836714565753937, lr: 0.000938, time: 0.10s
[INFO]: TRAIN epoch: 16 loss: 0.2404, grad_norm: 0.37925413250923157, lr: 0.000938, time: 0.10s
[INFO]: TRAIN epoch: 16 loss: 0.2390, grad_norm: 0.281078964471817, lr: 0.000938, time: 0.10s
[INFO]: TRAIN epoch: 16 loss: 0.2161, grad_norm: 0.4722478985786438, lr: 0.000938, time: 0.10s
[INFO]: TRAIN epoch: 16 loss: 0.1063, grad_norm: 0.24235397577285767, lr: 0.000938, time: 0.10s
[INFO]: TRAIN epoch: 16 loss: 0.1850, grad_norm: 0.2974070608615875, lr: 0.000938, time: 0.10s
[INFO]: TRAIN epoch: 16 loss: 0.0783, grad_norm: 0.22301581501960754, lr: 0.000938, time: 0.10s
[INFO]: TRAIN epoch: 16 loss: 0.0844, grad_norm: 0.24204683303833008, lr: 0.000938, time: 0.10s
[INFO]: TRAIN epoch: 16 loss: 0.0492, grad_norm: 0.18868394196033478, lr: 0.000938, time: 0.10s
[INFO]: TRAIN epoch: 16 loss: 0.1975, grad_norm: 0.3810376226902008, lr: 0.000938, time: 0.10s
[INFO]: TRAIN epoch: 16 loss: 0.3661, grad_norm: 0.36269891262054443, lr: 0.000938, time: 0.10s
[INFO]: TRAIN epoch: 16 loss: 0.1499, grad_norm: 0.3081550598144531, lr: 0.000938, time: 0.10s
[INFO]: TRAIN epoch: 16 loss: 0.0616, grad_norm: 0.16231167316436768, lr: 0.000938, time: 0.10s
[INFO]: TRAIN epoch: 16 loss: 0.2175, grad_norm: 0.33608245849609375, lr: 0.000938, time: 0.10s
[INFO]: TRAIN epoch: 16 loss: 0.0433, grad_norm: 0.14190880954265594, lr: 0.000938, time: 0.10s
[INFO]: TRAIN epoch: 16 loss: 0.2560, grad_norm: 0.38661080598831177, lr: 0.000938, time: 0.10s
[INFO]: TRAIN epoch: 16 loss: 0.0572, grad_norm: 0.16003145277500153, lr: 0.000938, time: 0.10s
[INFO]: TRAIN epoch: 16 loss: 0.2816, grad_norm: 0.5437278747558594, lr: 0.000938, time: 0.10s
[INFO]: TRAIN epoch: 16 loss: 0.5750, grad_norm: 0.3954717814922333, lr: 0.000938, time: 0.10s
[INFO]: TRAIN epoch: 16 loss: 0.1871, grad_norm: 0.3199317455291748, lr: 0.000938, time: 0.10s
[INFO]: TRAIN epoch: 16 loss: 0.0564, grad_norm: 0.19002693891525269, lr: 0.000938, time: 0.10s
[INFO]: TRAIN epoch: 16 loss: 0.1824, grad_norm: 0.38960883021354675, lr: 0.000938, time: 0.10s
[INFO]: TRAIN epoch: 16 loss: 0.1107, grad_norm: 0.24987487494945526, lr: 0.000938, time: 0.10s
[INFO]: TRAIN epoch: 16 loss: 0.3397, grad_norm: 0.4936921000480652, lr: 0.000938, time: 0.10s
[INFO]: TRAIN epoch: 16 loss: 0.3996, grad_norm: 0.3107793629169464, lr: 0.000938, time: 0.10s
[INFO]: TRAIN epoch: 16 loss: 0.0433, grad_norm: 0.13854235410690308, lr: 0.000938, time: 0.10s
[INFO]: TRAIN epoch: 16 loss: 0.1953, grad_norm: 0.41320356726646423, lr: 0.000938, time: 0.10s
[INFO]: TRAIN epoch: 16 loss: 0.0755, grad_norm: 0.18634502589702606, lr: 0.000938, time: 0.10s
[INFO]: TRAIN epoch: 16 loss: 0.1310, grad_norm: 0.4383031129837036, lr: 0.000938, time: 0.10s
[INFO]: TRAIN epoch: 16 loss: 0.0655, grad_norm: 0.20059834420681, lr: 0.000938, time: 0.10s
[INFO]: TRAIN epoch: 16 loss: 0.1639, grad_norm: 0.27098196744918823, lr: 0.000938, time: 0.10s
[INFO]: TRAIN epoch: 16 loss: 0.2436, grad_norm: 0.4264404773712158, lr: 0.000938, time: 0.10s
[INFO]: TRAIN epoch: 16 loss: 0.2376, grad_norm: 0.29804617166519165, lr: 0.000938, time: 0.10s
[INFO]: TRAIN epoch: 16 loss: 0.1900, grad_norm: 0.33864980936050415, lr: 0.000938, time: 0.10s
[INFO]: TRAIN epoch: 16 loss: 0.2103, grad_norm: 0.40909963846206665, lr: 0.000938, time: 0.10s
[INFO]: TRAIN epoch: 16 loss: 0.0784, grad_norm: 0.1894713044166565, lr: 0.000938, time: 0.10s
[INFO]: TRAIN epoch: 16 loss: 0.0579, grad_norm: 0.12029696255922318, lr: 0.000938, time: 0.10s
[INFO]: TRAIN epoch: 16 loss: 0.1129, grad_norm: 0.2087441384792328, lr: 0.000938, time: 0.10s
[INFO]: TRAIN epoch: 16 loss: 0.2810, grad_norm: 0.48673486709594727, lr: 0.000938, time: 0.10s
[INFO]: TRAIN epoch: 16 loss: 0.2681, grad_norm: 0.2928454577922821, lr: 0.000938, time: 0.10s
[INFO]: TRAIN epoch: 16 loss: 0.0760, grad_norm: 0.22922007739543915, lr: 0.000938, time: 0.11s
[INFO]: TRAIN epoch: 16 loss: 0.1315, grad_norm: 0.32729512453079224, lr: 0.000938, time: 0.10s
[INFO]: TRAIN epoch: 16 loss: 0.3544, grad_norm: 0.4054100215435028, lr: 0.000938, time: 0.10s
[INFO]: TRAIN epoch: 16 loss: 0.0991, grad_norm: 0.3041519224643707, lr: 0.000938, time: 0.10s
[INFO]: TRAIN epoch: 16 loss: 0.2005, grad_norm: 0.4703925848007202, lr: 0.000938, time: 0.10s
[INFO]: TRAIN epoch: 16 loss: 0.1235, grad_norm: 0.28357023000717163, lr: 0.000938, time: 0.10s
[INFO]: TRAIN epoch: 16 loss: 0.0867, grad_norm: 0.30014458298683167, lr: 0.000938, time: 0.10s
[INFO]: TRAIN epoch: 16 loss: 0.1798, grad_norm: 0.3667491674423218, lr: 0.000938, time: 0.10s
[INFO]: TRAIN epoch: 16 loss: 0.0432, grad_norm: 0.1267014443874359, lr: 0.000938, time: 0.10s
[INFO]: TRAIN epoch: 16 loss: 0.2734, grad_norm: 0.4554745554924011, lr: 0.000938, time: 0.10s
[INFO]: TRAIN epoch: 16 loss: 0.1652, grad_norm: 0.4562281668186188, lr: 0.000938, time: 0.10s
[INFO]: TRAIN epoch: 16 loss: 0.1066, grad_norm: 0.2828294038772583, lr: 0.000938, time: 0.10s
[INFO]: TRAIN epoch: 16 loss: 0.3959, grad_norm: 0.39248108863830566, lr: 0.000938, time: 0.10s
[INFO]: TRAIN epoch: 16 loss: 0.0555, grad_norm: 0.17726750671863556, lr: 0.000938, time: 0.10s
[INFO]: TRAIN epoch: 16 loss: 0.2266, grad_norm: 0.41577979922294617, lr: 0.000938, time: 0.10s
[INFO]: TRAIN epoch: 16 loss: 0.2326, grad_norm: 0.6446660161018372, lr: 0.000938, time: 0.10s
[INFO]: TRAIN epoch: 16 loss: 0.0794, grad_norm: 0.16415958106517792, lr: 0.000938, time: 0.10s
[INFO]: TRAIN epoch: 16 loss: 0.1310, grad_norm: 0.2492876648902893, lr: 0.000938, time: 0.10s
[INFO]: TRAIN epoch: 16 loss: 0.1217, grad_norm: 0.2658371329307556, lr: 0.000938, time: 0.10s
[INFO]: TRAIN epoch: 16 loss: 0.0431, grad_norm: 0.11773724108934402, lr: 0.000938, time: 0.10s
[INFO]: TRAIN epoch: 16 loss: 0.3627, grad_norm: 0.388400137424469, lr: 0.000938, time: 0.11s
[INFO]: TRAIN epoch: 16 loss: 0.0736, grad_norm: 0.15534207224845886, lr: 0.000938, time: 0.10s
[INFO]: TRAIN epoch: 16 loss: 0.0895, grad_norm: 0.20482951402664185, lr: 0.000938, time: 0.10s
[INFO]: TRAIN epoch: 16 loss: 0.3591, grad_norm: 0.5214717984199524, lr: 0.000938, time: 0.10s
[INFO]: TRAIN epoch: 16 loss: 0.1704, grad_norm: 0.2572910189628601, lr: 0.000938, time: 0.10s
[INFO]: TRAIN epoch: 16 loss: 0.1051, grad_norm: 0.22709818184375763, lr: 0.000938, time: 0.10s
[INFO]: TRAIN epoch: 16 loss: 0.1204, grad_norm: 0.2540406882762909, lr: 0.000938, time: 0.10s
[INFO]: TRAIN epoch: 16 loss: 0.0678, grad_norm: 0.18310785293579102, lr: 0.000938, time: 0.10s
[INFO]: TRAIN epoch: 16 loss: 0.1435, grad_norm: 0.28566721081733704, lr: 0.000938, time: 0.10s
[INFO]: TRAIN epoch: 16 loss: 0.1008, grad_norm: 0.2568652927875519, lr: 0.000938, time: 0.10s
[INFO]: TRAIN epoch: 16 loss: 0.3035, grad_norm: 0.41591936349868774, lr: 0.000938, time: 0.10s
[INFO]: TRAIN epoch: 16 loss: 0.1207, grad_norm: 0.2714952230453491, lr: 0.000938, time: 0.10s
[INFO]: TRAIN epoch: 16 loss: 0.2017, grad_norm: 0.32410600781440735, lr: 0.000938, time: 0.10s
[INFO]: TRAIN epoch: 16 loss: 0.1439, grad_norm: 0.3079330027103424, lr: 0.000938, time: 0.10s
[INFO]: TRAIN epoch: 16 loss: 0.2867, grad_norm: 0.427981972694397, lr: 0.000938, time: 0.11s
[INFO]: TRAIN epoch: 16 loss: 0.1733, grad_norm: 0.37552332878112793, lr: 0.000938, time: 0.10s
[INFO]: TRAIN epoch: 16 loss: 0.0860, grad_norm: 0.29126009345054626, lr: 0.000938, time: 0.10s
[INFO]: TRAIN epoch: 16 loss: 0.2735, grad_norm: 0.2962768077850342, lr: 0.000938, time: 0.11s
[INFO]: TRAIN epoch: 16 loss: 0.1367, grad_norm: 0.2703368365764618, lr: 0.000938, time: 0.10s
[INFO]: TRAIN epoch: 16 loss: 0.2056, grad_norm: 0.42338305711746216, lr: 0.000938, time: 0.10s
[INFO]: TRAIN epoch: 16 loss: 0.2338, grad_norm: 0.6200013756752014, lr: 0.000938, time: 0.10s
[INFO]: TRAIN epoch: 16 loss: 0.1447, grad_norm: 0.2728060483932495, lr: 0.000938, time: 0.10s
[INFO]: TRAIN epoch: 16 loss: 0.0811, grad_norm: 0.22714395821094513, lr: 0.000938, time: 0.10s
[INFO]: TRAIN epoch: 16 loss: 0.0890, grad_norm: 0.2375313937664032, lr: 0.000938, time: 0.10s
[INFO]: TRAIN epoch: 16 loss: 0.2293, grad_norm: 0.4057772159576416, lr: 0.000938, time: 0.10s
[INFO]: TRAIN epoch: 16 loss: 0.2064, grad_norm: 0.3756723999977112, lr: 0.000938, time: 0.10s
[INFO]: TRAIN epoch: 16 loss: 0.1763, grad_norm: 0.2508978843688965, lr: 0.000938, time: 0.10s
[INFO]: TRAIN epoch: 16 loss: 0.1912, grad_norm: 0.29640641808509827, lr: 0.000938, time: 0.10s
[INFO]: TRAIN epoch: 16 loss: 0.0768, grad_norm: 0.19958561658859253, lr: 0.000938, time: 0.10s
[INFO]: TRAIN epoch: 16 loss: 0.2711, grad_norm: 0.3201446831226349, lr: 0.000938, time: 0.10s
[INFO]: TRAIN epoch: 16 loss: 0.1300, grad_norm: 0.33472782373428345, lr: 0.000938, time: 0.10s
[INFO]: TRAIN epoch: 16 loss: 0.0819, grad_norm: 0.19303715229034424, lr: 0.000938, time: 0.10s
[INFO]: TRAIN epoch: 16 loss: 0.0922, grad_norm: 0.22072556614875793, lr: 0.000938, time: 0.10s
[INFO]: TRAIN epoch: 16 loss: 0.1549, grad_norm: 0.25808990001678467, lr: 0.000938, time: 0.10s
[INFO]: TRAIN epoch: 16 loss: 0.0890, grad_norm: 0.27845636010169983, lr: 0.000938, time: 0.10s
[INFO]: TRAIN epoch: 16 loss: 0.2411, grad_norm: 0.34509700536727905, lr: 0.000938, time: 0.10s
[INFO]: TRAIN epoch: 16 loss: 0.1602, grad_norm: 0.27508971095085144, lr: 0.000938, time: 0.10s
[INFO]: TRAIN epoch: 16 loss: 0.2075, grad_norm: 0.4593513011932373, lr: 0.000938, time: 0.10s
[INFO]: TRAIN epoch: 16 loss: 0.1103, grad_norm: 0.2850762903690338, lr: 0.000938, time: 0.10s
[INFO]: TRAIN epoch: 16 loss: 0.3212, grad_norm: 0.29325583577156067, lr: 0.000938, time: 0.10s
[INFO]: TRAIN epoch: 16 loss: 0.3706, grad_norm: 0.4669119715690613, lr: 0.000938, time: 0.10s
[INFO]: TRAIN epoch: 16 loss: 0.1208, grad_norm: 0.3484353721141815, lr: 0.000938, time: 0.10s
[INFO]: TRAIN epoch: 16 loss: 0.0964, grad_norm: 0.3321952223777771, lr: 0.000938, time: 0.10s
[INFO]: TRAIN epoch: 16 loss: 0.1659, grad_norm: 0.2911871373653412, lr: 0.000938, time: 0.10s
[INFO]: TRAIN epoch: 16 loss: 0.1151, grad_norm: 0.31588834524154663, lr: 0.000938, time: 0.10s
[INFO]: TRAIN epoch: 16 loss: 0.0969, grad_norm: 0.27764692902565, lr: 0.000938, time: 0.10s
[INFO]: TRAIN epoch: 16 loss: 0.0789, grad_norm: 0.21027995645999908, lr: 0.000938, time: 0.10s
[INFO]: TRAIN epoch: 16 loss: 0.3343, grad_norm: 0.4064014256000519, lr: 0.000938, time: 0.10s
[INFO]: TRAIN epoch: 16 loss: 0.1533, grad_norm: 0.30865901708602905, lr: 0.000938, time: 0.10s
[INFO]: TRAIN epoch: 16 loss: 0.1518, grad_norm: 0.35173526406288147, lr: 0.000938, time: 0.10s
[INFO]: TRAIN epoch: 16 loss: 0.1823, grad_norm: 0.258233904838562, lr: 0.000938, time: 0.10s
[INFO]: TRAIN epoch: 16 loss: 0.2555, grad_norm: 0.33164089918136597, lr: 0.000938, time: 0.10s
[INFO]: TRAIN epoch: 16 loss: 0.5410, grad_norm: 0.4487757980823517, lr: 0.000938, time: 0.10s
[INFO]: TRAIN epoch: 16 loss: 0.0521, grad_norm: 0.16987985372543335, lr: 0.000938, time: 0.10s
[INFO]: TRAIN epoch: 16 loss: 0.0731, grad_norm: 0.19756795465946198, lr: 0.000938, time: 0.10s
[INFO]: TRAIN epoch: 16 loss: 0.1791, grad_norm: 0.33952105045318604, lr: 0.000938, time: 0.10s
[INFO]: TRAIN epoch: 16 loss: 0.1111, grad_norm: 0.2828086316585541, lr: 0.000938, time: 0.10s
[INFO]: TRAIN epoch: 16 loss: 0.1755, grad_norm: 0.5361325144767761, lr: 0.000938, time: 0.10s
[INFO]: TRAIN epoch: 16 loss: 0.0955, grad_norm: 0.2146749645471573, lr: 0.000938, time: 0.10s
[INFO]: TRAIN epoch: 16 loss: 0.1500, grad_norm: 0.29920509457588196, lr: 0.000938, time: 0.10s
[INFO]: TRAIN epoch: 16 loss: 0.0250, grad_norm: 0.09543013572692871, lr: 0.000938, time: 0.10s
[INFO]: TRAIN epoch: 16 loss: 0.1995, grad_norm: 0.38105419278144836, lr: 0.000938, time: 0.10s
[INFO]: TRAIN epoch: 16 loss: 0.0528, grad_norm: 0.1556597650051117, lr: 0.000938, time: 0.10s
[INFO]: TRAIN epoch: 16 loss: 0.1525, grad_norm: 0.4210776686668396, lr: 0.000938, time: 0.10s
[INFO]: TRAIN epoch: 16 loss: 0.1841, grad_norm: 0.2659960389137268, lr: 0.000938, time: 0.11s
[INFO]: TRAIN epoch: 16 loss: 0.1827, grad_norm: 0.43911615014076233, lr: 0.000938, time: 0.10s
[INFO]: TRAIN epoch: 16 loss: 0.2829, grad_norm: 0.5751521587371826, lr: 0.000938, time: 0.10s
[INFO]: TRAIN epoch: 16 loss: 0.0435, grad_norm: 0.1518397182226181, lr: 0.000938, time: 0.10s
[INFO]: TRAIN epoch: 16 loss: 0.1596, grad_norm: 0.32278525829315186, lr: 0.000938, time: 0.10s
[INFO]: TRAIN epoch: 16 loss: 0.0490, grad_norm: 0.12861992418766022, lr: 0.000938, time: 0.10s
[INFO]: TRAIN epoch: 16 loss: 0.2216, grad_norm: 0.2820975184440613, lr: 0.000938, time: 0.10s
[INFO]: TRAIN epoch: 16 loss: 0.0689, grad_norm: 0.2946788966655731, lr: 0.000938, time: 0.10s
[INFO]: TRAIN epoch: 16 loss: 0.2503, grad_norm: 0.5157971978187561, lr: 0.000938, time: 0.10s
[INFO]: TRAIN epoch: 16 loss: 0.1777, grad_norm: 0.4953262209892273, lr: 0.000938, time: 0.10s
[INFO]: TRAIN epoch: 16 loss: 0.2025, grad_norm: 0.541248619556427, lr: 0.000938, time: 0.10s
[INFO]: TRAIN epoch: 16 loss: 0.2456, grad_norm: 0.4360954463481903, lr: 0.000938, time: 0.11s
[INFO]: TRAIN epoch: 16 loss: 0.1736, grad_norm: 0.38344648480415344, lr: 0.000938, time: 0.10s
[INFO]: TRAIN epoch: 16 loss: 0.0456, grad_norm: 0.16733810305595398, lr: 0.000938, time: 0.10s
[INFO]: TRAIN epoch: 16 loss: 0.1299, grad_norm: 0.3419138491153717, lr: 0.000938, time: 0.11s
[INFO]: TRAIN epoch: 16 loss: 0.2139, grad_norm: 0.44542860984802246, lr: 0.000938, time: 0.10s
[INFO]: TRAIN epoch: 16 loss: 0.1650, grad_norm: 0.3492075204849243, lr: 0.000938, time: 0.10s
[INFO]: TRAIN epoch: 16 loss: 0.0963, grad_norm: 0.2288731187582016, lr: 0.000938, time: 0.10s
[INFO]: TRAIN epoch: 16 loss: 0.2416, grad_norm: 0.4138053059577942, lr: 0.000938, time: 0.10s
[INFO]: TRAIN epoch: 16 loss: 0.1367, grad_norm: 0.31256911158561707, lr: 0.000938, time: 0.10s
[INFO]: TRAIN epoch: 16 loss: 0.2205, grad_norm: 0.2615273594856262, lr: 0.000938, time: 0.10s
[INFO]: TRAIN epoch: 16 loss: 0.0816, grad_norm: 0.407375305891037, lr: 0.000938, time: 0.10s
[INFO]: TRAIN epoch: 16 loss: 0.3543, grad_norm: 0.3743908405303955, lr: 0.000938, time: 0.10s
[INFO]: TRAIN epoch: 16 loss: 0.2348, grad_norm: 0.5239456295967102, lr: 0.000938, time: 0.10s
[INFO]: TRAIN epoch: 16 loss: 0.1931, grad_norm: 0.2681470513343811, lr: 0.000938, time: 0.10s
[INFO]: TRAIN epoch: 16 loss: 0.0575, grad_norm: 0.18311707675457, lr: 0.000938, time: 0.11s
[INFO]: TRAIN epoch: 16 loss: 0.0531, grad_norm: 0.18872718513011932, lr: 0.000938, time: 0.10s
[INFO]: TRAIN epoch: 16 loss: 0.0275, grad_norm: 0.0873756930232048, lr: 0.000938, time: 0.10s
[INFO]: TRAIN epoch: 16 loss: 0.1743, grad_norm: 0.36879897117614746, lr: 0.000938, time: 0.10s
[INFO]: TRAIN epoch: 16 loss: 0.1165, grad_norm: 0.2477026879787445, lr: 0.000938, time: 0.10s
[INFO]: TRAIN epoch: 16 loss: 0.2087, grad_norm: 0.3793722093105316, lr: 0.000938, time: 0.10s
[INFO]: TRAIN epoch: 16 loss: 0.1660, grad_norm: 0.37635529041290283, lr: 0.000938, time: 0.10s
[INFO]: TRAIN epoch: 16 loss: 0.1152, grad_norm: 0.3862784206867218, lr: 0.000938, time: 0.10s
[INFO]: TRAIN epoch: 16 loss: 0.2030, grad_norm: 0.3500271141529083, lr: 0.000938, time: 0.10s
[INFO]: TRAIN epoch: 16 loss: 0.1751, grad_norm: 0.29369640350341797, lr: 0.000938, time: 0.10s
[INFO]: TRAIN epoch: 16 loss: 0.1972, grad_norm: 0.3490890860557556, lr: 0.000938, time: 0.10s
[INFO]: TRAIN epoch: 16 loss: 0.1981, grad_norm: 0.3159862756729126, lr: 0.000938, time: 0.10s
[INFO]: TRAIN epoch: 16 loss: 0.0872, grad_norm: 0.2653815746307373, lr: 0.000938, time: 0.10s
[INFO]: TRAIN epoch: 16 loss: 0.1385, grad_norm: 0.2745964825153351, lr: 0.000938, time: 0.11s
[INFO]: TRAIN epoch: 16 loss: 0.1372, grad_norm: 0.30605608224868774, lr: 0.000938, time: 0.10s
[INFO]: TRAIN epoch: 16 loss: 0.1871, grad_norm: 0.5720562934875488, lr: 0.000938, time: 0.10s
[INFO]: TRAIN epoch: 16 loss: 0.1801, grad_norm: 0.2806593179702759, lr: 0.000938, time: 0.10s
[INFO]: TRAIN epoch: 16 loss: 0.1656, grad_norm: 0.296204149723053, lr: 0.000938, time: 0.10s
[INFO]: TRAIN epoch: 16 loss: 0.2686, grad_norm: 0.41235989332199097, lr: 0.000938, time: 0.10s
[INFO]: TRAIN epoch: 16 loss: 0.1195, grad_norm: 0.3941423296928406, lr: 0.000938, time: 0.11s
[INFO]: TRAIN epoch: 16 loss: 0.0524, grad_norm: 0.17538876831531525, lr: 0.000938, time: 0.10s
[INFO]: TRAIN epoch: 16 loss: 0.0977, grad_norm: 0.3351823687553406, lr: 0.000938, time: 0.10s
[INFO]: TRAIN epoch: 16 loss: 0.1419, grad_norm: 0.2793222963809967, lr: 0.000938, time: 0.10s
[INFO]: TRAIN epoch: 16 loss: 0.1902, grad_norm: 0.34400618076324463, lr: 0.000938, time: 0.10s
[INFO]: TRAIN epoch: 16 loss: 0.2567, grad_norm: 0.34692278504371643, lr: 0.000938, time: 0.10s
[INFO]: TRAIN epoch: 16 loss: 0.0806, grad_norm: 0.2046942114830017, lr: 0.000938, time: 0.10s
[INFO]: TRAIN epoch: 16 loss: 0.2773, grad_norm: 0.30273064970970154, lr: 0.000938, time: 0.10s
[INFO]: TRAIN epoch: 16 loss: 0.2257, grad_norm: 0.33319708704948425, lr: 0.000938, time: 0.10s
[INFO]: TRAIN epoch: 16 loss: 0.2474, grad_norm: 0.5762320756912231, lr: 0.000938, time: 0.10s
[INFO]: TRAIN epoch: 16 loss: 0.0842, grad_norm: 0.25738200545310974, lr: 0.000938, time: 0.10s
[INFO]: TRAIN epoch: 16 loss: 0.1009, grad_norm: 0.22901548445224762, lr: 0.000938, time: 0.10s
[INFO]: TRAIN epoch: 16 loss: 0.1878, grad_norm: 0.3974655866622925, lr: 0.000938, time: 0.10s
[INFO]: TRAIN epoch: 16 loss: 0.1615, grad_norm: 0.27165713906288147, lr: 0.000938, time: 0.10s
[INFO]: TRAIN epoch: 16 loss: 0.0787, grad_norm: 0.2727730870246887, lr: 0.000938, time: 0.10s
[INFO]: TRAIN epoch: 16 loss: 0.4413, grad_norm: 0.4036960005760193, lr: 0.000938, time: 0.10s
[INFO]: TRAIN epoch: 16 loss: 0.1846, grad_norm: 0.40256965160369873, lr: 0.000938, time: 0.10s
[INFO]: TRAIN epoch: 16 loss: 0.0739, grad_norm: 0.2535417079925537, lr: 0.000938, time: 0.10s
[INFO]: TRAIN epoch: 16 loss: 0.1409, grad_norm: 0.49158674478530884, lr: 0.000938, time: 0.10s
[INFO]: TRAIN epoch: 16 loss: 0.4346, grad_norm: 0.5495142936706543, lr: 0.000938, time: 0.10s
[INFO]: TRAIN epoch: 16 loss: 0.1772, grad_norm: 0.4503445625305176, lr: 0.000938, time: 0.10s
[INFO]: TRAIN epoch: 16 loss: 0.5649, grad_norm: 0.35797107219696045, lr: 0.000938, time: 0.10s
[INFO]: TRAIN epoch: 16 loss: 0.0751, grad_norm: 0.19534112513065338, lr: 0.000938, time: 0.10s
[INFO]: TRAIN epoch: 16 loss: 0.2837, grad_norm: 0.4192653000354767, lr: 0.000938, time: 0.10s
[INFO]: TRAIN epoch: 16 loss: 0.0799, grad_norm: 0.24127109348773956, lr: 0.000938, time: 0.10s
[INFO]: TRAIN epoch: 16 loss: 0.0846, grad_norm: 0.406471312046051, lr: 0.000938, time: 0.10s
[INFO]: TRAIN epoch: 16 loss: 0.0509, grad_norm: 0.2078491896390915, lr: 0.000938, time: 0.10s
[INFO]: TRAIN epoch: 16 loss: 0.1300, grad_norm: 0.3224605917930603, lr: 0.000938, time: 0.10s
[INFO]: TRAIN epoch: 16 loss: 0.2381, grad_norm: 0.2951236069202423, lr: 0.000938, time: 0.10s
[INFO]: TRAIN epoch: 16 loss: 0.0396, grad_norm: 0.1591976135969162, lr: 0.000938, time: 0.10s
[INFO]: TRAIN epoch: 16 loss: 0.1425, grad_norm: 0.320198118686676, lr: 0.000938, time: 0.10s
[INFO]: TRAIN epoch: 16 loss: 0.2523, grad_norm: 0.3800373375415802, lr: 0.000938, time: 0.11s
[INFO]: TRAIN epoch: 16 loss: 0.0547, grad_norm: 0.16236095130443573, lr: 0.000938, time: 0.11s
[INFO]: TRAIN epoch: 16 loss: 0.0477, grad_norm: 0.1599891632795334, lr: 0.000938, time: 0.10s
[INFO]: TRAIN epoch: 16 loss: 0.1963, grad_norm: 0.45981425046920776, lr: 0.000938, time: 0.10s
[INFO]: TRAIN epoch: 16 loss: 0.0882, grad_norm: 0.48245251178741455, lr: 0.000938, time: 0.10s
[INFO]: TRAIN epoch: 16 loss: 0.0816, grad_norm: 0.23114322125911713, lr: 0.000938, time: 0.10s
[INFO]: TRAIN epoch summary: 16 loss: 0.1709
[INFO]: VALIDATION epoch: 16 loss: 0.3050
[INFO]: TRAIN epoch: 17 loss: 0.2461, grad_norm: 0.3422684073448181, lr: 0.000930, time: 0.12s
[INFO]: TRAIN epoch: 17 loss: 0.0919, grad_norm: 0.19005221128463745, lr: 0.000930, time: 0.10s
[INFO]: TRAIN epoch: 17 loss: 0.2136, grad_norm: 0.2617740035057068, lr: 0.000930, time: 0.10s
[INFO]: TRAIN epoch: 17 loss: 0.0934, grad_norm: 0.23208323121070862, lr: 0.000930, time: 0.10s
[INFO]: TRAIN epoch: 17 loss: 0.1871, grad_norm: 0.4224335551261902, lr: 0.000930, time: 0.10s
[INFO]: TRAIN epoch: 17 loss: 0.0644, grad_norm: 0.22643326222896576, lr: 0.000930, time: 0.10s
[INFO]: TRAIN epoch: 17 loss: 0.2344, grad_norm: 0.3352208137512207, lr: 0.000930, time: 0.10s
[INFO]: TRAIN epoch: 17 loss: 0.1572, grad_norm: 0.2568095624446869, lr: 0.000930, time: 0.10s
[INFO]: TRAIN epoch: 17 loss: 0.2102, grad_norm: 0.2720104157924652, lr: 0.000930, time: 0.11s
[INFO]: TRAIN epoch: 17 loss: 0.0735, grad_norm: 0.20621277391910553, lr: 0.000930, time: 0.10s
[INFO]: TRAIN epoch: 17 loss: 0.2072, grad_norm: 0.3184870183467865, lr: 0.000930, time: 0.10s
[INFO]: TRAIN epoch: 17 loss: 0.0361, grad_norm: 0.15483273565769196, lr: 0.000930, time: 0.10s
[INFO]: TRAIN epoch: 17 loss: 0.2283, grad_norm: 0.2847020626068115, lr: 0.000930, time: 0.10s
[INFO]: TRAIN epoch: 17 loss: 0.1288, grad_norm: 0.28279969096183777, lr: 0.000930, time: 0.10s
[INFO]: TRAIN epoch: 17 loss: 0.1222, grad_norm: 0.23513592779636383, lr: 0.000930, time: 0.10s
[INFO]: TRAIN epoch: 17 loss: 0.0674, grad_norm: 0.22175969183444977, lr: 0.000930, time: 0.10s
[INFO]: TRAIN epoch: 17 loss: 0.0578, grad_norm: 0.30576860904693604, lr: 0.000930, time: 0.10s
[INFO]: TRAIN epoch: 17 loss: 0.0494, grad_norm: 0.1499471813440323, lr: 0.000930, time: 0.10s
[INFO]: TRAIN epoch: 17 loss: 0.1217, grad_norm: 0.3389815092086792, lr: 0.000930, time: 0.10s
[INFO]: TRAIN epoch: 17 loss: 0.0593, grad_norm: 0.16007037460803986, lr: 0.000930, time: 0.10s
[INFO]: TRAIN epoch: 17 loss: 0.1262, grad_norm: 0.31003135442733765, lr: 0.000930, time: 0.10s
[INFO]: TRAIN epoch: 17 loss: 0.0692, grad_norm: 0.2936094105243683, lr: 0.000930, time: 0.10s
[INFO]: TRAIN epoch: 17 loss: 0.1356, grad_norm: 0.4219382405281067, lr: 0.000930, time: 0.10s
[INFO]: TRAIN epoch: 17 loss: 0.0668, grad_norm: 0.3122495710849762, lr: 0.000930, time: 0.10s
[INFO]: TRAIN epoch: 17 loss: 0.0752, grad_norm: 0.1409655660390854, lr: 0.000930, time: 0.11s
[INFO]: TRAIN epoch: 17 loss: 0.2205, grad_norm: 0.32751768827438354, lr: 0.000930, time: 0.10s
[INFO]: TRAIN epoch: 17 loss: 0.0755, grad_norm: 0.2439819723367691, lr: 0.000930, time: 0.10s
[INFO]: TRAIN epoch: 17 loss: 0.3019, grad_norm: 0.330324649810791, lr: 0.000930, time: 0.10s
[INFO]: TRAIN epoch: 17 loss: 0.1585, grad_norm: 0.23078833520412445, lr: 0.000930, time: 0.10s
[INFO]: TRAIN epoch: 17 loss: 0.2265, grad_norm: 0.35640600323677063, lr: 0.000930, time: 0.10s
[INFO]: TRAIN epoch: 17 loss: 0.0268, grad_norm: 0.11277522146701813, lr: 0.000930, time: 0.10s
[INFO]: TRAIN epoch: 17 loss: 0.0779, grad_norm: 0.252845823764801, lr: 0.000930, time: 0.10s
[INFO]: TRAIN epoch: 17 loss: 0.2189, grad_norm: 0.3870030641555786, lr: 0.000930, time: 0.10s
[INFO]: TRAIN epoch: 17 loss: 0.1272, grad_norm: 0.3219989538192749, lr: 0.000930, time: 0.10s
[INFO]: TRAIN epoch: 17 loss: 0.1627, grad_norm: 0.32961374521255493, lr: 0.000930, time: 0.10s
[INFO]: TRAIN epoch: 17 loss: 0.1110, grad_norm: 0.2344946265220642, lr: 0.000930, time: 0.10s
[INFO]: TRAIN epoch: 17 loss: 0.0759, grad_norm: 0.19140878319740295, lr: 0.000930, time: 0.10s
[INFO]: TRAIN epoch: 17 loss: 0.0736, grad_norm: 0.22658975422382355, lr: 0.000930, time: 0.10s
[INFO]: TRAIN epoch: 17 loss: 0.1189, grad_norm: 0.2610280215740204, lr: 0.000930, time: 0.10s
[INFO]: TRAIN epoch: 17 loss: 0.0871, grad_norm: 0.24984170496463776, lr: 0.000930, time: 0.10s
[INFO]: TRAIN epoch: 17 loss: 0.1001, grad_norm: 0.28429242968559265, lr: 0.000930, time: 0.10s
[INFO]: TRAIN epoch: 17 loss: 0.0833, grad_norm: 0.22784166038036346, lr: 0.000930, time: 0.10s
[INFO]: TRAIN epoch: 17 loss: 0.0926, grad_norm: 0.2924468219280243, lr: 0.000930, time: 0.10s
[INFO]: TRAIN epoch: 17 loss: 0.0573, grad_norm: 0.17371609807014465, lr: 0.000930, time: 0.10s
[INFO]: TRAIN epoch: 17 loss: 0.0803, grad_norm: 0.28270769119262695, lr: 0.000930, time: 0.10s
[INFO]: TRAIN epoch: 17 loss: 0.1538, grad_norm: 0.35360631346702576, lr: 0.000930, time: 0.10s
[INFO]: TRAIN epoch: 17 loss: 0.1614, grad_norm: 0.29870450496673584, lr: 0.000930, time: 0.10s
[INFO]: TRAIN epoch: 17 loss: 0.0805, grad_norm: 0.22065843641757965, lr: 0.000930, time: 0.10s
[INFO]: TRAIN epoch: 17 loss: 0.1506, grad_norm: 0.3561270236968994, lr: 0.000930, time: 0.10s
[INFO]: TRAIN epoch: 17 loss: 0.0780, grad_norm: 0.24637089669704437, lr: 0.000930, time: 0.10s
[INFO]: TRAIN epoch: 17 loss: 0.1275, grad_norm: 0.40378519892692566, lr: 0.000930, time: 0.10s
[INFO]: TRAIN epoch: 17 loss: 0.0944, grad_norm: 0.2722964882850647, lr: 0.000930, time: 0.10s
[INFO]: TRAIN epoch: 17 loss: 0.2970, grad_norm: 0.31144341826438904, lr: 0.000930, time: 0.10s
[INFO]: TRAIN epoch: 17 loss: 0.1068, grad_norm: 0.27417466044425964, lr: 0.000930, time: 0.10s
[INFO]: TRAIN epoch: 17 loss: 0.1232, grad_norm: 0.3133181929588318, lr: 0.000930, time: 0.10s
[INFO]: TRAIN epoch: 17 loss: 0.0735, grad_norm: 0.18199557065963745, lr: 0.000930, time: 0.10s
[INFO]: TRAIN epoch: 17 loss: 0.0610, grad_norm: 0.13002081215381622, lr: 0.000930, time: 0.10s
[INFO]: TRAIN epoch: 17 loss: 0.0647, grad_norm: 0.19311770796775818, lr: 0.000930, time: 0.10s
[INFO]: TRAIN epoch: 17 loss: 0.3290, grad_norm: 0.3798165023326874, lr: 0.000930, time: 0.10s
[INFO]: TRAIN epoch: 17 loss: 0.2286, grad_norm: 0.394937127828598, lr: 0.000930, time: 0.10s
[INFO]: TRAIN epoch: 17 loss: 0.2157, grad_norm: 0.49265941977500916, lr: 0.000930, time: 0.10s
[INFO]: TRAIN epoch: 17 loss: 0.2383, grad_norm: 0.4520305097103119, lr: 0.000930, time: 0.10s
[INFO]: TRAIN epoch: 17 loss: 0.0849, grad_norm: 0.20740589499473572, lr: 0.000930, time: 0.11s
[INFO]: TRAIN epoch: 17 loss: 0.1419, grad_norm: 0.3127415180206299, lr: 0.000930, time: 0.10s
[INFO]: TRAIN epoch: 17 loss: 0.0450, grad_norm: 0.1955658495426178, lr: 0.000930, time: 0.10s
[INFO]: TRAIN epoch: 17 loss: 0.0544, grad_norm: 0.18232369422912598, lr: 0.000930, time: 0.10s
[INFO]: TRAIN epoch: 17 loss: 0.0844, grad_norm: 0.24814888834953308, lr: 0.000930, time: 0.10s
[INFO]: TRAIN epoch: 17 loss: 0.2093, grad_norm: 0.6380722522735596, lr: 0.000930, time: 0.11s
[INFO]: TRAIN epoch: 17 loss: 0.1796, grad_norm: 0.2950972020626068, lr: 0.000930, time: 0.10s
[INFO]: TRAIN epoch: 17 loss: 0.0956, grad_norm: 0.2786463499069214, lr: 0.000930, time: 0.10s
[INFO]: TRAIN epoch: 17 loss: 0.1238, grad_norm: 0.24242861568927765, lr: 0.000930, time: 0.11s
[INFO]: TRAIN epoch: 17 loss: 0.0701, grad_norm: 0.2813076972961426, lr: 0.000930, time: 0.10s
[INFO]: TRAIN epoch: 17 loss: 0.2095, grad_norm: 0.28748613595962524, lr: 0.000930, time: 0.11s
[INFO]: TRAIN epoch: 17 loss: 0.1251, grad_norm: 0.27189305424690247, lr: 0.000930, time: 0.10s
[INFO]: TRAIN epoch: 17 loss: 0.0824, grad_norm: 0.24725796282291412, lr: 0.000930, time: 0.10s
[INFO]: TRAIN epoch: 17 loss: 0.1305, grad_norm: 0.2703889012336731, lr: 0.000930, time: 0.10s
[INFO]: TRAIN epoch: 17 loss: 0.1355, grad_norm: 0.2460256665945053, lr: 0.000930, time: 0.10s
[INFO]: TRAIN epoch: 17 loss: 0.1372, grad_norm: 0.3274373710155487, lr: 0.000930, time: 0.10s
[INFO]: TRAIN epoch: 17 loss: 0.1423, grad_norm: 0.3079144060611725, lr: 0.000930, time: 0.10s
[INFO]: TRAIN epoch: 17 loss: 0.1603, grad_norm: 0.3342805802822113, lr: 0.000930, time: 0.10s
[INFO]: TRAIN epoch: 17 loss: 0.0431, grad_norm: 0.14101701974868774, lr: 0.000930, time: 0.10s
[INFO]: TRAIN epoch: 17 loss: 0.0744, grad_norm: 0.19994685053825378, lr: 0.000930, time: 0.10s
[INFO]: TRAIN epoch: 17 loss: 0.1738, grad_norm: 0.37454208731651306, lr: 0.000930, time: 0.10s
[INFO]: TRAIN epoch: 17 loss: 0.2581, grad_norm: 0.4517954885959625, lr: 0.000930, time: 0.10s
[INFO]: TRAIN epoch: 17 loss: 0.1356, grad_norm: 0.23285670578479767, lr: 0.000930, time: 0.10s
[INFO]: TRAIN epoch: 17 loss: 0.2037, grad_norm: 0.30919933319091797, lr: 0.000930, time: 0.10s
[INFO]: TRAIN epoch: 17 loss: 0.1538, grad_norm: 0.33647146821022034, lr: 0.000930, time: 0.10s
[INFO]: TRAIN epoch: 17 loss: 0.1754, grad_norm: 0.3409966826438904, lr: 0.000930, time: 0.10s
[INFO]: TRAIN epoch: 17 loss: 0.1380, grad_norm: 0.30978208780288696, lr: 0.000930, time: 0.10s
[INFO]: TRAIN epoch: 17 loss: 0.0720, grad_norm: 0.20680958032608032, lr: 0.000930, time: 0.10s
[INFO]: TRAIN epoch: 17 loss: 0.0975, grad_norm: 0.2543223202228546, lr: 0.000930, time: 0.10s
[INFO]: TRAIN epoch: 17 loss: 0.1076, grad_norm: 0.24190835654735565, lr: 0.000930, time: 0.10s
[INFO]: TRAIN epoch: 17 loss: 0.1702, grad_norm: 0.3054441213607788, lr: 0.000930, time: 0.10s
[INFO]: TRAIN epoch: 17 loss: 0.2154, grad_norm: 0.31898218393325806, lr: 0.000930, time: 0.11s
[INFO]: TRAIN epoch: 17 loss: 0.1892, grad_norm: 0.3198123574256897, lr: 0.000930, time: 0.10s
[INFO]: TRAIN epoch: 17 loss: 0.1388, grad_norm: 0.32687023282051086, lr: 0.000930, time: 0.10s
[INFO]: TRAIN epoch: 17 loss: 0.1020, grad_norm: 0.2884751558303833, lr: 0.000930, time: 0.10s
[INFO]: TRAIN epoch: 17 loss: 0.3158, grad_norm: 0.46561399102211, lr: 0.000930, time: 0.10s
[INFO]: TRAIN epoch: 17 loss: 0.4789, grad_norm: 0.3465443551540375, lr: 0.000930, time: 0.10s
[INFO]: TRAIN epoch: 17 loss: 0.2550, grad_norm: 0.39056891202926636, lr: 0.000930, time: 0.10s
[INFO]: TRAIN epoch: 17 loss: 0.1353, grad_norm: 0.3082491159439087, lr: 0.000930, time: 0.11s
[INFO]: TRAIN epoch: 17 loss: 0.3856, grad_norm: 0.3819415867328644, lr: 0.000930, time: 0.11s
[INFO]: TRAIN epoch: 17 loss: 0.1031, grad_norm: 0.2589169144630432, lr: 0.000930, time: 0.10s
[INFO]: TRAIN epoch: 17 loss: 0.1961, grad_norm: 0.37993693351745605, lr: 0.000930, time: 0.10s
[INFO]: TRAIN epoch: 17 loss: 0.1724, grad_norm: 0.3751648962497711, lr: 0.000930, time: 0.10s
[INFO]: TRAIN epoch: 17 loss: 0.0661, grad_norm: 0.23305416107177734, lr: 0.000930, time: 0.10s
[INFO]: TRAIN epoch: 17 loss: 0.5295, grad_norm: 0.4171116352081299, lr: 0.000930, time: 0.10s
[INFO]: TRAIN epoch: 17 loss: 0.0581, grad_norm: 0.20361469686031342, lr: 0.000930, time: 0.10s
[INFO]: TRAIN epoch: 17 loss: 0.2801, grad_norm: 0.36285337805747986, lr: 0.000930, time: 0.10s
[INFO]: TRAIN epoch: 17 loss: 0.1511, grad_norm: 0.29192495346069336, lr: 0.000930, time: 0.10s
[INFO]: TRAIN epoch: 17 loss: 0.1128, grad_norm: 0.39182955026626587, lr: 0.000930, time: 0.10s
[INFO]: TRAIN epoch: 17 loss: 0.0700, grad_norm: 0.20126445591449738, lr: 0.000930, time: 0.10s
[INFO]: TRAIN epoch: 17 loss: 0.0509, grad_norm: 0.17181150615215302, lr: 0.000930, time: 0.10s
[INFO]: TRAIN epoch: 17 loss: 0.2125, grad_norm: 0.32562583684921265, lr: 0.000930, time: 0.11s
[INFO]: TRAIN epoch: 17 loss: 0.1893, grad_norm: 0.3838661313056946, lr: 0.000930, time: 0.10s
[INFO]: TRAIN epoch: 17 loss: 0.1209, grad_norm: 0.4644588530063629, lr: 0.000930, time: 0.10s
[INFO]: TRAIN epoch: 17 loss: 0.2546, grad_norm: 0.4087425470352173, lr: 0.000930, time: 0.11s
[INFO]: TRAIN epoch: 17 loss: 0.1170, grad_norm: 0.3287774920463562, lr: 0.000930, time: 0.10s
[INFO]: TRAIN epoch: 17 loss: 0.2162, grad_norm: 0.38045254349708557, lr: 0.000930, time: 0.10s
[INFO]: TRAIN epoch: 17 loss: 0.0948, grad_norm: 0.28514331579208374, lr: 0.000930, time: 0.10s
[INFO]: TRAIN epoch: 17 loss: 0.3015, grad_norm: 0.38868728280067444, lr: 0.000930, time: 0.10s
[INFO]: TRAIN epoch: 17 loss: 0.1027, grad_norm: 0.2616423964500427, lr: 0.000930, time: 0.10s
[INFO]: TRAIN epoch: 17 loss: 0.1528, grad_norm: 0.4773061275482178, lr: 0.000930, time: 0.10s
[INFO]: TRAIN epoch: 17 loss: 0.1056, grad_norm: 0.3214520514011383, lr: 0.000930, time: 0.10s
[INFO]: TRAIN epoch: 17 loss: 0.1868, grad_norm: 0.35505515336990356, lr: 0.000930, time: 0.11s
[INFO]: TRAIN epoch: 17 loss: 0.4312, grad_norm: 0.49416959285736084, lr: 0.000930, time: 0.10s
[INFO]: TRAIN epoch: 17 loss: 0.0911, grad_norm: 0.19549453258514404, lr: 0.000930, time: 0.10s
[INFO]: TRAIN epoch: 17 loss: 0.1861, grad_norm: 0.47065049409866333, lr: 0.000930, time: 0.10s
[INFO]: TRAIN epoch: 17 loss: 0.0742, grad_norm: 0.23206421732902527, lr: 0.000930, time: 0.10s
[INFO]: TRAIN epoch: 17 loss: 0.0872, grad_norm: 0.2175358235836029, lr: 0.000930, time: 0.10s
[INFO]: TRAIN epoch: 17 loss: 0.1498, grad_norm: 0.40676575899124146, lr: 0.000930, time: 0.10s
[INFO]: TRAIN epoch: 17 loss: 0.1497, grad_norm: 0.5432319045066833, lr: 0.000930, time: 0.11s
[INFO]: TRAIN epoch: 17 loss: 0.2347, grad_norm: 0.35877999663352966, lr: 0.000930, time: 0.10s
[INFO]: TRAIN epoch: 17 loss: 0.0924, grad_norm: 0.24431419372558594, lr: 0.000930, time: 0.10s
[INFO]: TRAIN epoch: 17 loss: 0.1937, grad_norm: 0.318463534116745, lr: 0.000930, time: 0.10s
[INFO]: TRAIN epoch: 17 loss: 0.0786, grad_norm: 0.21247997879981995, lr: 0.000930, time: 0.10s
[INFO]: TRAIN epoch: 17 loss: 0.1594, grad_norm: 0.36021918058395386, lr: 0.000930, time: 0.10s
[INFO]: TRAIN epoch: 17 loss: 0.0398, grad_norm: 0.12051429599523544, lr: 0.000930, time: 0.10s
[INFO]: TRAIN epoch: 17 loss: 0.0669, grad_norm: 0.5539683103561401, lr: 0.000930, time: 0.10s
[INFO]: TRAIN epoch: 17 loss: 0.0846, grad_norm: 0.32516732811927795, lr: 0.000930, time: 0.10s
[INFO]: TRAIN epoch: 17 loss: 0.0983, grad_norm: 0.20985716581344604, lr: 0.000930, time: 0.10s
[INFO]: TRAIN epoch: 17 loss: 0.2202, grad_norm: 0.5871437191963196, lr: 0.000930, time: 0.11s
[INFO]: TRAIN epoch: 17 loss: 0.2026, grad_norm: 0.3374004364013672, lr: 0.000930, time: 0.10s
[INFO]: TRAIN epoch: 17 loss: 0.1182, grad_norm: 0.2745763659477234, lr: 0.000930, time: 0.10s
[INFO]: TRAIN epoch: 17 loss: 0.1975, grad_norm: 0.6133024096488953, lr: 0.000930, time: 0.10s
[INFO]: TRAIN epoch: 17 loss: 0.1142, grad_norm: 0.34825700521469116, lr: 0.000930, time: 0.11s
[INFO]: TRAIN epoch: 17 loss: 0.2487, grad_norm: 0.3656589090824127, lr: 0.000930, time: 0.10s
[INFO]: TRAIN epoch: 17 loss: 0.0634, grad_norm: 0.15986381471157074, lr: 0.000930, time: 0.10s
[INFO]: TRAIN epoch: 17 loss: 0.1101, grad_norm: 0.3054136633872986, lr: 0.000930, time: 0.10s
[INFO]: TRAIN epoch: 17 loss: 0.0809, grad_norm: 0.21070240437984467, lr: 0.000930, time: 0.11s
[INFO]: TRAIN epoch: 17 loss: 0.1740, grad_norm: 0.3128375709056854, lr: 0.000930, time: 0.10s
[INFO]: TRAIN epoch: 17 loss: 0.0666, grad_norm: 0.18424412608146667, lr: 0.000930, time: 0.10s
[INFO]: TRAIN epoch: 17 loss: 0.0746, grad_norm: 0.18334458768367767, lr: 0.000930, time: 0.10s
[INFO]: TRAIN epoch: 17 loss: 0.1608, grad_norm: 0.3217775225639343, lr: 0.000930, time: 0.10s
[INFO]: TRAIN epoch: 17 loss: 0.1679, grad_norm: 0.42326948046684265, lr: 0.000930, time: 0.10s
[INFO]: TRAIN epoch: 17 loss: 0.1570, grad_norm: 0.3163250684738159, lr: 0.000930, time: 0.10s
[INFO]: TRAIN epoch: 17 loss: 0.1195, grad_norm: 0.2693852186203003, lr: 0.000930, time: 0.10s
[INFO]: TRAIN epoch: 17 loss: 0.1216, grad_norm: 0.29223063588142395, lr: 0.000930, time: 0.10s
[INFO]: TRAIN epoch: 17 loss: 0.2783, grad_norm: 0.6613080501556396, lr: 0.000930, time: 0.10s
[INFO]: TRAIN epoch: 17 loss: 0.0823, grad_norm: 0.2792907953262329, lr: 0.000930, time: 0.10s
[INFO]: TRAIN epoch: 17 loss: 0.0853, grad_norm: 0.5110592246055603, lr: 0.000930, time: 0.10s
[INFO]: TRAIN epoch: 17 loss: 0.0841, grad_norm: 0.19818265736103058, lr: 0.000930, time: 0.11s
[INFO]: TRAIN epoch: 17 loss: 0.1284, grad_norm: 0.16973291337490082, lr: 0.000930, time: 0.10s
[INFO]: TRAIN epoch: 17 loss: 0.0995, grad_norm: 0.28937670588493347, lr: 0.000930, time: 0.10s
[INFO]: TRAIN epoch: 17 loss: 0.4166, grad_norm: 0.3875635266304016, lr: 0.000930, time: 0.10s
[INFO]: TRAIN epoch: 17 loss: 0.0530, grad_norm: 0.18163859844207764, lr: 0.000930, time: 0.10s
[INFO]: TRAIN epoch: 17 loss: 0.0946, grad_norm: 0.23381927609443665, lr: 0.000930, time: 0.10s
[INFO]: TRAIN epoch: 17 loss: 0.1062, grad_norm: 0.47690218687057495, lr: 0.000930, time: 0.10s
[INFO]: TRAIN epoch: 17 loss: 0.0982, grad_norm: 0.48341700434684753, lr: 0.000930, time: 0.10s
[INFO]: TRAIN epoch: 17 loss: 0.0783, grad_norm: 0.2601671814918518, lr: 0.000930, time: 0.10s
[INFO]: TRAIN epoch: 17 loss: 0.0501, grad_norm: 0.17423342168331146, lr: 0.000930, time: 0.11s
[INFO]: TRAIN epoch: 17 loss: 0.3036, grad_norm: 0.45062437653541565, lr: 0.000930, time: 0.10s
[INFO]: TRAIN epoch: 17 loss: 0.1184, grad_norm: 0.23245596885681152, lr: 0.000930, time: 0.10s
[INFO]: TRAIN epoch: 17 loss: 0.1311, grad_norm: 0.2929205298423767, lr: 0.000930, time: 0.11s
[INFO]: TRAIN epoch: 17 loss: 0.1379, grad_norm: 0.4130246639251709, lr: 0.000930, time: 0.10s
[INFO]: TRAIN epoch: 17 loss: 0.1158, grad_norm: 0.34672361612319946, lr: 0.000930, time: 0.10s
[INFO]: TRAIN epoch: 17 loss: 0.0780, grad_norm: 0.17725998163223267, lr: 0.000930, time: 0.11s
[INFO]: TRAIN epoch: 17 loss: 0.2150, grad_norm: 0.37497490644454956, lr: 0.000930, time: 0.10s
[INFO]: TRAIN epoch: 17 loss: 0.1366, grad_norm: 0.2924139201641083, lr: 0.000930, time: 0.10s
[INFO]: TRAIN epoch: 17 loss: 0.1543, grad_norm: 0.46009039878845215, lr: 0.000930, time: 0.10s
[INFO]: TRAIN epoch: 17 loss: 0.2098, grad_norm: 0.507352888584137, lr: 0.000930, time: 0.10s
[INFO]: TRAIN epoch: 17 loss: 0.1652, grad_norm: 0.29204219579696655, lr: 0.000930, time: 0.10s
[INFO]: TRAIN epoch: 17 loss: 0.0561, grad_norm: 0.15032292902469635, lr: 0.000930, time: 0.10s
[INFO]: TRAIN epoch: 17 loss: 0.1941, grad_norm: 0.3808915317058563, lr: 0.000930, time: 0.10s
[INFO]: TRAIN epoch: 17 loss: 0.2102, grad_norm: 0.3084050714969635, lr: 0.000930, time: 0.10s
[INFO]: TRAIN epoch: 17 loss: 0.2826, grad_norm: 0.407659113407135, lr: 0.000930, time: 0.10s
[INFO]: TRAIN epoch: 17 loss: 0.0926, grad_norm: 0.2163858413696289, lr: 0.000930, time: 0.10s
[INFO]: TRAIN epoch: 17 loss: 0.2945, grad_norm: 0.3685515224933624, lr: 0.000930, time: 0.10s
[INFO]: TRAIN epoch: 17 loss: 0.2148, grad_norm: 0.473490446805954, lr: 0.000930, time: 0.10s
[INFO]: TRAIN epoch: 17 loss: 0.2099, grad_norm: 0.31200891733169556, lr: 0.000930, time: 0.10s
[INFO]: TRAIN epoch: 17 loss: 0.0768, grad_norm: 0.23205749690532684, lr: 0.000930, time: 0.10s
[INFO]: TRAIN epoch: 17 loss: 0.0520, grad_norm: 0.160342276096344, lr: 0.000930, time: 0.11s
[INFO]: TRAIN epoch: 17 loss: 0.1973, grad_norm: 0.2697429656982422, lr: 0.000930, time: 0.10s
[INFO]: TRAIN epoch: 17 loss: 0.0630, grad_norm: 0.1817992925643921, lr: 0.000930, time: 0.10s
[INFO]: TRAIN epoch: 17 loss: 0.1407, grad_norm: 0.2666749954223633, lr: 0.000930, time: 0.10s
[INFO]: TRAIN epoch: 17 loss: 0.1069, grad_norm: 0.2509234845638275, lr: 0.000930, time: 0.10s
[INFO]: TRAIN epoch: 17 loss: 0.1374, grad_norm: 0.36789071559906006, lr: 0.000930, time: 0.10s
[INFO]: TRAIN epoch: 17 loss: 0.1188, grad_norm: 0.28063005208969116, lr: 0.000930, time: 0.10s
[INFO]: TRAIN epoch: 17 loss: 0.0834, grad_norm: 0.23329055309295654, lr: 0.000930, time: 0.10s
[INFO]: TRAIN epoch: 17 loss: 0.3731, grad_norm: 0.38353192806243896, lr: 0.000930, time: 0.10s
[INFO]: TRAIN epoch: 17 loss: 0.3365, grad_norm: 0.3506399393081665, lr: 0.000930, time: 0.11s
[INFO]: TRAIN epoch: 17 loss: 0.0428, grad_norm: 0.14832474291324615, lr: 0.000930, time: 0.10s
[INFO]: TRAIN epoch: 17 loss: 0.3205, grad_norm: 0.4535653591156006, lr: 0.000930, time: 0.11s
[INFO]: TRAIN epoch: 17 loss: 0.1626, grad_norm: 0.3056807219982147, lr: 0.000930, time: 0.10s
[INFO]: TRAIN epoch: 17 loss: 0.2235, grad_norm: 0.677310585975647, lr: 0.000930, time: 0.10s
[INFO]: TRAIN epoch: 17 loss: 0.2463, grad_norm: 0.32534220814704895, lr: 0.000930, time: 0.11s
[INFO]: TRAIN epoch: 17 loss: 0.1397, grad_norm: 0.4392816126346588, lr: 0.000930, time: 0.10s
[INFO]: TRAIN epoch: 17 loss: 0.1044, grad_norm: 0.260033518075943, lr: 0.000930, time: 0.10s
[INFO]: TRAIN epoch: 17 loss: 0.0430, grad_norm: 0.14774096012115479, lr: 0.000930, time: 0.10s
[INFO]: TRAIN epoch: 17 loss: 0.0529, grad_norm: 0.18887972831726074, lr: 0.000930, time: 0.10s
[INFO]: TRAIN epoch: 17 loss: 0.0805, grad_norm: 0.17996878921985626, lr: 0.000930, time: 0.11s
[INFO]: TRAIN epoch: 17 loss: 0.1525, grad_norm: 0.3704613745212555, lr: 0.000930, time: 0.10s
[INFO]: TRAIN epoch: 17 loss: 0.1230, grad_norm: 0.20052964985370636, lr: 0.000930, time: 0.10s
[INFO]: TRAIN epoch: 17 loss: 0.1445, grad_norm: 0.33275067806243896, lr: 0.000930, time: 0.10s
[INFO]: TRAIN epoch: 17 loss: 0.2032, grad_norm: 0.3373130261898041, lr: 0.000930, time: 0.10s
[INFO]: TRAIN epoch: 17 loss: 0.1020, grad_norm: 0.3081304728984833, lr: 0.000930, time: 0.10s
[INFO]: TRAIN epoch: 17 loss: 0.1792, grad_norm: 0.43192824721336365, lr: 0.000930, time: 0.10s
[INFO]: TRAIN epoch: 17 loss: 0.2178, grad_norm: 0.47064149379730225, lr: 0.000930, time: 0.10s
[INFO]: TRAIN epoch: 17 loss: 0.0490, grad_norm: 0.15256159007549286, lr: 0.000930, time: 0.11s
[INFO]: TRAIN epoch: 17 loss: 0.1432, grad_norm: 0.27884626388549805, lr: 0.000930, time: 0.10s
[INFO]: TRAIN epoch: 17 loss: 0.1631, grad_norm: 0.42934152483940125, lr: 0.000930, time: 0.10s
[INFO]: TRAIN epoch: 17 loss: 0.0994, grad_norm: 0.21735380589962006, lr: 0.000930, time: 0.10s
[INFO]: TRAIN epoch: 17 loss: 0.1286, grad_norm: 0.2664010524749756, lr: 0.000930, time: 0.10s
[INFO]: TRAIN epoch: 17 loss: 0.1125, grad_norm: 0.2267034649848938, lr: 0.000930, time: 0.10s
[INFO]: TRAIN epoch: 17 loss: 0.1325, grad_norm: 0.32978805899620056, lr: 0.000930, time: 0.10s
[INFO]: TRAIN epoch: 17 loss: 0.1556, grad_norm: 0.3161788880825043, lr: 0.000930, time: 0.10s
[INFO]: TRAIN epoch: 17 loss: 0.0981, grad_norm: 0.23708316683769226, lr: 0.000930, time: 0.10s
[INFO]: TRAIN epoch: 17 loss: 0.1822, grad_norm: 0.4125436842441559, lr: 0.000930, time: 0.10s
[INFO]: TRAIN epoch: 17 loss: 0.0763, grad_norm: 0.20441964268684387, lr: 0.000930, time: 0.10s
[INFO]: TRAIN epoch: 17 loss: 0.2183, grad_norm: 0.3002518117427826, lr: 0.000930, time: 0.10s
[INFO]: TRAIN epoch: 17 loss: 0.1524, grad_norm: 0.3115094006061554, lr: 0.000930, time: 0.10s
[INFO]: TRAIN epoch: 17 loss: 0.1256, grad_norm: 0.2417663037776947, lr: 0.000930, time: 0.10s
[INFO]: TRAIN epoch: 17 loss: 0.1406, grad_norm: 0.2322758436203003, lr: 0.000930, time: 0.10s
[INFO]: TRAIN epoch: 17 loss: 0.0944, grad_norm: 0.2248108983039856, lr: 0.000930, time: 0.10s
[INFO]: TRAIN epoch: 17 loss: 0.1390, grad_norm: 0.2726888656616211, lr: 0.000930, time: 0.10s
[INFO]: TRAIN epoch: 17 loss: 0.0783, grad_norm: 0.18355801701545715, lr: 0.000930, time: 0.10s
[INFO]: TRAIN epoch: 17 loss: 0.0479, grad_norm: 0.13340339064598083, lr: 0.000930, time: 0.10s
[INFO]: TRAIN epoch: 17 loss: 0.0591, grad_norm: 0.16306254267692566, lr: 0.000930, time: 0.10s
[INFO]: TRAIN epoch: 17 loss: 0.1246, grad_norm: 0.2326914221048355, lr: 0.000930, time: 0.10s
[INFO]: TRAIN epoch: 17 loss: 0.1524, grad_norm: 0.3490505516529083, lr: 0.000930, time: 0.10s
[INFO]: TRAIN epoch: 17 loss: 0.1206, grad_norm: 0.38722366094589233, lr: 0.000930, time: 0.10s
[INFO]: TRAIN epoch: 17 loss: 0.0708, grad_norm: 0.234030082821846, lr: 0.000930, time: 0.10s
[INFO]: TRAIN epoch: 17 loss: 0.1586, grad_norm: 0.37325870990753174, lr: 0.000930, time: 0.10s
[INFO]: TRAIN epoch: 17 loss: 0.2387, grad_norm: 0.3626369833946228, lr: 0.000930, time: 0.10s
[INFO]: TRAIN epoch: 17 loss: 0.2532, grad_norm: 0.2944682538509369, lr: 0.000930, time: 0.10s
[INFO]: TRAIN epoch: 17 loss: 0.2684, grad_norm: 0.3920942544937134, lr: 0.000930, time: 0.10s
[INFO]: TRAIN epoch: 17 loss: 0.0957, grad_norm: 0.24290883541107178, lr: 0.000930, time: 0.10s
[INFO]: TRAIN epoch: 17 loss: 0.5465, grad_norm: 0.5262249708175659, lr: 0.000930, time: 0.10s
[INFO]: TRAIN epoch: 17 loss: 0.0506, grad_norm: 0.19844992458820343, lr: 0.000930, time: 0.10s
[INFO]: TRAIN epoch: 17 loss: 0.1216, grad_norm: 0.368056982755661, lr: 0.000930, time: 0.10s
[INFO]: TRAIN epoch: 17 loss: 0.3450, grad_norm: 0.6042419075965881, lr: 0.000930, time: 0.11s
[INFO]: TRAIN epoch: 17 loss: 0.3969, grad_norm: 0.5084111094474792, lr: 0.000930, time: 0.11s
[INFO]: TRAIN epoch: 17 loss: 0.0835, grad_norm: 0.23233738541603088, lr: 0.000930, time: 0.10s
[INFO]: TRAIN epoch: 17 loss: 0.0714, grad_norm: 0.19171595573425293, lr: 0.000930, time: 0.10s
[INFO]: TRAIN epoch: 17 loss: 0.1731, grad_norm: 0.4491671621799469, lr: 0.000930, time: 0.11s
[INFO]: TRAIN epoch: 17 loss: 0.4608, grad_norm: 0.3535892963409424, lr: 0.000930, time: 0.10s
[INFO]: TRAIN epoch: 17 loss: 0.2326, grad_norm: 0.48117563128471375, lr: 0.000930, time: 0.10s
[INFO]: TRAIN epoch: 17 loss: 0.1666, grad_norm: 0.279226690530777, lr: 0.000930, time: 0.10s
[INFO]: TRAIN epoch: 17 loss: 0.0504, grad_norm: 0.1516534984111786, lr: 0.000930, time: 0.10s
[INFO]: TRAIN epoch: 17 loss: 0.0936, grad_norm: 0.20840635895729065, lr: 0.000930, time: 0.10s
[INFO]: TRAIN epoch: 17 loss: 0.2119, grad_norm: 0.41375604271888733, lr: 0.000930, time: 0.10s
[INFO]: TRAIN epoch: 17 loss: 0.1934, grad_norm: 0.287808358669281, lr: 0.000930, time: 0.10s
[INFO]: TRAIN epoch: 17 loss: 0.1614, grad_norm: 0.30908524990081787, lr: 0.000930, time: 0.10s
[INFO]: TRAIN epoch: 17 loss: 0.1673, grad_norm: 0.2861652672290802, lr: 0.000930, time: 0.10s
[INFO]: TRAIN epoch: 17 loss: 0.1667, grad_norm: 0.3758988380432129, lr: 0.000930, time: 0.10s
[INFO]: TRAIN epoch: 17 loss: 0.0442, grad_norm: 0.12578807771205902, lr: 0.000930, time: 0.10s
[INFO]: TRAIN epoch: 17 loss: 0.1282, grad_norm: 0.2846216857433319, lr: 0.000930, time: 0.10s
[INFO]: TRAIN epoch: 17 loss: 0.0805, grad_norm: 0.2743096351623535, lr: 0.000930, time: 0.11s
[INFO]: TRAIN epoch: 17 loss: 0.4145, grad_norm: 0.3680475056171417, lr: 0.000930, time: 0.11s
[INFO]: TRAIN epoch: 17 loss: 0.0661, grad_norm: 0.22561316192150116, lr: 0.000930, time: 0.10s
[INFO]: TRAIN epoch: 17 loss: 0.1876, grad_norm: 0.2623854875564575, lr: 0.000930, time: 0.10s
[INFO]: TRAIN epoch: 17 loss: 0.2212, grad_norm: 0.4264940917491913, lr: 0.000930, time: 0.10s
[INFO]: TRAIN epoch: 17 loss: 0.0418, grad_norm: 0.16579397022724152, lr: 0.000930, time: 0.10s
[INFO]: TRAIN epoch: 17 loss: 0.0758, grad_norm: 0.1946275234222412, lr: 0.000930, time: 0.10s
[INFO]: TRAIN epoch: 17 loss: 0.0632, grad_norm: 0.1789729744195938, lr: 0.000930, time: 0.10s
[INFO]: TRAIN epoch: 17 loss: 0.1898, grad_norm: 0.26169130206108093, lr: 0.000930, time: 0.10s
[INFO]: TRAIN epoch: 17 loss: 0.0548, grad_norm: 0.1677303910255432, lr: 0.000930, time: 0.10s
[INFO]: TRAIN epoch: 17 loss: 0.0494, grad_norm: 0.20201435685157776, lr: 0.000930, time: 0.10s
[INFO]: TRAIN epoch: 17 loss: 0.1435, grad_norm: 0.24300682544708252, lr: 0.000930, time: 0.10s
[INFO]: TRAIN epoch: 17 loss: 0.0737, grad_norm: 0.31807342171669006, lr: 0.000930, time: 0.10s
[INFO]: TRAIN epoch: 17 loss: 0.3812, grad_norm: 0.4364921748638153, lr: 0.000930, time: 0.10s
[INFO]: TRAIN epoch: 17 loss: 0.2815, grad_norm: 0.3244141936302185, lr: 0.000930, time: 0.10s
[INFO]: TRAIN epoch: 17 loss: 0.1776, grad_norm: 0.3463008999824524, lr: 0.000930, time: 0.10s
[INFO]: TRAIN epoch: 17 loss: 0.0799, grad_norm: 0.2939479947090149, lr: 0.000930, time: 0.10s
[INFO]: TRAIN epoch: 17 loss: 0.1050, grad_norm: 0.23895083367824554, lr: 0.000930, time: 0.10s
[INFO]: TRAIN epoch: 17 loss: 0.1046, grad_norm: 0.19452936947345734, lr: 0.000930, time: 0.10s
[INFO]: TRAIN epoch: 17 loss: 0.0476, grad_norm: 0.12984925508499146, lr: 0.000930, time: 0.10s
[INFO]: TRAIN epoch: 17 loss: 0.0618, grad_norm: 0.18332363665103912, lr: 0.000930, time: 0.10s
[INFO]: TRAIN epoch: 17 loss: 0.0459, grad_norm: 0.12826532125473022, lr: 0.000930, time: 0.10s
[INFO]: TRAIN epoch: 17 loss: 0.2764, grad_norm: 0.6582005620002747, lr: 0.000930, time: 0.10s
[INFO]: TRAIN epoch: 17 loss: 0.1747, grad_norm: 0.36840760707855225, lr: 0.000930, time: 0.10s
[INFO]: TRAIN epoch: 17 loss: 0.1106, grad_norm: 0.35735565423965454, lr: 0.000930, time: 0.10s
[INFO]: TRAIN epoch: 17 loss: 0.1516, grad_norm: 0.25417909026145935, lr: 0.000930, time: 0.10s
[INFO]: TRAIN epoch: 17 loss: 0.1395, grad_norm: 0.32596468925476074, lr: 0.000930, time: 0.10s
[INFO]: TRAIN epoch: 17 loss: 0.1637, grad_norm: 0.4484297037124634, lr: 0.000930, time: 0.10s
[INFO]: TRAIN epoch: 17 loss: 0.1199, grad_norm: 0.31252890825271606, lr: 0.000930, time: 0.10s
[INFO]: TRAIN epoch: 17 loss: 0.2874, grad_norm: 0.430103063583374, lr: 0.000930, time: 0.10s
[INFO]: TRAIN epoch: 17 loss: 0.1962, grad_norm: 0.32231149077415466, lr: 0.000930, time: 0.10s
[INFO]: TRAIN epoch: 17 loss: 0.1830, grad_norm: 0.34028419852256775, lr: 0.000930, time: 0.10s
[INFO]: TRAIN epoch: 17 loss: 0.0631, grad_norm: 0.2285696566104889, lr: 0.000930, time: 0.10s
[INFO]: TRAIN epoch: 17 loss: 0.0999, grad_norm: 0.5457019805908203, lr: 0.000930, time: 0.10s
[INFO]: TRAIN epoch: 17 loss: 0.0351, grad_norm: 0.10461443662643433, lr: 0.000930, time: 0.10s
[INFO]: TRAIN epoch: 17 loss: 0.0595, grad_norm: 0.16037802398204803, lr: 0.000930, time: 0.10s
[INFO]: TRAIN epoch: 17 loss: 0.5739, grad_norm: 0.4383855164051056, lr: 0.000930, time: 0.10s
[INFO]: TRAIN epoch: 17 loss: 0.3170, grad_norm: 0.3516829311847687, lr: 0.000930, time: 0.10s
[INFO]: TRAIN epoch: 17 loss: 0.0565, grad_norm: 0.2584207057952881, lr: 0.000930, time: 0.10s
[INFO]: TRAIN epoch: 17 loss: 0.1423, grad_norm: 0.3484114706516266, lr: 0.000930, time: 0.10s
[INFO]: TRAIN epoch: 17 loss: 0.0832, grad_norm: 0.2536313831806183, lr: 0.000930, time: 0.10s
[INFO]: TRAIN epoch: 17 loss: 0.1153, grad_norm: 0.29489457607269287, lr: 0.000930, time: 0.10s
[INFO]: TRAIN epoch: 17 loss: 0.1367, grad_norm: 0.28158706426620483, lr: 0.000930, time: 0.10s
[INFO]: TRAIN epoch: 17 loss: 0.3673, grad_norm: 0.4168911576271057, lr: 0.000930, time: 0.10s
[INFO]: TRAIN epoch: 17 loss: 0.4595, grad_norm: 0.4257120192050934, lr: 0.000930, time: 0.10s
[INFO]: TRAIN epoch: 17 loss: 0.0404, grad_norm: 0.11326567828655243, lr: 0.000930, time: 0.10s
[INFO]: TRAIN epoch: 17 loss: 0.0961, grad_norm: 0.23213380575180054, lr: 0.000930, time: 0.10s
[INFO]: TRAIN epoch: 17 loss: 0.0729, grad_norm: 0.1807561069726944, lr: 0.000930, time: 0.10s
[INFO]: TRAIN epoch: 17 loss: 0.0667, grad_norm: 0.14153987169265747, lr: 0.000930, time: 0.10s
[INFO]: TRAIN epoch: 17 loss: 0.1404, grad_norm: 0.3292617201805115, lr: 0.000930, time: 0.10s
[INFO]: TRAIN epoch: 17 loss: 0.3143, grad_norm: 0.40591883659362793, lr: 0.000930, time: 0.11s
[INFO]: TRAIN epoch: 17 loss: 0.2384, grad_norm: 0.3379162847995758, lr: 0.000930, time: 0.10s
[INFO]: TRAIN epoch: 17 loss: 0.0681, grad_norm: 0.1667814552783966, lr: 0.000930, time: 0.10s
[INFO]: TRAIN epoch: 17 loss: 0.2042, grad_norm: 0.30694448947906494, lr: 0.000930, time: 0.10s
[INFO]: TRAIN epoch: 17 loss: 0.1471, grad_norm: 0.30768245458602905, lr: 0.000930, time: 0.10s
[INFO]: TRAIN epoch: 17 loss: 0.1563, grad_norm: 0.38070929050445557, lr: 0.000930, time: 0.10s
[INFO]: TRAIN epoch: 17 loss: 0.0600, grad_norm: 0.21225370466709137, lr: 0.000930, time: 0.10s
[INFO]: TRAIN epoch: 17 loss: 0.1494, grad_norm: 0.34622716903686523, lr: 0.000930, time: 0.10s
[INFO]: TRAIN epoch: 17 loss: 0.0828, grad_norm: 0.21128001809120178, lr: 0.000930, time: 0.10s
[INFO]: TRAIN epoch: 17 loss: 0.2018, grad_norm: 0.38824576139450073, lr: 0.000930, time: 0.10s
[INFO]: TRAIN epoch: 17 loss: 0.0771, grad_norm: 0.2861134111881256, lr: 0.000930, time: 0.10s
[INFO]: TRAIN epoch: 17 loss: 0.3794, grad_norm: 0.47125235199928284, lr: 0.000930, time: 0.11s
[INFO]: TRAIN epoch: 17 loss: 0.0841, grad_norm: 0.31443873047828674, lr: 0.000930, time: 0.10s
[INFO]: TRAIN epoch: 17 loss: 0.0669, grad_norm: 0.22464169561862946, lr: 0.000930, time: 0.11s
[INFO]: TRAIN epoch: 17 loss: 0.1497, grad_norm: 0.31954723596572876, lr: 0.000930, time: 0.10s
[INFO]: TRAIN epoch: 17 loss: 0.1045, grad_norm: 0.21129949390888214, lr: 0.000930, time: 0.10s
[INFO]: TRAIN epoch: 17 loss: 0.1326, grad_norm: 0.37810656428337097, lr: 0.000930, time: 0.10s
[INFO]: TRAIN epoch: 17 loss: 0.1706, grad_norm: 0.4517008364200592, lr: 0.000930, time: 0.10s
[INFO]: TRAIN epoch: 17 loss: 0.1434, grad_norm: 0.4376802146434784, lr: 0.000930, time: 0.10s
[INFO]: TRAIN epoch: 17 loss: 0.2704, grad_norm: 0.3216242790222168, lr: 0.000930, time: 0.11s
[INFO]: TRAIN epoch: 17 loss: 0.1488, grad_norm: 0.3240000307559967, lr: 0.000930, time: 0.10s
[INFO]: TRAIN epoch: 17 loss: 0.2220, grad_norm: 0.3201950490474701, lr: 0.000930, time: 0.10s
[INFO]: TRAIN epoch: 17 loss: 0.3952, grad_norm: 0.3939559757709503, lr: 0.000930, time: 0.10s
[INFO]: TRAIN epoch: 17 loss: 0.3791, grad_norm: 0.3724430799484253, lr: 0.000930, time: 0.10s
[INFO]: TRAIN epoch: 17 loss: 0.2111, grad_norm: 0.26066654920578003, lr: 0.000930, time: 0.10s
[INFO]: TRAIN epoch: 17 loss: 0.4189, grad_norm: 0.4330213665962219, lr: 0.000930, time: 0.10s
[INFO]: TRAIN epoch: 17 loss: 0.1571, grad_norm: 0.33358630537986755, lr: 0.000930, time: 0.10s
[INFO]: TRAIN epoch: 17 loss: 0.1668, grad_norm: 0.41403985023498535, lr: 0.000930, time: 0.10s
[INFO]: TRAIN epoch: 17 loss: 0.1679, grad_norm: 0.2964573800563812, lr: 0.000930, time: 0.10s
[INFO]: TRAIN epoch: 17 loss: 0.2325, grad_norm: 0.33449503779411316, lr: 0.000930, time: 0.10s
[INFO]: TRAIN epoch: 17 loss: 0.2072, grad_norm: 0.3256368935108185, lr: 0.000930, time: 0.10s
[INFO]: TRAIN epoch: 17 loss: 0.1699, grad_norm: 0.32242342829704285, lr: 0.000930, time: 0.10s
[INFO]: TRAIN epoch: 17 loss: 0.0584, grad_norm: 0.15496951341629028, lr: 0.000930, time: 0.10s
[INFO]: TRAIN epoch: 17 loss: 0.1267, grad_norm: 0.2516046166419983, lr: 0.000930, time: 0.10s
[INFO]: TRAIN epoch: 17 loss: 0.1533, grad_norm: 0.37114956974983215, lr: 0.000930, time: 0.10s
[INFO]: TRAIN epoch: 17 loss: 0.0916, grad_norm: 0.24129557609558105, lr: 0.000930, time: 0.10s
[INFO]: TRAIN epoch: 17 loss: 0.1561, grad_norm: 0.35690703988075256, lr: 0.000930, time: 0.10s
[INFO]: TRAIN epoch: 17 loss: 0.1231, grad_norm: 0.30019891262054443, lr: 0.000930, time: 0.10s
[INFO]: TRAIN epoch: 17 loss: 0.4517, grad_norm: 0.3933691382408142, lr: 0.000930, time: 0.10s
[INFO]: TRAIN epoch: 17 loss: 0.0873, grad_norm: 0.2314353734254837, lr: 0.000930, time: 0.10s
[INFO]: TRAIN epoch: 17 loss: 0.2198, grad_norm: 0.6276355981826782, lr: 0.000930, time: 0.10s
[INFO]: TRAIN epoch: 17 loss: 0.0493, grad_norm: 0.14272449910640717, lr: 0.000930, time: 0.10s
[INFO]: TRAIN epoch: 17 loss: 0.1391, grad_norm: 0.3948582708835602, lr: 0.000930, time: 0.10s
[INFO]: TRAIN epoch: 17 loss: 0.0900, grad_norm: 0.22182057797908783, lr: 0.000930, time: 0.10s
[INFO]: TRAIN epoch: 17 loss: 0.0792, grad_norm: 0.32879966497421265, lr: 0.000930, time: 0.10s
[INFO]: TRAIN epoch: 17 loss: 0.2515, grad_norm: 0.24504096806049347, lr: 0.000930, time: 0.10s
[INFO]: TRAIN epoch: 17 loss: 0.2195, grad_norm: 0.45764121413230896, lr: 0.000930, time: 0.10s
[INFO]: TRAIN epoch: 17 loss: 0.3154, grad_norm: 0.3958720564842224, lr: 0.000930, time: 0.11s
[INFO]: TRAIN epoch: 17 loss: 0.1484, grad_norm: 0.2568552494049072, lr: 0.000930, time: 0.10s
[INFO]: TRAIN epoch: 17 loss: 0.1913, grad_norm: 0.3356030583381653, lr: 0.000930, time: 0.10s
[INFO]: TRAIN epoch: 17 loss: 0.2022, grad_norm: 0.28292351961135864, lr: 0.000930, time: 0.11s
[INFO]: TRAIN epoch: 17 loss: 0.1621, grad_norm: 0.3228244483470917, lr: 0.000930, time: 0.10s
[INFO]: TRAIN epoch: 17 loss: 0.1000, grad_norm: 0.20947760343551636, lr: 0.000930, time: 0.10s
[INFO]: TRAIN epoch: 17 loss: 0.3480, grad_norm: 0.44828253984451294, lr: 0.000930, time: 0.10s
[INFO]: TRAIN epoch: 17 loss: 0.1409, grad_norm: 0.33754968643188477, lr: 0.000930, time: 0.10s
[INFO]: TRAIN epoch: 17 loss: 0.0862, grad_norm: 0.22579450905323029, lr: 0.000930, time: 0.10s
[INFO]: TRAIN epoch: 17 loss: 0.2057, grad_norm: 0.5006713271141052, lr: 0.000930, time: 0.10s
[INFO]: TRAIN epoch: 17 loss: 0.1882, grad_norm: 0.2770819365978241, lr: 0.000930, time: 0.10s
[INFO]: TRAIN epoch: 17 loss: 0.1387, grad_norm: 0.278038889169693, lr: 0.000930, time: 0.10s
[INFO]: TRAIN epoch: 17 loss: 0.3470, grad_norm: 0.47067776322364807, lr: 0.000930, time: 0.11s
[INFO]: TRAIN epoch: 17 loss: 0.1985, grad_norm: 0.232166588306427, lr: 0.000930, time: 0.10s
[INFO]: TRAIN epoch: 17 loss: 0.2263, grad_norm: 0.45211783051490784, lr: 0.000930, time: 0.10s
[INFO]: TRAIN epoch: 17 loss: 0.2607, grad_norm: 0.4401646852493286, lr: 0.000930, time: 0.10s
[INFO]: TRAIN epoch: 17 loss: 0.0880, grad_norm: 0.26315543055534363, lr: 0.000930, time: 0.10s
[INFO]: TRAIN epoch: 17 loss: 0.2421, grad_norm: 0.36953216791152954, lr: 0.000930, time: 0.10s
[INFO]: TRAIN epoch: 17 loss: 0.0906, grad_norm: 0.3994773030281067, lr: 0.000930, time: 0.10s
[INFO]: TRAIN epoch: 17 loss: 0.1673, grad_norm: 0.3847769796848297, lr: 0.000930, time: 0.10s
[INFO]: TRAIN epoch: 17 loss: 0.3457, grad_norm: 0.41676390171051025, lr: 0.000930, time: 0.10s
[INFO]: TRAIN epoch: 17 loss: 0.0586, grad_norm: 0.16121816635131836, lr: 0.000930, time: 0.10s
[INFO]: TRAIN epoch: 17 loss: 0.0839, grad_norm: 0.26122209429740906, lr: 0.000930, time: 0.10s
[INFO]: TRAIN epoch: 17 loss: 0.0459, grad_norm: 0.1549750566482544, lr: 0.000930, time: 0.10s
[INFO]: TRAIN epoch: 17 loss: 0.3295, grad_norm: 0.43920454382896423, lr: 0.000930, time: 0.10s
[INFO]: TRAIN epoch: 17 loss: 0.3414, grad_norm: 0.3605468273162842, lr: 0.000930, time: 0.10s
[INFO]: TRAIN epoch: 17 loss: 0.1010, grad_norm: 0.2281196564435959, lr: 0.000930, time: 0.10s
[INFO]: TRAIN epoch: 17 loss: 0.2163, grad_norm: 0.4909169673919678, lr: 0.000930, time: 0.10s
[INFO]: TRAIN epoch: 17 loss: 0.1778, grad_norm: 0.40840232372283936, lr: 0.000930, time: 0.10s
[INFO]: TRAIN epoch: 17 loss: 0.1269, grad_norm: 0.30430442094802856, lr: 0.000930, time: 0.10s
[INFO]: TRAIN epoch: 17 loss: 0.2153, grad_norm: 0.26123279333114624, lr: 0.000930, time: 0.10s
[INFO]: TRAIN epoch: 17 loss: 0.0693, grad_norm: 0.180496484041214, lr: 0.000930, time: 0.10s
[INFO]: TRAIN epoch: 17 loss: 0.3684, grad_norm: 0.31967729330062866, lr: 0.000930, time: 0.11s
[INFO]: TRAIN epoch: 17 loss: 0.0770, grad_norm: 0.18448947370052338, lr: 0.000930, time: 0.10s
[INFO]: TRAIN epoch: 17 loss: 0.0732, grad_norm: 0.23293982446193695, lr: 0.000930, time: 0.10s
[INFO]: TRAIN epoch: 17 loss: 0.0434, grad_norm: 0.12481720000505447, lr: 0.000930, time: 0.10s
[INFO]: TRAIN epoch: 17 loss: 0.0847, grad_norm: 0.21398527920246124, lr: 0.000930, time: 0.10s
[INFO]: TRAIN epoch: 17 loss: 0.2590, grad_norm: 0.3953225612640381, lr: 0.000930, time: 0.11s
[INFO]: TRAIN epoch: 17 loss: 0.2468, grad_norm: 0.5399484038352966, lr: 0.000930, time: 0.10s
[INFO]: TRAIN epoch: 17 loss: 0.1179, grad_norm: 0.27171790599823, lr: 0.000930, time: 0.10s
[INFO]: TRAIN epoch: 17 loss: 0.0880, grad_norm: 0.19867035746574402, lr: 0.000930, time: 0.10s
[INFO]: TRAIN epoch: 17 loss: 0.1240, grad_norm: 0.2908895015716553, lr: 0.000930, time: 0.10s
[INFO]: TRAIN epoch: 17 loss: 0.0416, grad_norm: 0.12329692393541336, lr: 0.000930, time: 0.10s
[INFO]: TRAIN epoch: 17 loss: 0.2152, grad_norm: 0.3770654797554016, lr: 0.000930, time: 0.10s
[INFO]: TRAIN epoch: 17 loss: 0.1808, grad_norm: 0.28437358140945435, lr: 0.000930, time: 0.10s
[INFO]: TRAIN epoch: 17 loss: 0.1852, grad_norm: 0.5426065325737, lr: 0.000930, time: 0.10s
[INFO]: TRAIN epoch: 17 loss: 0.2303, grad_norm: 0.35188454389572144, lr: 0.000930, time: 0.10s
[INFO]: TRAIN epoch: 17 loss: 0.2055, grad_norm: 0.23475795984268188, lr: 0.000930, time: 0.10s
[INFO]: TRAIN epoch: 17 loss: 0.1721, grad_norm: 0.367291122674942, lr: 0.000930, time: 0.11s
[INFO]: TRAIN epoch: 17 loss: 0.1349, grad_norm: 0.36410412192344666, lr: 0.000930, time: 0.10s
[INFO]: TRAIN epoch: 17 loss: 0.2722, grad_norm: 0.3986670970916748, lr: 0.000930, time: 0.10s
[INFO]: TRAIN epoch: 17 loss: 0.1009, grad_norm: 0.24055801331996918, lr: 0.000930, time: 0.10s
[INFO]: TRAIN epoch: 17 loss: 0.1673, grad_norm: 0.34191712737083435, lr: 0.000930, time: 0.10s
[INFO]: TRAIN epoch: 17 loss: 0.1987, grad_norm: 0.41312918066978455, lr: 0.000930, time: 0.10s
[INFO]: TRAIN epoch: 17 loss: 0.0370, grad_norm: 0.14369933307170868, lr: 0.000930, time: 0.10s
[INFO]: TRAIN epoch: 17 loss: 0.2063, grad_norm: 0.3155977129936218, lr: 0.000930, time: 0.10s
[INFO]: TRAIN epoch: 17 loss: 0.0952, grad_norm: 0.24897125363349915, lr: 0.000930, time: 0.10s
[INFO]: TRAIN epoch: 17 loss: 0.2923, grad_norm: 0.37921613454818726, lr: 0.000930, time: 0.10s
[INFO]: TRAIN epoch: 17 loss: 0.0865, grad_norm: 0.26074832677841187, lr: 0.000930, time: 0.10s
[INFO]: TRAIN epoch: 17 loss: 0.1682, grad_norm: 0.34426289796829224, lr: 0.000930, time: 0.10s
[INFO]: TRAIN epoch: 17 loss: 0.2066, grad_norm: 0.299015611410141, lr: 0.000930, time: 0.10s
[INFO]: TRAIN epoch: 17 loss: 0.1907, grad_norm: 0.38571450114250183, lr: 0.000930, time: 0.10s
[INFO]: TRAIN epoch: 17 loss: 0.1719, grad_norm: 0.29221826791763306, lr: 0.000930, time: 0.10s
[INFO]: TRAIN epoch: 17 loss: 0.3005, grad_norm: 0.3040088415145874, lr: 0.000930, time: 0.10s
[INFO]: TRAIN epoch: 17 loss: 0.1451, grad_norm: 0.32251062989234924, lr: 0.000930, time: 0.11s
[INFO]: TRAIN epoch: 17 loss: 0.1493, grad_norm: 0.4894684851169586, lr: 0.000930, time: 0.10s
[INFO]: TRAIN epoch: 17 loss: 0.1924, grad_norm: 0.4564002752304077, lr: 0.000930, time: 0.10s
[INFO]: TRAIN epoch: 17 loss: 0.1378, grad_norm: 0.49101272225379944, lr: 0.000930, time: 0.10s
[INFO]: TRAIN epoch: 17 loss: 0.1407, grad_norm: 0.3128654360771179, lr: 0.000930, time: 0.10s
[INFO]: TRAIN epoch: 17 loss: 0.1584, grad_norm: 0.23779574036598206, lr: 0.000930, time: 0.10s
[INFO]: TRAIN epoch: 17 loss: 0.2180, grad_norm: 0.4151705801486969, lr: 0.000930, time: 0.10s
[INFO]: TRAIN epoch: 17 loss: 0.0985, grad_norm: 0.21735599637031555, lr: 0.000930, time: 0.10s
[INFO]: TRAIN epoch: 17 loss: 0.5739, grad_norm: 0.3910309672355652, lr: 0.000930, time: 0.10s
[INFO]: TRAIN epoch: 17 loss: 0.0813, grad_norm: 0.23650535941123962, lr: 0.000930, time: 0.10s
[INFO]: TRAIN epoch: 17 loss: 0.3292, grad_norm: 0.3388786017894745, lr: 0.000930, time: 0.10s
[INFO]: TRAIN epoch: 17 loss: 0.0805, grad_norm: 0.2341606318950653, lr: 0.000930, time: 0.10s
[INFO]: TRAIN epoch: 17 loss: 0.1440, grad_norm: 0.22495585680007935, lr: 0.000930, time: 0.10s
[INFO]: TRAIN epoch: 17 loss: 0.2000, grad_norm: 0.4906505346298218, lr: 0.000930, time: 0.10s
[INFO]: TRAIN epoch: 17 loss: 0.1106, grad_norm: 0.2317754626274109, lr: 0.000930, time: 0.10s
[INFO]: TRAIN epoch: 17 loss: 0.1518, grad_norm: 0.5277438759803772, lr: 0.000930, time: 0.10s
[INFO]: TRAIN epoch: 17 loss: 0.3506, grad_norm: 0.5003277659416199, lr: 0.000930, time: 0.11s
[INFO]: TRAIN epoch: 17 loss: 0.1630, grad_norm: 0.41144320368766785, lr: 0.000930, time: 0.10s
[INFO]: TRAIN epoch: 17 loss: 0.0946, grad_norm: 0.24064098298549652, lr: 0.000930, time: 0.10s
[INFO]: TRAIN epoch: 17 loss: 0.0817, grad_norm: 0.24506479501724243, lr: 0.000930, time: 0.10s
[INFO]: TRAIN epoch: 17 loss: 0.2299, grad_norm: 0.41898077726364136, lr: 0.000930, time: 0.10s
[INFO]: TRAIN epoch: 17 loss: 0.2170, grad_norm: 0.46347394585609436, lr: 0.000930, time: 0.10s
[INFO]: TRAIN epoch summary: 17 loss: 0.1583
[INFO]: VALIDATION epoch: 17 loss: 0.3003
[WARNING]: early stopping triggered
[INFO]: training finished
[DEBUG]: close.started
[DEBUG]: close.complete
