[DEBUG]: connect_tcp.started host='huggingface.co' port=443 local_address=None timeout=10 socket_options=None
[DEBUG]: connect_tcp.complete return_value=<httpcore._backends.sync.SyncStream object at 0x7f0d91d9e150>
[DEBUG]: start_tls.started ssl_context=<ssl.SSLContext object at 0x7f0d91efce60> server_hostname='huggingface.co' timeout=10
[DEBUG]: start_tls.complete return_value=<httpcore._backends.sync.SyncStream object at 0x7f0d923d8150>
[DEBUG]: send_request_headers.started request=<Request [b'HEAD']>
[DEBUG]: send_request_headers.complete
[DEBUG]: send_request_body.started request=<Request [b'HEAD']>
[DEBUG]: send_request_body.complete
[DEBUG]: receive_response_headers.started request=<Request [b'HEAD']>
[DEBUG]: receive_response_headers.complete return_value=(b'HTTP/1.1', 307, b'Temporary Redirect', [(b'Content-Type', b'text/plain; charset=utf-8'), (b'Content-Length', b'234'), (b'Connection', b'keep-alive'), (b'Date', b'Tue, 14 Apr 2026 09:18:50 GMT'), (b'Location', b'/api/resolve-cache/models/Qwen/Qwen3-1.7B/70d244cc86ccca08cf5af4e1e306ecf908b1ad5e/config.json?%2FQwen%2FQwen3-1.7B%2Fresolve%2Fmain%2Fconfig.json=&etag=%22044a86ecf7cb32238f3fae4184e55d354787edec%22'), (b'X-Powered-By', b'huggingface-moon'), (b'X-Request-Id', b'Root=1-69de067a-555771e572e77f2753c40a55;7cee2e68-4a21-422f-984d-bff31c62e33a'), (b'RateLimit', b'"resolvers";r=4999;t=254'), (b'RateLimit-Policy', b'"fixed window";"resolvers";q=5000;w=300'), (b'cross-origin-opener-policy', b'same-origin'), (b'Referrer-Policy', b'strict-origin-when-cross-origin'), (b'Access-Control-Max-Age', b'86400'), (b'Access-Control-Allow-Origin', b'https://huggingface.co'), (b'Vary', b'Origin, Accept'), (b'Access-Control-Expose-Headers', b'X-Repo-Commit,X-Request-Id,X-Error-Code,X-Error-Message,X-Total-Count,ETag,Link,Accept-Ranges,Content-Range,X-Linked-Size,X-Linked-ETag,X-Xet-Hash'), (b'X-Repo-Commit', b'70d244cc86ccca08cf5af4e1e306ecf908b1ad5e'), (b'Accept-Ranges', b'bytes'), (b'X-Hub-Cache', b'HIT'), (b'Content-Disposition', b'inline; filename*=UTF-8\'\'config.json; filename="config.json";'), (b'Content-Security-Policy', b"default-src 'none'; sandbox"), (b'X-Linked-ETag', b'"044a86ecf7cb32238f3fae4184e55d354787edec"'), (b'X-Cache', b'Miss from cloudfront'), (b'Via', b'1.1 2c4cbe62a4fbc4983f6bdcbb8f6af2d2.cloudfront.net (CloudFront)'), (b'X-Amz-Cf-Pop', b'HEL51-P2'), (b'X-Amz-Cf-Id', b'GiRM_ZfE7ZkAAeT4Q0APPwODfhDppLB1xK3rGeovq5R0p5WgUK1lIw==')])
[INFO]: HTTP Request: HEAD https://huggingface.co/Qwen/Qwen3-1.7B/resolve/main/config.json "HTTP/1.1 307 Temporary Redirect"
[DEBUG]: receive_response_body.started request=<Request [b'HEAD']>
[DEBUG]: receive_response_body.complete
[DEBUG]: response_closed.started
[DEBUG]: response_closed.complete
[DEBUG]: send_request_headers.started request=<Request [b'HEAD']>
[DEBUG]: send_request_headers.complete
[DEBUG]: send_request_body.started request=<Request [b'HEAD']>
[DEBUG]: send_request_body.complete
[DEBUG]: receive_response_headers.started request=<Request [b'HEAD']>
[DEBUG]: receive_response_headers.complete return_value=(b'HTTP/1.1', 200, b'OK', [(b'Content-Type', b'text/plain; charset=utf-8'), (b'Content-Length', b'726'), (b'Connection', b'keep-alive'), (b'Date', b'Mon, 13 Apr 2026 14:24:32 GMT'), (b'ETag', b'"044a86ecf7cb32238f3fae4184e55d354787edec"'), (b'X-Powered-By', b'huggingface-moon'), (b'X-Request-Id', b'Root=1-69dcfca0-555de37d3367b4e17a873a3d;8e7c7784-ca3b-4da2-a191-36855ec7a058'), (b'RateLimit', b'"resolvers";r=4995;t=212'), (b'RateLimit-Policy', b'"fixed window";"resolvers";q=5000;w=300'), (b'cross-origin-opener-policy', b'same-origin'), (b'Referrer-Policy', b'strict-origin-when-cross-origin'), (b'Access-Control-Max-Age', b'86400'), (b'Access-Control-Allow-Origin', b'https://huggingface.co'), (b'Access-Control-Expose-Headers', b'X-Repo-Commit,X-Request-Id,X-Error-Code,X-Error-Message,X-Total-Count,ETag,Link,Accept-Ranges,Content-Range,X-Linked-Size,X-Linked-ETag,X-Xet-Hash'), (b'X-Repo-Commit', b'70d244cc86ccca08cf5af4e1e306ecf908b1ad5e'), (b'Accept-Ranges', b'bytes'), (b'X-Hub-Cache', b'MISS'), (b'Content-Disposition', b'inline; filename*=UTF-8\'\'config.json; filename="config.json";'), (b'Content-Security-Policy', b"default-src 'none'; sandbox"), (b'Vary', b'Origin'), (b'X-Cache', b'Hit from cloudfront'), (b'Via', b'1.1 2c4cbe62a4fbc4983f6bdcbb8f6af2d2.cloudfront.net (CloudFront)'), (b'X-Amz-Cf-Pop', b'HEL51-P2'), (b'X-Amz-Cf-Id', b'z_SItfaqWuCa6p257YiVR0NbkMahtxUkUntzUFKm7P-ByxzyhZTNHQ=='), (b'Age', b'68058')])
[INFO]: HTTP Request: HEAD https://huggingface.co/api/resolve-cache/models/Qwen/Qwen3-1.7B/70d244cc86ccca08cf5af4e1e306ecf908b1ad5e/config.json "HTTP/1.1 200 OK"
[DEBUG]: receive_response_body.started request=<Request [b'HEAD']>
[DEBUG]: receive_response_body.complete
[DEBUG]: response_closed.started
[DEBUG]: response_closed.complete
[DEBUG]: send_request_headers.started request=<Request [b'HEAD']>
[DEBUG]: send_request_headers.complete
[DEBUG]: send_request_body.started request=<Request [b'HEAD']>
[DEBUG]: send_request_body.complete
[DEBUG]: receive_response_headers.started request=<Request [b'HEAD']>
[DEBUG]: receive_response_headers.complete return_value=(b'HTTP/1.1', 307, b'Temporary Redirect', [(b'Content-Type', b'text/plain; charset=utf-8'), (b'Content-Length', b'254'), (b'Connection', b'keep-alive'), (b'Date', b'Tue, 14 Apr 2026 09:18:50 GMT'), (b'Location', b'/api/resolve-cache/models/Qwen/Qwen3-1.7B/70d244cc86ccca08cf5af4e1e306ecf908b1ad5e/tokenizer_config.json?%2FQwen%2FQwen3-1.7B%2Fresolve%2Fmain%2Ftokenizer_config.json=&etag=%22417d038a63fa3de29cfde265caedae14d1a58d92%22'), (b'X-Powered-By', b'huggingface-moon'), (b'X-Request-Id', b'Root=1-69de067a-4333a7e54452c7ab778927e7;c2ee0718-6012-4661-aee3-b25473a56e88'), (b'RateLimit', b'"resolvers";r=4998;t=254'), (b'RateLimit-Policy', b'"fixed window";"resolvers";q=5000;w=300'), (b'cross-origin-opener-policy', b'same-origin'), (b'Referrer-Policy', b'strict-origin-when-cross-origin'), (b'Access-Control-Max-Age', b'86400'), (b'Access-Control-Allow-Origin', b'https://huggingface.co'), (b'Vary', b'Origin, Accept'), (b'Access-Control-Expose-Headers', b'X-Repo-Commit,X-Request-Id,X-Error-Code,X-Error-Message,X-Total-Count,ETag,Link,Accept-Ranges,Content-Range,X-Linked-Size,X-Linked-ETag,X-Xet-Hash'), (b'X-Repo-Commit', b'70d244cc86ccca08cf5af4e1e306ecf908b1ad5e'), (b'Accept-Ranges', b'bytes'), (b'X-Hub-Cache', b'HIT'), (b'Content-Disposition', b'inline; filename*=UTF-8\'\'tokenizer_config.json; filename="tokenizer_config.json";'), (b'Content-Security-Policy', b"default-src 'none'; sandbox"), (b'X-Linked-ETag', b'"417d038a63fa3de29cfde265caedae14d1a58d92"'), (b'X-Cache', b'Miss from cloudfront'), (b'Via', b'1.1 2c4cbe62a4fbc4983f6bdcbb8f6af2d2.cloudfront.net (CloudFront)'), (b'X-Amz-Cf-Pop', b'HEL51-P2'), (b'X-Amz-Cf-Id', b'3HnS8Qc7AzQV4T4MaUiTGOODpu20gx16dZqqEJWWaXwqw1A4o_y1xw==')])
[INFO]: HTTP Request: HEAD https://huggingface.co/Qwen/Qwen3-1.7B/resolve/main/tokenizer_config.json "HTTP/1.1 307 Temporary Redirect"
[DEBUG]: receive_response_body.started request=<Request [b'HEAD']>
[DEBUG]: receive_response_body.complete
[DEBUG]: response_closed.started
[DEBUG]: response_closed.complete
[DEBUG]: send_request_headers.started request=<Request [b'HEAD']>
[DEBUG]: send_request_headers.complete
[DEBUG]: send_request_body.started request=<Request [b'HEAD']>
[DEBUG]: send_request_body.complete
[DEBUG]: receive_response_headers.started request=<Request [b'HEAD']>
[DEBUG]: receive_response_headers.complete return_value=(b'HTTP/1.1', 200, b'OK', [(b'Content-Type', b'text/plain; charset=utf-8'), (b'Content-Length', b'9732'), (b'Connection', b'keep-alive'), (b'Date', b'Mon, 13 Apr 2026 14:24:33 GMT'), (b'ETag', b'"417d038a63fa3de29cfde265caedae14d1a58d92"'), (b'X-Powered-By', b'huggingface-moon'), (b'X-Request-Id', b'Root=1-69dcfca1-6b5305186ff066c53fda611f;cf1078a4-71ce-4380-b71c-7b4818273fcc'), (b'RateLimit', b'"resolvers";r=4993;t=211'), (b'RateLimit-Policy', b'"fixed window";"resolvers";q=5000;w=300'), (b'cross-origin-opener-policy', b'same-origin'), (b'Referrer-Policy', b'strict-origin-when-cross-origin'), (b'Access-Control-Max-Age', b'86400'), (b'Access-Control-Allow-Origin', b'https://huggingface.co'), (b'Access-Control-Expose-Headers', b'X-Repo-Commit,X-Request-Id,X-Error-Code,X-Error-Message,X-Total-Count,ETag,Link,Accept-Ranges,Content-Range,X-Linked-Size,X-Linked-ETag,X-Xet-Hash'), (b'X-Repo-Commit', b'70d244cc86ccca08cf5af4e1e306ecf908b1ad5e'), (b'Accept-Ranges', b'bytes'), (b'X-Hub-Cache', b'HIT'), (b'Content-Disposition', b'inline; filename*=UTF-8\'\'tokenizer_config.json; filename="tokenizer_config.json";'), (b'Content-Security-Policy', b"default-src 'none'; sandbox"), (b'Vary', b'Origin'), (b'X-Cache', b'Hit from cloudfront'), (b'Via', b'1.1 2c4cbe62a4fbc4983f6bdcbb8f6af2d2.cloudfront.net (CloudFront)'), (b'X-Amz-Cf-Pop', b'HEL51-P2'), (b'X-Amz-Cf-Id', b'ys0nqJVDBwLA4vMI2sAGA2LV43ze1TFhbd9mB-4IJLNPgnhjs-Kp1g=='), (b'Age', b'68057')])
[INFO]: HTTP Request: HEAD https://huggingface.co/api/resolve-cache/models/Qwen/Qwen3-1.7B/70d244cc86ccca08cf5af4e1e306ecf908b1ad5e/tokenizer_config.json "HTTP/1.1 200 OK"
[DEBUG]: receive_response_body.started request=<Request [b'HEAD']>
[DEBUG]: receive_response_body.complete
[DEBUG]: response_closed.started
[DEBUG]: response_closed.complete
[DEBUG]: send_request_headers.started request=<Request [b'GET']>
[DEBUG]: send_request_headers.complete
[DEBUG]: send_request_body.started request=<Request [b'GET']>
[DEBUG]: send_request_body.complete
[DEBUG]: receive_response_headers.started request=<Request [b'GET']>
[DEBUG]: receive_response_headers.complete return_value=(b'HTTP/1.1', 404, b'Not Found', [(b'Content-Type', b'application/json; charset=utf-8'), (b'Content-Length', b'64'), (b'Connection', b'keep-alive'), (b'Date', b'Tue, 14 Apr 2026 09:18:50 GMT'), (b'ETag', b'W/"40-09f9IAqP13xarAhQxFS2W8rvRkM"'), (b'X-Powered-By', b'huggingface-moon'), (b'X-Request-Id', b'Root=1-69de067a-20828c0b6fc517c20c1a5fb3;adcadb67-a29e-44e4-aaa1-3e3d4a47a663'), (b'RateLimit', b'"api";r=999;t=254'), (b'RateLimit-Policy', b'"fixed window";"api";q=1000;w=300'), (b'cross-origin-opener-policy', b'same-origin'), (b'Referrer-Policy', b'strict-origin-when-cross-origin'), (b'Access-Control-Max-Age', b'86400'), (b'Access-Control-Allow-Origin', b'https://huggingface.co'), (b'Vary', b'Origin'), (b'Access-Control-Expose-Headers', b'X-Repo-Commit,X-Request-Id,X-Error-Code,X-Error-Message,X-Total-Count,ETag,Link,Accept-Ranges,Content-Range,X-Linked-Size,X-Linked-ETag,X-Xet-Hash'), (b'X-Error-Code', b'EntryNotFound'), (b'X-Error-Message', b'additional_chat_templates does not exist on "main"'), (b'X-Cache', b'Error from cloudfront'), (b'Via', b'1.1 2c4cbe62a4fbc4983f6bdcbb8f6af2d2.cloudfront.net (CloudFront)'), (b'X-Amz-Cf-Pop', b'HEL51-P2'), (b'X-Amz-Cf-Id', b'hGJDR1WvgofLAzpdu2Nc0C8wxm-csExHH928McZJERz5cZ4Hfl-wag==')])
[INFO]: HTTP Request: GET https://huggingface.co/api/models/Qwen/Qwen3-1.7B/tree/main/additional_chat_templates?recursive=false&expand=false "HTTP/1.1 404 Not Found"
[DEBUG]: receive_response_body.started request=<Request [b'GET']>
[DEBUG]: receive_response_body.complete
[DEBUG]: response_closed.started
[DEBUG]: response_closed.complete
[DEBUG]: send_request_headers.started request=<Request [b'GET']>
[DEBUG]: send_request_headers.complete
[DEBUG]: send_request_body.started request=<Request [b'GET']>
[DEBUG]: send_request_body.complete
[DEBUG]: receive_response_headers.started request=<Request [b'GET']>
[DEBUG]: receive_response_headers.complete return_value=(b'HTTP/1.1', 200, b'OK', [(b'Content-Type', b'application/json; charset=utf-8'), (b'Transfer-Encoding', b'chunked'), (b'Connection', b'keep-alive'), (b'Date', b'Tue, 14 Apr 2026 09:18:50 GMT'), (b'content-encoding', b'gzip'), (b'ETag', b'W/"740-8hHksm514sYdvtahQYcEwQNthEM"'), (b'X-Powered-By', b'huggingface-moon'), (b'X-Request-Id', b'Root=1-69de067a-288f0f6d036e5c5a63e6286c;55512e05-8c68-4d4c-bc74-24d4336bc0e2'), (b'RateLimit', b'"api";r=998;t=254'), (b'RateLimit-Policy', b'"fixed window";"api";q=1000;w=300'), (b'cross-origin-opener-policy', b'same-origin'), (b'Referrer-Policy', b'strict-origin-when-cross-origin'), (b'Access-Control-Max-Age', b'86400'), (b'Access-Control-Allow-Origin', b'https://huggingface.co'), (b'Vary', b'Origin'), (b'vary', b'Accept-Encoding'), (b'Access-Control-Expose-Headers', b'X-Repo-Commit,X-Request-Id,X-Error-Code,X-Error-Message,X-Total-Count,ETag,Link,Accept-Ranges,Content-Range,X-Linked-Size,X-Linked-ETag,X-Xet-Hash'), (b'X-Cache', b'Miss from cloudfront'), (b'Via', b'1.1 2c4cbe62a4fbc4983f6bdcbb8f6af2d2.cloudfront.net (CloudFront)'), (b'X-Amz-Cf-Pop', b'HEL51-P2'), (b'X-Amz-Cf-Id', b'L3xIeswKhVrA6BqevSd9W3e2TAT4l-oC-wGKQGJ2quZ1wXF0hJAywQ==')])
[INFO]: HTTP Request: GET https://huggingface.co/api/models/Qwen/Qwen3-1.7B/tree/main?recursive=true&expand=false "HTTP/1.1 200 OK"
[DEBUG]: receive_response_body.started request=<Request [b'GET']>
[DEBUG]: receive_response_body.complete
[DEBUG]: response_closed.started
[DEBUG]: response_closed.complete
[DEBUG]: send_request_headers.started request=<Request [b'GET']>
[DEBUG]: send_request_headers.complete
[DEBUG]: send_request_body.started request=<Request [b'GET']>
[DEBUG]: send_request_body.complete
[DEBUG]: receive_response_headers.started request=<Request [b'GET']>
[DEBUG]: receive_response_headers.complete return_value=(b'HTTP/1.1', 200, b'OK', [(b'Content-Type', b'application/json; charset=utf-8'), (b'Transfer-Encoding', b'chunked'), (b'Connection', b'keep-alive'), (b'Date', b'Tue, 14 Apr 2026 09:18:52 GMT'), (b'content-encoding', b'gzip'), (b'ETag', b'W/"22d8-TRom3R7VDvcUxNCJPDoVC6LYwug"'), (b'X-Powered-By', b'huggingface-moon'), (b'X-Request-Id', b'Root=1-69de067b-0bb86c922f54b93e41f0f851;5f15e448-7930-4446-85a8-e4f14e8c6794'), (b'RateLimit', b'"api";r=997;t=252'), (b'RateLimit-Policy', b'"fixed window";"api";q=1000;w=300'), (b'cross-origin-opener-policy', b'same-origin'), (b'Referrer-Policy', b'strict-origin-when-cross-origin'), (b'Access-Control-Max-Age', b'86400'), (b'Access-Control-Allow-Origin', b'https://huggingface.co'), (b'Vary', b'Origin'), (b'vary', b'Accept-Encoding'), (b'Access-Control-Expose-Headers', b'X-Repo-Commit,X-Request-Id,X-Error-Code,X-Error-Message,X-Total-Count,ETag,Link,Accept-Ranges,Content-Range,X-Linked-Size,X-Linked-ETag,X-Xet-Hash'), (b'X-Cache', b'Miss from cloudfront'), (b'Via', b'1.1 2c4cbe62a4fbc4983f6bdcbb8f6af2d2.cloudfront.net (CloudFront)'), (b'X-Amz-Cf-Pop', b'HEL51-P2'), (b'X-Amz-Cf-Id', b'Qz7V4v3e3orY3fu3U0out7HGfjCpNOtDJOmayumyHf4nNwjw7Pxraw==')])
[INFO]: HTTP Request: GET https://huggingface.co/api/models/Qwen/Qwen3-1.7B "HTTP/1.1 200 OK"
[DEBUG]: receive_response_body.started request=<Request [b'GET']>
[DEBUG]: receive_response_body.complete
[DEBUG]: response_closed.started
[DEBUG]: response_closed.complete
[DEBUG]: send_request_headers.started request=<Request [b'HEAD']>
[DEBUG]: send_request_headers.complete
[DEBUG]: send_request_body.started request=<Request [b'HEAD']>
[DEBUG]: send_request_body.complete
[DEBUG]: receive_response_headers.started request=<Request [b'HEAD']>
[DEBUG]: receive_response_headers.complete return_value=(b'HTTP/1.1', 307, b'Temporary Redirect', [(b'Content-Type', b'text/plain; charset=utf-8'), (b'Content-Length', b'234'), (b'Connection', b'keep-alive'), (b'Date', b'Tue, 14 Apr 2026 09:18:52 GMT'), (b'Location', b'/api/resolve-cache/models/Qwen/Qwen3-1.7B/70d244cc86ccca08cf5af4e1e306ecf908b1ad5e/config.json?%2FQwen%2FQwen3-1.7B%2Fresolve%2Fmain%2Fconfig.json=&etag=%22044a86ecf7cb32238f3fae4184e55d354787edec%22'), (b'X-Powered-By', b'huggingface-moon'), (b'X-Request-Id', b'Root=1-69de067c-33554fbb6aa982de64ff23e5;0b6ae0ab-c559-4db9-bebd-0503696cc2a8'), (b'RateLimit', b'"resolvers";r=4997;t=252'), (b'RateLimit-Policy', b'"fixed window";"resolvers";q=5000;w=300'), (b'cross-origin-opener-policy', b'same-origin'), (b'Referrer-Policy', b'strict-origin-when-cross-origin'), (b'Access-Control-Max-Age', b'86400'), (b'Access-Control-Allow-Origin', b'https://huggingface.co'), (b'Vary', b'Origin, Accept'), (b'Access-Control-Expose-Headers', b'X-Repo-Commit,X-Request-Id,X-Error-Code,X-Error-Message,X-Total-Count,ETag,Link,Accept-Ranges,Content-Range,X-Linked-Size,X-Linked-ETag,X-Xet-Hash'), (b'X-Repo-Commit', b'70d244cc86ccca08cf5af4e1e306ecf908b1ad5e'), (b'Accept-Ranges', b'bytes'), (b'X-Hub-Cache', b'HIT'), (b'Content-Disposition', b'inline; filename*=UTF-8\'\'config.json; filename="config.json";'), (b'Content-Security-Policy', b"default-src 'none'; sandbox"), (b'X-Linked-ETag', b'"044a86ecf7cb32238f3fae4184e55d354787edec"'), (b'X-Cache', b'Miss from cloudfront'), (b'Via', b'1.1 2c4cbe62a4fbc4983f6bdcbb8f6af2d2.cloudfront.net (CloudFront)'), (b'X-Amz-Cf-Pop', b'HEL51-P2'), (b'X-Amz-Cf-Id', b'bYcFw7Pqyv2po5g28FG-bA-CbdE6XiiNWwOEIgCrz8t5Hoyw4-ok3g==')])
[INFO]: HTTP Request: HEAD https://huggingface.co/Qwen/Qwen3-1.7B/resolve/main/config.json "HTTP/1.1 307 Temporary Redirect"
[DEBUG]: receive_response_body.started request=<Request [b'HEAD']>
[DEBUG]: receive_response_body.complete
[DEBUG]: response_closed.started
[DEBUG]: response_closed.complete
[DEBUG]: send_request_headers.started request=<Request [b'HEAD']>
[DEBUG]: send_request_headers.complete
[DEBUG]: send_request_body.started request=<Request [b'HEAD']>
[DEBUG]: send_request_body.complete
[DEBUG]: receive_response_headers.started request=<Request [b'HEAD']>
[DEBUG]: receive_response_headers.complete return_value=(b'HTTP/1.1', 200, b'OK', [(b'Content-Type', b'text/plain; charset=utf-8'), (b'Content-Length', b'726'), (b'Connection', b'keep-alive'), (b'Date', b'Mon, 13 Apr 2026 14:24:32 GMT'), (b'ETag', b'"044a86ecf7cb32238f3fae4184e55d354787edec"'), (b'X-Powered-By', b'huggingface-moon'), (b'X-Request-Id', b'Root=1-69dcfca0-555de37d3367b4e17a873a3d;8e7c7784-ca3b-4da2-a191-36855ec7a058'), (b'RateLimit', b'"resolvers";r=4995;t=212'), (b'RateLimit-Policy', b'"fixed window";"resolvers";q=5000;w=300'), (b'cross-origin-opener-policy', b'same-origin'), (b'Referrer-Policy', b'strict-origin-when-cross-origin'), (b'Access-Control-Max-Age', b'86400'), (b'Access-Control-Allow-Origin', b'https://huggingface.co'), (b'Access-Control-Expose-Headers', b'X-Repo-Commit,X-Request-Id,X-Error-Code,X-Error-Message,X-Total-Count,ETag,Link,Accept-Ranges,Content-Range,X-Linked-Size,X-Linked-ETag,X-Xet-Hash'), (b'X-Repo-Commit', b'70d244cc86ccca08cf5af4e1e306ecf908b1ad5e'), (b'Accept-Ranges', b'bytes'), (b'X-Hub-Cache', b'MISS'), (b'Content-Disposition', b'inline; filename*=UTF-8\'\'config.json; filename="config.json";'), (b'Content-Security-Policy', b"default-src 'none'; sandbox"), (b'Vary', b'Origin'), (b'X-Cache', b'Hit from cloudfront'), (b'Via', b'1.1 2c4cbe62a4fbc4983f6bdcbb8f6af2d2.cloudfront.net (CloudFront)'), (b'X-Amz-Cf-Pop', b'HEL51-P2'), (b'X-Amz-Cf-Id', b'1UoKmyX4JmjQ1b8KJ-gUXzdlZBXeMQk2GIXaLf0SL5oWcGqjr0BjcA=='), (b'Age', b'68060')])
[INFO]: HTTP Request: HEAD https://huggingface.co/api/resolve-cache/models/Qwen/Qwen3-1.7B/70d244cc86ccca08cf5af4e1e306ecf908b1ad5e/config.json "HTTP/1.1 200 OK"
[DEBUG]: receive_response_body.started request=<Request [b'HEAD']>
[DEBUG]: receive_response_body.complete
[DEBUG]: response_closed.started
[DEBUG]: response_closed.complete
Loading weights:   0%|          | 0/311 [00:00<?, ?it/s]Loading weights: 100%|██████████| 311/311 [00:00<00:00, 4637.08it/s]
The tied weights mapping and config for this model specifies to tie model.embed_tokens.weight to lm_head.weight, but both are present in the checkpoints, so we will NOT tie them. You should update the config with `tie_word_embeddings=False` to silence this warning
[DEBUG]: send_request_headers.started request=<Request [b'HEAD']>
[DEBUG]: send_request_headers.complete
[DEBUG]: send_request_body.started request=<Request [b'HEAD']>
[DEBUG]: send_request_body.complete
[DEBUG]: receive_response_headers.started request=<Request [b'HEAD']>
[DEBUG]: receive_response_headers.complete return_value=(b'HTTP/1.1', 307, b'Temporary Redirect', [(b'Content-Type', b'text/plain; charset=utf-8'), (b'Content-Length', b'256'), (b'Connection', b'keep-alive'), (b'Date', b'Tue, 14 Apr 2026 09:18:52 GMT'), (b'Location', b'/api/resolve-cache/models/Qwen/Qwen3-1.7B/70d244cc86ccca08cf5af4e1e306ecf908b1ad5e/generation_config.json?%2FQwen%2FQwen3-1.7B%2Fresolve%2Fmain%2Fgeneration_config.json=&etag=%2220a8a9156fc8c3f25295ca067f61fdf120d517c5%22'), (b'X-Powered-By', b'huggingface-moon'), (b'X-Request-Id', b'Root=1-69de067c-56faa3be2db5054e385baeb1;c5de8a60-13bc-4226-91cc-1bff095620aa'), (b'RateLimit', b'"resolvers";r=4996;t=252'), (b'RateLimit-Policy', b'"fixed window";"resolvers";q=5000;w=300'), (b'cross-origin-opener-policy', b'same-origin'), (b'Referrer-Policy', b'strict-origin-when-cross-origin'), (b'Access-Control-Max-Age', b'86400'), (b'Access-Control-Allow-Origin', b'https://huggingface.co'), (b'Vary', b'Origin, Accept'), (b'Access-Control-Expose-Headers', b'X-Repo-Commit,X-Request-Id,X-Error-Code,X-Error-Message,X-Total-Count,ETag,Link,Accept-Ranges,Content-Range,X-Linked-Size,X-Linked-ETag,X-Xet-Hash'), (b'X-Repo-Commit', b'70d244cc86ccca08cf5af4e1e306ecf908b1ad5e'), (b'Accept-Ranges', b'bytes'), (b'X-Hub-Cache', b'HIT'), (b'Content-Disposition', b'inline; filename*=UTF-8\'\'generation_config.json; filename="generation_config.json";'), (b'Content-Security-Policy', b"default-src 'none'; sandbox"), (b'X-Linked-ETag', b'"20a8a9156fc8c3f25295ca067f61fdf120d517c5"'), (b'X-Cache', b'Miss from cloudfront'), (b'Via', b'1.1 2c4cbe62a4fbc4983f6bdcbb8f6af2d2.cloudfront.net (CloudFront)'), (b'X-Amz-Cf-Pop', b'HEL51-P2'), (b'X-Amz-Cf-Id', b'tr5wLc0ynSJMKIEHiCC23WavblkuPUUFzAKykd4mcLamjw5E59y0zw==')])
[INFO]: HTTP Request: HEAD https://huggingface.co/Qwen/Qwen3-1.7B/resolve/main/generation_config.json "HTTP/1.1 307 Temporary Redirect"
[DEBUG]: receive_response_body.started request=<Request [b'HEAD']>
[DEBUG]: receive_response_body.complete
[DEBUG]: response_closed.started
[DEBUG]: response_closed.complete
[DEBUG]: send_request_headers.started request=<Request [b'HEAD']>
[DEBUG]: send_request_headers.complete
[DEBUG]: send_request_body.started request=<Request [b'HEAD']>
[DEBUG]: send_request_body.complete
[DEBUG]: receive_response_headers.started request=<Request [b'HEAD']>
[DEBUG]: receive_response_headers.complete return_value=(b'HTTP/1.1', 200, b'OK', [(b'Content-Type', b'text/plain; charset=utf-8'), (b'Content-Length', b'239'), (b'Connection', b'keep-alive'), (b'Date', b'Tue, 14 Apr 2026 08:07:40 GMT'), (b'ETag', b'"20a8a9156fc8c3f25295ca067f61fdf120d517c5"'), (b'X-Powered-By', b'huggingface-moon'), (b'X-Request-Id', b'Root=1-69ddf5cc-3d0ed87b632f5b6642028d53;ea64f08d-9f15-4ebe-aaa7-3e582d7eee16'), (b'RateLimit', b'"resolvers";r=4995;t=24'), (b'RateLimit-Policy', b'"fixed window";"resolvers";q=5000;w=300'), (b'cross-origin-opener-policy', b'same-origin'), (b'Referrer-Policy', b'strict-origin-when-cross-origin'), (b'Access-Control-Max-Age', b'86400'), (b'Access-Control-Allow-Origin', b'https://huggingface.co'), (b'Access-Control-Expose-Headers', b'X-Repo-Commit,X-Request-Id,X-Error-Code,X-Error-Message,X-Total-Count,ETag,Link,Accept-Ranges,Content-Range,X-Linked-Size,X-Linked-ETag,X-Xet-Hash'), (b'X-Repo-Commit', b'70d244cc86ccca08cf5af4e1e306ecf908b1ad5e'), (b'Accept-Ranges', b'bytes'), (b'X-Hub-Cache', b'MISS'), (b'Content-Disposition', b'inline; filename*=UTF-8\'\'generation_config.json; filename="generation_config.json";'), (b'Content-Security-Policy', b"default-src 'none'; sandbox"), (b'Vary', b'Origin'), (b'X-Cache', b'Hit from cloudfront'), (b'Via', b'1.1 2c4cbe62a4fbc4983f6bdcbb8f6af2d2.cloudfront.net (CloudFront)'), (b'X-Amz-Cf-Pop', b'HEL51-P2'), (b'X-Amz-Cf-Id', b'5lFXVdO7mcUE_38hJ_lrNbGyzL1JJZde6gveIyekxns8-nM564hj7w=='), (b'Age', b'4271')])
[INFO]: HTTP Request: HEAD https://huggingface.co/api/resolve-cache/models/Qwen/Qwen3-1.7B/70d244cc86ccca08cf5af4e1e306ecf908b1ad5e/generation_config.json "HTTP/1.1 200 OK"
[DEBUG]: receive_response_body.started request=<Request [b'HEAD']>
[DEBUG]: receive_response_body.complete
[DEBUG]: response_closed.started
[DEBUG]: response_closed.complete
[INFO]: start training
[INFO]: TRAIN epoch: 0 loss: 1078.9740, time: 4.12s
[INFO]: TRAIN epoch: 0 loss: 1196.6887, time: 3.12s
[INFO]: TRAIN epoch: 0 loss: 948.5991, time: 3.25s
[INFO]: TRAIN epoch: 0 loss: 1120.1382, time: 3.13s
[INFO]: TRAIN epoch: 0 loss: 1081.2792, time: 3.15s
[INFO]: TRAIN epoch: 0 loss: 998.9042, time: 3.14s
[INFO]: TRAIN epoch: 0 loss: 912.0024, time: 3.16s
[INFO]: TRAIN epoch: 0 loss: 983.9447, time: 3.28s
[INFO]: TRAIN epoch: 0 loss: 1052.5054, time: 3.15s
[INFO]: TRAIN epoch: 0 loss: 1045.2074, time: 3.17s
[INFO]: TRAIN epoch: 0 loss: 976.0054, time: 3.18s
[INFO]: TRAIN epoch: 0 loss: 964.2340, time: 3.21s
[INFO]: TRAIN epoch: 0 loss: 957.2648, time: 3.31s
[INFO]: TRAIN epoch: 0 loss: 905.4059, time: 3.17s
[INFO]: TRAIN epoch: 0 loss: 899.1970, time: 3.18s
[INFO]: TRAIN epoch: 0 loss: 831.2700, time: 3.16s
[INFO]: TRAIN epoch: 0 loss: 844.9703, time: 3.18s
[INFO]: TRAIN epoch: 0 loss: 874.9543, time: 3.32s
[INFO]: TRAIN epoch: 0 loss: 971.6694, time: 3.17s
[INFO]: TRAIN epoch: 0 loss: 816.1972, time: 3.16s
[INFO]: TRAIN epoch: 0 loss: 829.9730, time: 3.17s
[INFO]: TRAIN epoch: 0 loss: 772.7239, time: 3.15s
[INFO]: TRAIN epoch: 0 loss: 714.7103, time: 3.37s
[INFO]: TRAIN epoch: 0 loss: 665.7528, time: 3.16s
[INFO]: TRAIN epoch: 0 loss: 652.9714, time: 3.15s
[INFO]: TRAIN epoch: 0 loss: 611.5053, time: 3.14s
[INFO]: TRAIN epoch: 0 loss: 512.5839, time: 3.42s
[INFO]: TRAIN epoch: 0 loss: 767.7200, time: 3.17s
[INFO]: TRAIN epoch: 0 loss: 608.5515, time: 3.19s
[INFO]: TRAIN epoch: 0 loss: 481.8497, time: 3.17s
[INFO]: TRAIN epoch: 0 loss: 437.7770, time: 3.21s
[INFO]: TRAIN epoch: 0 loss: 877.2041, time: 3.32s
[INFO]: TRAIN epoch: 0 loss: 767.9091, time: 3.16s
[INFO]: TRAIN epoch: 0 loss: 555.4688, time: 3.16s
[INFO]: TRAIN epoch: 0 loss: 457.3128, time: 3.25s
[INFO]: VALIDATION epoch: 0 loss: 489.2818
[INFO]: VALIDATION epoch: 0 loss: 493.5867
[INFO]: VALIDATION epoch: 0 loss: 481.3875
[INFO]: VALIDATION epoch: 0 loss: 666.2689
[INFO]: VALIDATION epoch: 0 loss: 669.2841
[INFO]: TRAIN epoch: 1 loss: 416.2283, time: 3.03s
[INFO]: TRAIN epoch: 1 loss: 370.8184, time: 3.22s
[INFO]: TRAIN epoch: 1 loss: 392.7697, time: 3.11s
[INFO]: TRAIN epoch: 1 loss: 424.4722, time: 3.15s
[INFO]: TRAIN epoch: 1 loss: 432.9732, time: 3.17s
[INFO]: TRAIN epoch: 1 loss: 372.5190, time: 3.17s
[INFO]: TRAIN epoch: 1 loss: 336.5880, time: 3.31s
[INFO]: TRAIN epoch: 1 loss: 738.4065, time: 3.17s
[INFO]: TRAIN epoch: 1 loss: 333.5378, time: 3.20s
[INFO]: TRAIN epoch: 1 loss: 298.4030, time: 3.14s
[INFO]: TRAIN epoch: 1 loss: 333.4066, time: 3.24s
[INFO]: TRAIN epoch: 1 loss: 276.5818, time: 3.44s
[INFO]: TRAIN epoch: 1 loss: 267.4651, time: 3.19s
[INFO]: TRAIN epoch: 1 loss: 277.3237, time: 3.18s
[INFO]: TRAIN epoch: 1 loss: 385.8073, time: 3.18s
[INFO]: TRAIN epoch: 1 loss: 310.0936, time: 3.18s
[INFO]: TRAIN epoch: 1 loss: 357.7935, time: 3.16s
[INFO]: TRAIN epoch: 1 loss: 260.5863, time: 3.16s
[INFO]: TRAIN epoch: 1 loss: 277.8659, time: 3.32s
[INFO]: TRAIN epoch: 1 loss: 242.6995, time: 3.23s
[INFO]: TRAIN epoch: 1 loss: 311.4437, time: 3.15s
[INFO]: TRAIN epoch: 1 loss: 266.4232, time: 3.20s
[INFO]: TRAIN epoch: 1 loss: 261.3535, time: 3.18s
[INFO]: TRAIN epoch: 1 loss: 255.5287, time: 3.18s
[INFO]: TRAIN epoch: 1 loss: 264.6877, time: 3.31s
[INFO]: TRAIN epoch: 1 loss: 242.0815, time: 3.19s
[INFO]: TRAIN epoch: 1 loss: 250.4103, time: 3.16s
[INFO]: TRAIN epoch: 1 loss: 292.3737, time: 3.14s
[INFO]: TRAIN epoch: 1 loss: 225.8644, time: 3.17s
[INFO]: TRAIN epoch: 1 loss: 238.6846, time: 3.17s
[INFO]: TRAIN epoch: 1 loss: 257.5237, time: 3.32s
[INFO]: TRAIN epoch: 1 loss: 244.4470, time: 3.16s
[INFO]: TRAIN epoch: 1 loss: 347.4957, time: 3.18s
[INFO]: TRAIN epoch: 1 loss: 239.8296, time: 3.15s
[INFO]: TRAIN epoch: 1 loss: 248.2439, time: 3.16s
[INFO]: VALIDATION epoch: 1 loss: 255.1189
[INFO]: VALIDATION epoch: 1 loss: 253.0234
[INFO]: VALIDATION epoch: 1 loss: 240.0016
[INFO]: VALIDATION epoch: 1 loss: 235.8999
[INFO]: VALIDATION epoch: 1 loss: 294.5552
[INFO]: TRAIN epoch: 2 loss: 245.5716, time: 2.94s
[INFO]: TRAIN epoch: 2 loss: 206.6102, time: 3.18s
[INFO]: TRAIN epoch: 2 loss: 213.9370, time: 3.09s
[INFO]: TRAIN epoch: 2 loss: 227.7251, time: 3.13s
[INFO]: TRAIN epoch: 2 loss: 281.5749, time: 3.13s
[INFO]: TRAIN epoch: 2 loss: 237.3249, time: 3.14s
[INFO]: TRAIN epoch: 2 loss: 227.2923, time: 3.18s
[INFO]: TRAIN epoch: 2 loss: 227.4738, time: 3.30s
[INFO]: TRAIN epoch: 2 loss: 232.9099, time: 3.16s
[INFO]: TRAIN epoch: 2 loss: 223.0027, time: 3.18s
[INFO]: TRAIN epoch: 2 loss: 211.3686, time: 3.18s
[INFO]: TRAIN epoch: 2 loss: 224.7321, time: 3.16s
[INFO]: TRAIN epoch: 2 loss: 216.5387, time: 3.20s
[INFO]: TRAIN epoch: 2 loss: 217.7342, time: 3.36s
[INFO]: TRAIN epoch: 2 loss: 224.3146, time: 3.18s
[INFO]: TRAIN epoch: 2 loss: 237.8892, time: 3.22s
[INFO]: TRAIN epoch: 2 loss: 207.6929, time: 3.18s
[INFO]: TRAIN epoch: 2 loss: 286.2715, time: 3.20s
[INFO]: TRAIN epoch: 2 loss: 201.7270, time: 3.34s
[INFO]: TRAIN epoch: 2 loss: 203.9891, time: 3.21s
[INFO]: TRAIN epoch: 2 loss: 270.6555, time: 3.19s
[INFO]: TRAIN epoch: 2 loss: 200.2350, time: 3.24s
[INFO]: TRAIN epoch: 2 loss: 199.9541, time: 3.25s
[INFO]: TRAIN epoch: 2 loss: 241.4011, time: 3.38s
[INFO]: TRAIN epoch: 2 loss: 206.8182, time: 3.24s
[INFO]: TRAIN epoch: 2 loss: 192.4888, time: 3.25s
[INFO]: TRAIN epoch: 2 loss: 253.5828, time: 3.23s
[INFO]: TRAIN epoch: 2 loss: 203.0185, time: 3.22s
[INFO]: TRAIN epoch: 2 loss: 222.1202, time: 3.24s
[INFO]: TRAIN epoch: 2 loss: 205.0111, time: 3.37s
[INFO]: TRAIN epoch: 2 loss: 256.8507, time: 3.25s
[INFO]: TRAIN epoch: 2 loss: 219.7327, time: 3.25s
[INFO]: TRAIN epoch: 2 loss: 202.8107, time: 3.24s
[INFO]: TRAIN epoch: 2 loss: 213.9384, time: 3.28s
[INFO]: TRAIN epoch: 2 loss: 212.2030, time: 3.31s
[INFO]: VALIDATION epoch: 2 loss: 238.8112
[INFO]: VALIDATION epoch: 2 loss: 217.1277
[INFO]: VALIDATION epoch: 2 loss: 210.2649
[INFO]: VALIDATION epoch: 2 loss: 217.6474
[INFO]: VALIDATION epoch: 2 loss: 244.7872
[INFO]: TRAIN epoch: 3 loss: 259.1195, time: 3.00s
[INFO]: TRAIN epoch: 3 loss: 209.3589, time: 3.06s
[INFO]: TRAIN epoch: 3 loss: 200.9735, time: 3.10s
[INFO]: TRAIN epoch: 3 loss: 178.3621, time: 3.14s
[INFO]: TRAIN epoch: 3 loss: 237.2685, time: 3.35s
[INFO]: TRAIN epoch: 3 loss: 194.7611, time: 3.21s
[INFO]: TRAIN epoch: 3 loss: 190.9882, time: 3.18s
[INFO]: TRAIN epoch: 3 loss: 173.1239, time: 3.17s
[INFO]: TRAIN epoch: 3 loss: 172.3433, time: 3.19s
[INFO]: TRAIN epoch: 3 loss: 178.3370, time: 3.32s
[INFO]: TRAIN epoch: 3 loss: 242.2814, time: 3.22s
[INFO]: TRAIN epoch: 3 loss: 253.2048, time: 3.25s
[INFO]: TRAIN epoch: 3 loss: 210.8582, time: 3.14s
[INFO]: TRAIN epoch: 3 loss: 206.6266, time: 3.15s
[INFO]: TRAIN epoch: 3 loss: 212.0144, time: 3.31s
[INFO]: TRAIN epoch: 3 loss: 221.0250, time: 3.15s
[INFO]: TRAIN epoch: 3 loss: 234.6103, time: 3.16s
[INFO]: TRAIN epoch: 3 loss: 235.8349, time: 3.16s
[INFO]: TRAIN epoch: 3 loss: 304.8604, time: 3.15s
[INFO]: TRAIN epoch: 3 loss: 223.9786, time: 3.31s
[INFO]: TRAIN epoch: 3 loss: 204.0339, time: 3.16s
[INFO]: TRAIN epoch: 3 loss: 208.3562, time: 3.19s
[INFO]: TRAIN epoch: 3 loss: 197.1149, time: 3.18s
[INFO]: TRAIN epoch: 3 loss: 204.6568, time: 3.22s
[INFO]: TRAIN epoch: 3 loss: 267.7996, time: 3.37s
[INFO]: TRAIN epoch: 3 loss: 217.5039, time: 3.17s
[INFO]: TRAIN epoch: 3 loss: 186.3238, time: 3.18s
[INFO]: TRAIN epoch: 3 loss: 218.6689, time: 3.19s
[INFO]: TRAIN epoch: 3 loss: 235.6217, time: 3.32s
[INFO]: TRAIN epoch: 3 loss: 218.8548, time: 3.21s
[INFO]: TRAIN epoch: 3 loss: 211.7163, time: 3.22s
[INFO]: TRAIN epoch: 3 loss: 210.0096, time: 3.18s
[INFO]: TRAIN epoch: 3 loss: 187.6339, time: 3.21s
[INFO]: TRAIN epoch: 3 loss: 226.3237, time: 3.36s
[INFO]: TRAIN epoch: 3 loss: 201.2921, time: 3.23s
[INFO]: VALIDATION epoch: 3 loss: 234.5457
[INFO]: VALIDATION epoch: 3 loss: 206.0514
[INFO]: VALIDATION epoch: 3 loss: 196.2252
[INFO]: VALIDATION epoch: 3 loss: 191.5342
[INFO]: VALIDATION epoch: 3 loss: 243.3630
[INFO]: TRAIN epoch: 4 loss: 201.4744, time: 2.96s
[INFO]: TRAIN epoch: 4 loss: 201.6686, time: 3.09s
[INFO]: TRAIN epoch: 4 loss: 190.0971, time: 3.28s
[INFO]: TRAIN epoch: 4 loss: 204.2004, time: 3.13s
[INFO]: TRAIN epoch: 4 loss: 214.0782, time: 3.18s
[INFO]: TRAIN epoch: 4 loss: 204.6474, time: 3.17s
[INFO]: TRAIN epoch: 4 loss: 193.3296, time: 3.17s
[INFO]: TRAIN epoch: 4 loss: 203.9958, time: 3.34s
[INFO]: TRAIN epoch: 4 loss: 228.7522, time: 3.23s
[INFO]: TRAIN epoch: 4 loss: 237.6225, time: 3.16s
[INFO]: TRAIN epoch: 4 loss: 213.7348, time: 3.13s
[INFO]: TRAIN epoch: 4 loss: 173.4052, time: 3.20s
[INFO]: TRAIN epoch: 4 loss: 176.8066, time: 3.41s
[INFO]: TRAIN epoch: 4 loss: 191.1573, time: 3.24s
[INFO]: TRAIN epoch: 4 loss: 230.0544, time: 3.30s
[INFO]: TRAIN epoch: 4 loss: 206.8955, time: 3.27s
[INFO]: TRAIN epoch: 4 loss: 156.8676, time: 3.23s
[INFO]: TRAIN epoch: 4 loss: 191.5306, time: 3.35s
[INFO]: TRAIN epoch: 4 loss: 173.7585, time: 3.19s
[INFO]: TRAIN epoch: 4 loss: 214.9690, time: 3.26s
[INFO]: TRAIN epoch: 4 loss: 168.5138, time: 3.17s
[INFO]: TRAIN epoch: 4 loss: 196.3956, time: 3.30s
[INFO]: TRAIN epoch: 4 loss: 181.5693, time: 3.33s
[INFO]: TRAIN epoch: 4 loss: 192.4165, time: 3.17s
[INFO]: TRAIN epoch: 4 loss: 177.5828, time: 3.33s
[INFO]: TRAIN epoch: 4 loss: 177.2754, time: 3.22s
[INFO]: TRAIN epoch: 4 loss: 164.2204, time: 3.30s
[INFO]: TRAIN epoch: 4 loss: 274.2208, time: 3.21s
[INFO]: TRAIN epoch: 4 loss: 174.2446, time: 3.24s
[INFO]: TRAIN epoch: 4 loss: 205.3212, time: 3.23s
[INFO]: TRAIN epoch: 4 loss: 179.1807, time: 3.36s
[INFO]: TRAIN epoch: 4 loss: 189.9758, time: 3.26s
[INFO]: TRAIN epoch: 4 loss: 183.2396, time: 3.24s
[INFO]: TRAIN epoch: 4 loss: 230.7861, time: 3.22s
[INFO]: TRAIN epoch: 4 loss: 199.6635, time: 3.26s
[INFO]: VALIDATION epoch: 4 loss: 223.3018
[INFO]: VALIDATION epoch: 4 loss: 197.1601
[INFO]: VALIDATION epoch: 4 loss: 175.3967
[INFO]: VALIDATION epoch: 4 loss: 193.7364
[INFO]: VALIDATION epoch: 4 loss: 231.9702
[INFO]: TRAIN epoch: 5 loss: 194.1718, time: 2.93s
[INFO]: TRAIN epoch: 5 loss: 184.2975, time: 3.20s
[INFO]: TRAIN epoch: 5 loss: 177.8993, time: 3.12s
[INFO]: TRAIN epoch: 5 loss: 172.1294, time: 3.17s
[INFO]: TRAIN epoch: 5 loss: 192.8541, time: 3.13s
[INFO]: TRAIN epoch: 5 loss: 166.5409, time: 3.17s
[INFO]: TRAIN epoch: 5 loss: 188.7907, time: 3.20s
[INFO]: TRAIN epoch: 5 loss: 150.3294, time: 3.32s
[INFO]: TRAIN epoch: 5 loss: 178.3971, time: 3.19s
[INFO]: TRAIN epoch: 5 loss: 173.2811, time: 3.18s
[INFO]: TRAIN epoch: 5 loss: 230.6881, time: 3.28s
[INFO]: TRAIN epoch: 5 loss: 215.8013, time: 3.31s
[INFO]: TRAIN epoch: 5 loss: 205.9570, time: 3.23s
[INFO]: TRAIN epoch: 5 loss: 202.8354, time: 3.38s
[INFO]: TRAIN epoch: 5 loss: 209.3984, time: 3.23s
[INFO]: TRAIN epoch: 5 loss: 184.1862, time: 3.22s
[INFO]: TRAIN epoch: 5 loss: 172.9204, time: 3.24s
[INFO]: TRAIN epoch: 5 loss: 174.0922, time: 3.23s
[INFO]: TRAIN epoch: 5 loss: 189.5674, time: 3.24s
[INFO]: TRAIN epoch: 5 loss: 202.3412, time: 3.34s
[INFO]: TRAIN epoch: 5 loss: 193.2248, time: 3.20s
[INFO]: TRAIN epoch: 5 loss: 242.2344, time: 3.22s
[INFO]: TRAIN epoch: 5 loss: 166.5123, time: 3.22s
[INFO]: TRAIN epoch: 5 loss: 155.9568, time: 3.23s
[INFO]: TRAIN epoch: 5 loss: 186.1709, time: 3.37s
[INFO]: TRAIN epoch: 5 loss: 173.9962, time: 3.25s
[INFO]: TRAIN epoch: 5 loss: 176.3945, time: 3.24s
[INFO]: TRAIN epoch: 5 loss: 189.6601, time: 3.21s
[INFO]: TRAIN epoch: 5 loss: 197.6424, time: 3.24s
[INFO]: TRAIN epoch: 5 loss: 232.6164, time: 3.35s
[INFO]: TRAIN epoch: 5 loss: 173.9528, time: 3.24s
[INFO]: TRAIN epoch: 5 loss: 164.8258, time: 3.23s
[INFO]: TRAIN epoch: 5 loss: 205.0208, time: 3.24s
[INFO]: TRAIN epoch: 5 loss: 191.2624, time: 3.23s
[INFO]: TRAIN epoch: 5 loss: 202.8535, time: 3.24s
[INFO]: VALIDATION epoch: 5 loss: 223.0356
[INFO]: VALIDATION epoch: 5 loss: 196.7855
[INFO]: VALIDATION epoch: 5 loss: 169.9592
[INFO]: VALIDATION epoch: 5 loss: 213.6609
[INFO]: VALIDATION epoch: 5 loss: 221.0377
[INFO]: TRAIN epoch: 6 loss: 175.3928, time: 3.10s
[INFO]: TRAIN epoch: 6 loss: 151.6335, time: 3.08s
[INFO]: TRAIN epoch: 6 loss: 140.7797, time: 3.13s
[INFO]: TRAIN epoch: 6 loss: 185.4346, time: 3.14s
[INFO]: TRAIN epoch: 6 loss: 158.0117, time: 3.18s
[INFO]: TRAIN epoch: 6 loss: 179.4181, time: 3.30s
[INFO]: TRAIN epoch: 6 loss: 207.2456, time: 3.17s
[INFO]: TRAIN epoch: 6 loss: 177.1693, time: 3.23s
[INFO]: TRAIN epoch: 6 loss: 169.3224, time: 3.23s
[INFO]: TRAIN epoch: 6 loss: 189.8171, time: 3.21s
[INFO]: TRAIN epoch: 6 loss: 194.9428, time: 3.22s
[INFO]: TRAIN epoch: 6 loss: 192.2769, time: 3.35s
[INFO]: TRAIN epoch: 6 loss: 147.9973, time: 3.23s
[INFO]: TRAIN epoch: 6 loss: 184.4654, time: 3.22s
[INFO]: TRAIN epoch: 6 loss: 154.3250, time: 3.22s
[INFO]: TRAIN epoch: 6 loss: 174.9055, time: 3.23s
[INFO]: TRAIN epoch: 6 loss: 176.1465, time: 3.36s
[INFO]: TRAIN epoch: 6 loss: 185.0592, time: 3.21s
[INFO]: TRAIN epoch: 6 loss: 172.7938, time: 3.23s
[INFO]: TRAIN epoch: 6 loss: 171.5161, time: 3.21s
[INFO]: TRAIN epoch: 6 loss: 228.9397, time: 3.16s
[INFO]: TRAIN epoch: 6 loss: 166.1685, time: 3.15s
[INFO]: TRAIN epoch: 6 loss: 201.3050, time: 3.33s
[INFO]: TRAIN epoch: 6 loss: 172.4911, time: 3.16s
[INFO]: TRAIN epoch: 6 loss: 152.7783, time: 3.18s
[INFO]: TRAIN epoch: 6 loss: 164.5403, time: 3.15s
[INFO]: TRAIN epoch: 6 loss: 169.5883, time: 3.20s
[INFO]: TRAIN epoch: 6 loss: 179.9380, time: 3.30s
[INFO]: TRAIN epoch: 6 loss: 179.9341, time: 3.15s
[INFO]: TRAIN epoch: 6 loss: 187.6567, time: 3.17s
[INFO]: TRAIN epoch: 6 loss: 154.4931, time: 3.17s
[INFO]: TRAIN epoch: 6 loss: 163.9409, time: 3.31s
[INFO]: TRAIN epoch: 6 loss: 199.6225, time: 3.24s
[INFO]: TRAIN epoch: 6 loss: 170.8921, time: 3.16s
[INFO]: TRAIN epoch: 6 loss: 246.1127, time: 3.14s
[INFO]: VALIDATION epoch: 6 loss: 216.9330
[INFO]: VALIDATION epoch: 6 loss: 219.3551
[INFO]: VALIDATION epoch: 6 loss: 157.5051
[INFO]: VALIDATION epoch: 6 loss: 190.0640
[INFO]: VALIDATION epoch: 6 loss: 250.6583
[INFO]: TRAIN epoch: 7 loss: 157.2590, time: 2.92s
[INFO]: TRAIN epoch: 7 loss: 202.6061, time: 3.05s
[INFO]: TRAIN epoch: 7 loss: 161.1697, time: 3.25s
[INFO]: TRAIN epoch: 7 loss: 163.3382, time: 3.11s
[INFO]: TRAIN epoch: 7 loss: 146.4398, time: 3.17s
[INFO]: TRAIN epoch: 7 loss: 155.6543, time: 3.35s
[INFO]: TRAIN epoch: 7 loss: 220.1409, time: 3.16s
[INFO]: TRAIN epoch: 7 loss: 175.4207, time: 3.32s
[INFO]: TRAIN epoch: 7 loss: 180.9179, time: 3.20s
[INFO]: TRAIN epoch: 7 loss: 151.4848, time: 3.16s
[INFO]: TRAIN epoch: 7 loss: 207.4261, time: 3.15s
[INFO]: TRAIN epoch: 7 loss: 168.0926, time: 3.36s
[INFO]: TRAIN epoch: 7 loss: 179.1900, time: 3.17s
[INFO]: TRAIN epoch: 7 loss: 170.4406, time: 3.17s
[INFO]: TRAIN epoch: 7 loss: 163.7906, time: 3.17s
[INFO]: TRAIN epoch: 7 loss: 148.2639, time: 3.19s
[INFO]: TRAIN epoch: 7 loss: 217.9146, time: 3.38s
[INFO]: TRAIN epoch: 7 loss: 185.4856, time: 3.18s
[INFO]: TRAIN epoch: 7 loss: 183.0223, time: 3.22s
[INFO]: TRAIN epoch: 7 loss: 171.4957, time: 3.19s
[INFO]: TRAIN epoch: 7 loss: 163.1055, time: 3.27s
[INFO]: TRAIN epoch: 7 loss: 204.0773, time: 3.34s
[INFO]: TRAIN epoch: 7 loss: 163.4543, time: 3.21s
[INFO]: TRAIN epoch: 7 loss: 173.0008, time: 3.19s
[INFO]: TRAIN epoch: 7 loss: 186.7134, time: 3.16s
[INFO]: TRAIN epoch: 7 loss: 157.0287, time: 3.16s
[INFO]: TRAIN epoch: 7 loss: 199.4814, time: 3.31s
[INFO]: TRAIN epoch: 7 loss: 124.7162, time: 3.18s
[INFO]: TRAIN epoch: 7 loss: 179.9245, time: 3.19s
[INFO]: TRAIN epoch: 7 loss: 150.7070, time: 3.27s
[INFO]: TRAIN epoch: 7 loss: 179.0639, time: 3.18s
[INFO]: TRAIN epoch: 7 loss: 176.9387, time: 3.34s
[INFO]: TRAIN epoch: 7 loss: 217.2990, time: 3.17s
[INFO]: TRAIN epoch: 7 loss: 165.9308, time: 3.19s
[INFO]: TRAIN epoch: 7 loss: 182.9364, time: 3.17s
[INFO]: VALIDATION epoch: 7 loss: 209.6858
[INFO]: VALIDATION epoch: 7 loss: 197.3080
[INFO]: VALIDATION epoch: 7 loss: 154.5737
[INFO]: VALIDATION epoch: 7 loss: 162.6558
[INFO]: VALIDATION epoch: 7 loss: 209.4370
[INFO]: TRAIN epoch: 8 loss: 145.6058, time: 2.96s
[INFO]: TRAIN epoch: 8 loss: 151.6158, time: 3.08s
[INFO]: TRAIN epoch: 8 loss: 184.7147, time: 3.25s
[INFO]: TRAIN epoch: 8 loss: 165.4537, time: 3.14s
[INFO]: TRAIN epoch: 8 loss: 169.4681, time: 3.15s
[INFO]: TRAIN epoch: 8 loss: 163.6095, time: 3.16s
[INFO]: TRAIN epoch: 8 loss: 149.4665, time: 3.17s
[INFO]: TRAIN epoch: 8 loss: 206.1981, time: 3.30s
[INFO]: TRAIN epoch: 8 loss: 227.5011, time: 3.15s
[INFO]: TRAIN epoch: 8 loss: 190.5559, time: 3.17s
[INFO]: TRAIN epoch: 8 loss: 149.6689, time: 3.22s
[INFO]: TRAIN epoch: 8 loss: 160.9719, time: 3.32s
[INFO]: TRAIN epoch: 8 loss: 149.7796, time: 3.19s
[INFO]: TRAIN epoch: 8 loss: 131.0215, time: 3.18s
[INFO]: TRAIN epoch: 8 loss: 197.4242, time: 3.16s
[INFO]: TRAIN epoch: 8 loss: 131.2336, time: 3.16s
[INFO]: TRAIN epoch: 8 loss: 184.4305, time: 3.31s
[INFO]: TRAIN epoch: 8 loss: 130.8748, time: 3.19s
[INFO]: TRAIN epoch: 8 loss: 172.7468, time: 3.20s
[INFO]: TRAIN epoch: 8 loss: 167.1409, time: 3.17s
[INFO]: TRAIN epoch: 8 loss: 187.6806, time: 3.17s
[INFO]: TRAIN epoch: 8 loss: 184.2674, time: 3.31s
[INFO]: TRAIN epoch: 8 loss: 162.9440, time: 3.15s
[INFO]: TRAIN epoch: 8 loss: 145.6196, time: 3.17s
[INFO]: TRAIN epoch: 8 loss: 194.4132, time: 3.14s
[INFO]: TRAIN epoch: 8 loss: 203.1915, time: 3.17s
[INFO]: TRAIN epoch: 8 loss: 189.6224, time: 3.34s
[INFO]: TRAIN epoch: 8 loss: 192.0187, time: 3.21s
[INFO]: TRAIN epoch: 8 loss: 146.3781, time: 3.19s
[INFO]: TRAIN epoch: 8 loss: 209.3225, time: 3.17s
[INFO]: TRAIN epoch: 8 loss: 163.9825, time: 3.19s
[INFO]: TRAIN epoch: 8 loss: 157.8227, time: 3.30s
[INFO]: TRAIN epoch: 8 loss: 161.7509, time: 3.17s
[INFO]: TRAIN epoch: 8 loss: 170.7278, time: 3.14s
[INFO]: TRAIN epoch: 8 loss: 165.2887, time: 3.18s
[INFO]: VALIDATION epoch: 8 loss: 215.6664
[INFO]: VALIDATION epoch: 8 loss: 188.4973
[INFO]: VALIDATION epoch: 8 loss: 141.7746
[INFO]: VALIDATION epoch: 8 loss: 173.7550
[INFO]: VALIDATION epoch: 8 loss: 209.7826
[INFO]: TRAIN epoch: 9 loss: 174.3986, time: 2.94s
[INFO]: TRAIN epoch: 9 loss: 144.6514, time: 3.07s
[INFO]: TRAIN epoch: 9 loss: 132.0824, time: 3.23s
[INFO]: TRAIN epoch: 9 loss: 163.1538, time: 3.16s
[INFO]: TRAIN epoch: 9 loss: 173.2366, time: 3.15s
[INFO]: TRAIN epoch: 9 loss: 183.2349, time: 3.10s
[INFO]: TRAIN epoch: 9 loss: 184.2859, time: 3.14s
[INFO]: TRAIN epoch: 9 loss: 162.1357, time: 3.31s
[INFO]: TRAIN epoch: 9 loss: 200.2738, time: 3.16s
[INFO]: TRAIN epoch: 9 loss: 183.7299, time: 3.18s
[INFO]: TRAIN epoch: 9 loss: 153.2173, time: 3.15s
[INFO]: TRAIN epoch: 9 loss: 140.6251, time: 3.31s
[INFO]: TRAIN epoch: 9 loss: 141.6180, time: 3.16s
[INFO]: TRAIN epoch: 9 loss: 160.2999, time: 3.13s
[INFO]: TRAIN epoch: 9 loss: 168.5843, time: 3.17s
[INFO]: TRAIN epoch: 9 loss: 184.9429, time: 3.14s
[INFO]: TRAIN epoch: 9 loss: 179.4197, time: 3.32s
[INFO]: TRAIN epoch: 9 loss: 131.0101, time: 3.17s
[INFO]: TRAIN epoch: 9 loss: 167.3727, time: 3.21s
[INFO]: TRAIN epoch: 9 loss: 180.1406, time: 3.21s
[INFO]: TRAIN epoch: 9 loss: 137.6114, time: 3.18s
[INFO]: TRAIN epoch: 9 loss: 134.1103, time: 3.32s
[INFO]: TRAIN epoch: 9 loss: 178.6850, time: 3.16s
[INFO]: TRAIN epoch: 9 loss: 175.1753, time: 3.16s
[INFO]: TRAIN epoch: 9 loss: 176.4907, time: 3.17s
[INFO]: TRAIN epoch: 9 loss: 146.2845, time: 3.17s
[INFO]: TRAIN epoch: 9 loss: 194.6870, time: 3.35s
[INFO]: TRAIN epoch: 9 loss: 150.6469, time: 3.17s
[INFO]: TRAIN epoch: 9 loss: 139.3719, time: 3.17s
[INFO]: TRAIN epoch: 9 loss: 156.0389, time: 3.17s
[INFO]: TRAIN epoch: 9 loss: 153.8550, time: 3.18s
[INFO]: TRAIN epoch: 9 loss: 160.5443, time: 3.31s
[INFO]: TRAIN epoch: 9 loss: 169.3226, time: 3.17s
[INFO]: TRAIN epoch: 9 loss: 154.1491, time: 3.17s
[INFO]: TRAIN epoch: 9 loss: 131.6200, time: 3.14s
[INFO]: VALIDATION epoch: 9 loss: 217.0331
[INFO]: VALIDATION epoch: 9 loss: 196.0059
[INFO]: VALIDATION epoch: 9 loss: 149.9840
[INFO]: VALIDATION epoch: 9 loss: 173.1649
[INFO]: VALIDATION epoch: 9 loss: 222.2752
[INFO]: TRAIN epoch: 10 loss: 147.6626, time: 3.04s
[INFO]: TRAIN epoch: 10 loss: 140.6468, time: 3.11s
[INFO]: TRAIN epoch: 10 loss: 182.2863, time: 3.23s
[INFO]: TRAIN epoch: 10 loss: 173.9482, time: 3.12s
[INFO]: TRAIN epoch: 10 loss: 152.5486, time: 3.13s
[INFO]: TRAIN epoch: 10 loss: 163.5674, time: 3.14s
[INFO]: TRAIN epoch: 10 loss: 153.5935, time: 3.15s
[INFO]: TRAIN epoch: 10 loss: 142.0736, time: 3.30s
[INFO]: TRAIN epoch: 10 loss: 184.3982, time: 3.15s
[INFO]: TRAIN epoch: 10 loss: 146.0775, time: 3.12s
[INFO]: TRAIN epoch: 10 loss: 149.3628, time: 3.17s
[INFO]: TRAIN epoch: 10 loss: 179.1003, time: 3.32s
[INFO]: TRAIN epoch: 10 loss: 178.5836, time: 3.15s
[INFO]: TRAIN epoch: 10 loss: 147.0065, time: 3.15s
[INFO]: TRAIN epoch: 10 loss: 142.4151, time: 3.16s
[INFO]: TRAIN epoch: 10 loss: 190.2940, time: 3.15s
[INFO]: TRAIN epoch: 10 loss: 138.1196, time: 3.32s
[INFO]: TRAIN epoch: 10 loss: 154.7016, time: 3.14s
[INFO]: TRAIN epoch: 10 loss: 132.8268, time: 3.17s
[INFO]: TRAIN epoch: 10 loss: 135.5990, time: 3.17s
[INFO]: TRAIN epoch: 10 loss: 151.6137, time: 3.16s
[INFO]: TRAIN epoch: 10 loss: 139.1030, time: 3.34s
[INFO]: TRAIN epoch: 10 loss: 152.3272, time: 3.18s
[INFO]: TRAIN epoch: 10 loss: 122.6848, time: 3.15s
[INFO]: TRAIN epoch: 10 loss: 133.1789, time: 3.18s
[INFO]: TRAIN epoch: 10 loss: 173.9664, time: 3.13s
[INFO]: TRAIN epoch: 10 loss: 186.7836, time: 3.29s
[INFO]: TRAIN epoch: 10 loss: 188.9101, time: 3.17s
[INFO]: TRAIN epoch: 10 loss: 151.3380, time: 3.15s
[INFO]: TRAIN epoch: 10 loss: 202.7507, time: 3.15s
[INFO]: TRAIN epoch: 10 loss: 152.1613, time: 3.16s
[INFO]: TRAIN epoch: 10 loss: 181.8700, time: 3.31s
[INFO]: TRAIN epoch: 10 loss: 165.4232, time: 3.18s
[INFO]: TRAIN epoch: 10 loss: 180.9952, time: 3.13s
[INFO]: TRAIN epoch: 10 loss: 170.8015, time: 3.13s
[INFO]: VALIDATION epoch: 10 loss: 229.8743
[INFO]: VALIDATION epoch: 10 loss: 176.1403
[INFO]: VALIDATION epoch: 10 loss: 175.4199
[INFO]: VALIDATION epoch: 10 loss: 195.4171
[INFO]: VALIDATION epoch: 10 loss: 203.7297
[INFO]: TRAIN epoch: 11 loss: 175.5116, time: 2.93s
[INFO]: TRAIN epoch: 11 loss: 175.1417, time: 3.03s
[INFO]: TRAIN epoch: 11 loss: 161.0865, time: 3.23s
[INFO]: TRAIN epoch: 11 loss: 154.0004, time: 3.10s
[INFO]: TRAIN epoch: 11 loss: 184.2504, time: 3.10s
[INFO]: TRAIN epoch: 11 loss: 175.9424, time: 3.13s
[INFO]: TRAIN epoch: 11 loss: 142.2847, time: 3.14s
[INFO]: TRAIN epoch: 11 loss: 128.7202, time: 3.29s
[INFO]: TRAIN epoch: 11 loss: 132.2814, time: 3.14s
[INFO]: TRAIN epoch: 11 loss: 158.9512, time: 3.15s
[INFO]: TRAIN epoch: 11 loss: 162.8207, time: 3.17s
[INFO]: TRAIN epoch: 11 loss: 204.9082, time: 3.32s
[INFO]: TRAIN epoch: 11 loss: 151.8025, time: 3.19s
[INFO]: TRAIN epoch: 11 loss: 169.3294, time: 3.15s
[INFO]: TRAIN epoch: 11 loss: 145.7073, time: 3.18s
[INFO]: TRAIN epoch: 11 loss: 133.0299, time: 3.17s
[INFO]: TRAIN epoch: 11 loss: 170.7269, time: 3.32s
[INFO]: TRAIN epoch: 11 loss: 143.4637, time: 3.15s
[INFO]: TRAIN epoch: 11 loss: 168.8540, time: 3.18s
[INFO]: TRAIN epoch: 11 loss: 193.9931, time: 3.17s
[INFO]: TRAIN epoch: 11 loss: 132.5303, time: 3.19s
[INFO]: TRAIN epoch: 11 loss: 197.5750, time: 3.30s
[INFO]: TRAIN epoch: 11 loss: 174.3282, time: 3.17s
[INFO]: TRAIN epoch: 11 loss: 192.4725, time: 3.15s
[INFO]: TRAIN epoch: 11 loss: 144.5042, time: 3.15s
[INFO]: TRAIN epoch: 11 loss: 185.6025, time: 3.18s
[INFO]: TRAIN epoch: 11 loss: 170.5630, time: 3.35s
[INFO]: TRAIN epoch: 11 loss: 165.5592, time: 3.17s
[INFO]: TRAIN epoch: 11 loss: 168.6004, time: 3.20s
[INFO]: TRAIN epoch: 11 loss: 145.8636, time: 3.17s
[INFO]: TRAIN epoch: 11 loss: 155.7368, time: 3.19s
[INFO]: TRAIN epoch: 11 loss: 154.5000, time: 3.34s
[INFO]: TRAIN epoch: 11 loss: 202.9388, time: 3.15s
[INFO]: TRAIN epoch: 11 loss: 147.6360, time: 3.19s
[INFO]: TRAIN epoch: 11 loss: 186.1895, time: 3.18s
[INFO]: VALIDATION epoch: 11 loss: 213.6535
[INFO]: VALIDATION epoch: 11 loss: 189.1469
[INFO]: VALIDATION epoch: 11 loss: 139.1993
[INFO]: VALIDATION epoch: 11 loss: 185.4515
[INFO]: VALIDATION epoch: 11 loss: 217.6909
[INFO]: TRAIN epoch: 12 loss: 130.9498, time: 2.96s
[INFO]: TRAIN epoch: 12 loss: 146.2595, time: 3.08s
[INFO]: TRAIN epoch: 12 loss: 155.1999, time: 3.25s
[INFO]: TRAIN epoch: 12 loss: 145.1066, time: 3.15s
[INFO]: TRAIN epoch: 12 loss: 149.1715, time: 3.14s
[INFO]: TRAIN epoch: 12 loss: 182.8789, time: 3.12s
[INFO]: TRAIN epoch: 12 loss: 175.2521, time: 3.16s
[INFO]: TRAIN epoch: 12 loss: 156.6085, time: 3.32s
[INFO]: TRAIN epoch: 12 loss: 138.6313, time: 3.18s
[INFO]: TRAIN epoch: 12 loss: 162.4709, time: 3.16s
[INFO]: TRAIN epoch: 12 loss: 186.5917, time: 3.14s
[INFO]: TRAIN epoch: 12 loss: 141.7845, time: 3.34s
[INFO]: TRAIN epoch: 12 loss: 161.5770, time: 3.23s
[INFO]: TRAIN epoch: 12 loss: 153.2110, time: 3.25s
[INFO]: TRAIN epoch: 12 loss: 184.6337, time: 3.15s
[INFO]: TRAIN epoch: 12 loss: 138.6440, time: 3.23s
[INFO]: TRAIN epoch: 12 loss: 139.7289, time: 3.39s
[INFO]: TRAIN epoch: 12 loss: 167.8218, time: 3.27s
[INFO]: TRAIN epoch: 12 loss: 182.9704, time: 3.23s
[INFO]: TRAIN epoch: 12 loss: 156.8970, time: 3.22s
[INFO]: TRAIN epoch: 12 loss: 174.7572, time: 3.20s
[INFO]: TRAIN epoch: 12 loss: 202.2271, time: 3.30s
[INFO]: TRAIN epoch: 12 loss: 152.6078, time: 3.19s
[INFO]: TRAIN epoch: 12 loss: 176.0998, time: 3.17s
[INFO]: TRAIN epoch: 12 loss: 201.0311, time: 3.19s
[INFO]: TRAIN epoch: 12 loss: 172.5655, time: 3.18s
[INFO]: TRAIN epoch: 12 loss: 155.6967, time: 3.36s
[INFO]: TRAIN epoch: 12 loss: 150.0844, time: 3.21s
[INFO]: TRAIN epoch: 12 loss: 164.7535, time: 3.17s
[INFO]: TRAIN epoch: 12 loss: 163.3693, time: 3.16s
[INFO]: TRAIN epoch: 12 loss: 148.6539, time: 3.16s
[INFO]: TRAIN epoch: 12 loss: 169.2466, time: 3.34s
[INFO]: TRAIN epoch: 12 loss: 149.3627, time: 3.22s
[INFO]: TRAIN epoch: 12 loss: 167.4150, time: 3.20s
[INFO]: TRAIN epoch: 12 loss: 147.2363, time: 3.21s
[INFO]: VALIDATION epoch: 12 loss: 223.0260
[INFO]: VALIDATION epoch: 12 loss: 178.3792
[INFO]: VALIDATION epoch: 12 loss: 144.1953
[INFO]: VALIDATION epoch: 12 loss: 176.8480
[INFO]: VALIDATION epoch: 12 loss: 209.5145
[INFO]: TRAIN epoch: 13 loss: 145.2434, time: 2.97s
[INFO]: TRAIN epoch: 13 loss: 161.2599, time: 3.10s
[INFO]: TRAIN epoch: 13 loss: 144.7913, time: 3.25s
[INFO]: TRAIN epoch: 13 loss: 152.8918, time: 3.17s
[INFO]: TRAIN epoch: 13 loss: 121.1374, time: 3.17s
[INFO]: TRAIN epoch: 13 loss: 155.4947, time: 3.16s
[INFO]: TRAIN epoch: 13 loss: 167.5814, time: 3.17s
[INFO]: TRAIN epoch: 13 loss: 204.6851, time: 3.28s
[INFO]: TRAIN epoch: 13 loss: 150.6130, time: 3.16s
[INFO]: TRAIN epoch: 13 loss: 166.5210, time: 3.15s
[INFO]: TRAIN epoch: 13 loss: 157.1317, time: 3.15s
[INFO]: TRAIN epoch: 13 loss: 136.3219, time: 3.32s
[INFO]: TRAIN epoch: 13 loss: 155.6741, time: 3.25s
[INFO]: TRAIN epoch: 13 loss: 169.2173, time: 3.19s
[INFO]: TRAIN epoch: 13 loss: 166.5760, time: 3.18s
[INFO]: TRAIN epoch: 13 loss: 185.5027, time: 3.17s
[INFO]: TRAIN epoch: 13 loss: 200.7620, time: 3.31s
[INFO]: TRAIN epoch: 13 loss: 183.6485, time: 3.20s
[INFO]: TRAIN epoch: 13 loss: 184.3865, time: 3.17s
[INFO]: TRAIN epoch: 13 loss: 138.8962, time: 3.20s
[INFO]: TRAIN epoch: 13 loss: 179.2790, time: 3.17s
[INFO]: TRAIN epoch: 13 loss: 165.0500, time: 3.33s
[INFO]: TRAIN epoch: 13 loss: 199.4813, time: 3.20s
[INFO]: TRAIN epoch: 13 loss: 130.6579, time: 3.21s
[INFO]: TRAIN epoch: 13 loss: 127.2004, time: 3.17s
[INFO]: TRAIN epoch: 13 loss: 160.6609, time: 3.16s
[INFO]: TRAIN epoch: 13 loss: 145.8618, time: 3.32s
[INFO]: TRAIN epoch: 13 loss: 197.3660, time: 3.20s
[INFO]: TRAIN epoch: 13 loss: 157.6499, time: 3.16s
[INFO]: TRAIN epoch: 13 loss: 155.7986, time: 3.16s
[INFO]: TRAIN epoch: 13 loss: 131.8843, time: 3.19s
[INFO]: TRAIN epoch: 13 loss: 158.0276, time: 3.32s
[INFO]: TRAIN epoch: 13 loss: 146.2798, time: 3.15s
[INFO]: TRAIN epoch: 13 loss: 133.0441, time: 3.19s
[INFO]: TRAIN epoch: 13 loss: 126.3614, time: 3.19s
[INFO]: VALIDATION epoch: 13 loss: 197.2796
[INFO]: VALIDATION epoch: 13 loss: 167.0646
[INFO]: VALIDATION epoch: 13 loss: 144.2890
[INFO]: VALIDATION epoch: 13 loss: 174.6401
[INFO]: VALIDATION epoch: 13 loss: 194.0025
[INFO]: TRAIN epoch: 14 loss: 150.9931, time: 2.94s
[INFO]: TRAIN epoch: 14 loss: 138.9685, time: 3.08s
[INFO]: TRAIN epoch: 14 loss: 152.4899, time: 3.23s
[INFO]: TRAIN epoch: 14 loss: 168.0746, time: 3.14s
[INFO]: TRAIN epoch: 14 loss: 139.2239, time: 3.14s
[INFO]: TRAIN epoch: 14 loss: 121.5620, time: 3.16s
[INFO]: TRAIN epoch: 14 loss: 177.8656, time: 3.12s
[INFO]: TRAIN epoch: 14 loss: 111.5436, time: 3.26s
[INFO]: TRAIN epoch: 14 loss: 123.0421, time: 3.19s
[INFO]: TRAIN epoch: 14 loss: 176.2994, time: 3.15s
[INFO]: TRAIN epoch: 14 loss: 134.8984, time: 3.20s
[INFO]: TRAIN epoch: 14 loss: 99.4831, time: 3.35s
[INFO]: TRAIN epoch: 14 loss: 136.5600, time: 3.22s
[INFO]: TRAIN epoch: 14 loss: 131.7821, time: 3.29s
[INFO]: TRAIN epoch: 14 loss: 119.0120, time: 3.20s
[INFO]: TRAIN epoch: 14 loss: 153.1328, time: 3.14s
[INFO]: TRAIN epoch: 14 loss: 166.8600, time: 3.32s
[INFO]: TRAIN epoch: 14 loss: 159.3474, time: 3.24s
[INFO]: TRAIN epoch: 14 loss: 145.6236, time: 3.16s
[INFO]: TRAIN epoch: 14 loss: 183.1283, time: 3.19s
[INFO]: TRAIN epoch: 14 loss: 169.3197, time: 3.17s
[INFO]: TRAIN epoch: 14 loss: 104.2692, time: 3.30s
[INFO]: TRAIN epoch: 14 loss: 169.6105, time: 3.19s
[INFO]: TRAIN epoch: 14 loss: 158.4336, time: 3.18s
[INFO]: TRAIN epoch: 14 loss: 173.1498, time: 3.22s
[INFO]: TRAIN epoch: 14 loss: 186.4394, time: 3.17s
[INFO]: TRAIN epoch: 14 loss: 139.5351, time: 3.37s
[INFO]: TRAIN epoch: 14 loss: 151.8396, time: 3.20s
[INFO]: TRAIN epoch: 14 loss: 176.8766, time: 3.22s
[INFO]: TRAIN epoch: 14 loss: 155.1149, time: 3.18s
[INFO]: TRAIN epoch: 14 loss: 167.4826, time: 3.20s
[INFO]: TRAIN epoch: 14 loss: 160.4543, time: 3.33s
[INFO]: TRAIN epoch: 14 loss: 204.4477, time: 3.22s
[INFO]: TRAIN epoch: 14 loss: 145.0967, time: 3.23s
[INFO]: TRAIN epoch: 14 loss: 166.0172, time: 3.22s
[INFO]: VALIDATION epoch: 14 loss: 191.9700
[INFO]: VALIDATION epoch: 14 loss: 169.5680
[INFO]: VALIDATION epoch: 14 loss: 167.9761
[INFO]: VALIDATION epoch: 14 loss: 198.2556
[INFO]: VALIDATION epoch: 14 loss: 206.8944
[INFO]: TRAIN epoch: 15 loss: 138.1010, time: 3.00s
[INFO]: TRAIN epoch: 15 loss: 142.0125, time: 3.09s
[INFO]: TRAIN epoch: 15 loss: 197.0804, time: 3.27s
[INFO]: TRAIN epoch: 15 loss: 140.5062, time: 3.14s
[INFO]: TRAIN epoch: 15 loss: 141.0142, time: 3.14s
[INFO]: TRAIN epoch: 15 loss: 200.3332, time: 3.12s
[INFO]: TRAIN epoch: 15 loss: 149.8150, time: 3.16s
[INFO]: TRAIN epoch: 15 loss: 158.0804, time: 3.27s
[INFO]: TRAIN epoch: 15 loss: 178.4831, time: 3.13s
[INFO]: TRAIN epoch: 15 loss: 146.7419, time: 3.14s
[INFO]: TRAIN epoch: 15 loss: 177.6244, time: 3.17s
[INFO]: TRAIN epoch: 15 loss: 147.4974, time: 3.37s
[INFO]: TRAIN epoch: 15 loss: 138.8468, time: 3.16s
[INFO]: TRAIN epoch: 15 loss: 158.3433, time: 3.16s
[INFO]: TRAIN epoch: 15 loss: 153.4601, time: 3.16s
[INFO]: TRAIN epoch: 15 loss: 139.9706, time: 3.16s
[INFO]: TRAIN epoch: 15 loss: 154.7534, time: 3.30s
[INFO]: TRAIN epoch: 15 loss: 145.1642, time: 3.18s
[INFO]: TRAIN epoch: 15 loss: 158.7341, time: 3.17s
[INFO]: TRAIN epoch: 15 loss: 152.7580, time: 3.16s
[INFO]: TRAIN epoch: 15 loss: 157.3641, time: 3.16s
[INFO]: TRAIN epoch: 15 loss: 143.2072, time: 3.30s
[INFO]: TRAIN epoch: 15 loss: 114.0397, time: 3.17s
[INFO]: TRAIN epoch: 15 loss: 170.9147, time: 3.14s
[INFO]: TRAIN epoch: 15 loss: 137.9999, time: 3.19s
[INFO]: TRAIN epoch: 15 loss: 140.1090, time: 3.15s
[INFO]: TRAIN epoch: 15 loss: 144.1484, time: 3.34s
[INFO]: TRAIN epoch: 15 loss: 146.4286, time: 3.20s
[INFO]: TRAIN epoch: 15 loss: 149.7823, time: 3.19s
[INFO]: TRAIN epoch: 15 loss: 168.2346, time: 3.23s
[INFO]: TRAIN epoch: 15 loss: 129.7504, time: 3.20s
[INFO]: TRAIN epoch: 15 loss: 192.6152, time: 3.34s
[INFO]: TRAIN epoch: 15 loss: 187.9867, time: 3.21s
[INFO]: TRAIN epoch: 15 loss: 108.6397, time: 3.18s
[INFO]: TRAIN epoch: 15 loss: 167.2551, time: 3.24s
[INFO]: VALIDATION epoch: 15 loss: 209.7793
[INFO]: VALIDATION epoch: 15 loss: 176.5575
[INFO]: VALIDATION epoch: 15 loss: 134.7139
[INFO]: VALIDATION epoch: 15 loss: 174.1194
[INFO]: VALIDATION epoch: 15 loss: 213.4870
[INFO]: TRAIN epoch: 16 loss: 156.0999, time: 2.98s
[INFO]: TRAIN epoch: 16 loss: 136.0241, time: 3.07s
[INFO]: TRAIN epoch: 16 loss: 132.2701, time: 3.32s
[INFO]: TRAIN epoch: 16 loss: 155.5099, time: 3.13s
[INFO]: TRAIN epoch: 16 loss: 158.1221, time: 3.16s
[INFO]: TRAIN epoch: 16 loss: 137.3393, time: 3.13s
[INFO]: TRAIN epoch: 16 loss: 139.9079, time: 3.16s
[INFO]: TRAIN epoch: 16 loss: 145.2502, time: 3.47s
[INFO]: TRAIN epoch: 16 loss: 175.6842, time: 3.22s
[INFO]: TRAIN epoch: 16 loss: 124.0968, time: 3.18s
[INFO]: TRAIN epoch: 16 loss: 152.7469, time: 3.21s
[INFO]: TRAIN epoch: 16 loss: 141.2098, time: 3.39s
[INFO]: TRAIN epoch: 16 loss: 170.4910, time: 3.37s
[INFO]: TRAIN epoch: 16 loss: 158.6907, time: 3.22s
[INFO]: TRAIN epoch: 16 loss: 176.1652, time: 3.18s
[INFO]: TRAIN epoch: 16 loss: 212.2940, time: 3.17s
[INFO]: TRAIN epoch: 16 loss: 124.5969, time: 3.37s
[INFO]: TRAIN epoch: 16 loss: 197.6069, time: 3.24s
[INFO]: TRAIN epoch: 16 loss: 170.0843, time: 3.17s
[INFO]: TRAIN epoch: 16 loss: 132.1734, time: 3.19s
[INFO]: TRAIN epoch: 16 loss: 164.8473, time: 3.18s
[INFO]: TRAIN epoch: 16 loss: 138.8575, time: 3.33s
[INFO]: TRAIN epoch: 16 loss: 173.9775, time: 3.13s
[INFO]: TRAIN epoch: 16 loss: 166.2487, time: 3.14s
[INFO]: TRAIN epoch: 16 loss: 140.9083, time: 3.19s
[INFO]: TRAIN epoch: 16 loss: 130.4068, time: 3.18s
[INFO]: TRAIN epoch: 16 loss: 171.8304, time: 3.33s
[INFO]: TRAIN epoch: 16 loss: 143.1194, time: 3.20s
[INFO]: TRAIN epoch: 16 loss: 162.0674, time: 3.18s
[INFO]: TRAIN epoch: 16 loss: 171.8454, time: 3.20s
[INFO]: TRAIN epoch: 16 loss: 153.4682, time: 3.19s
[INFO]: TRAIN epoch: 16 loss: 110.8325, time: 3.32s
[INFO]: TRAIN epoch: 16 loss: 157.2010, time: 3.19s
[INFO]: TRAIN epoch: 16 loss: 165.2268, time: 3.18s
[INFO]: TRAIN epoch: 16 loss: 147.7527, time: 3.19s
[INFO]: VALIDATION epoch: 16 loss: 203.3347
[INFO]: VALIDATION epoch: 16 loss: 175.9542
[INFO]: VALIDATION epoch: 16 loss: 133.2795
[INFO]: VALIDATION epoch: 16 loss: 174.5867
[INFO]: VALIDATION epoch: 16 loss: 201.3893
[INFO]: TRAIN epoch: 17 loss: 129.0758, time: 2.95s
[INFO]: TRAIN epoch: 17 loss: 144.2636, time: 3.05s
[INFO]: TRAIN epoch: 17 loss: 123.2729, time: 3.25s
[INFO]: TRAIN epoch: 17 loss: 149.0286, time: 3.15s
[INFO]: TRAIN epoch: 17 loss: 212.2196, time: 3.28s
[INFO]: TRAIN epoch: 17 loss: 115.0549, time: 3.18s
[INFO]: TRAIN epoch: 17 loss: 120.1082, time: 3.27s
[INFO]: TRAIN epoch: 17 loss: 140.3363, time: 3.37s
[INFO]: TRAIN epoch: 17 loss: 169.0356, time: 3.16s
[INFO]: TRAIN epoch: 17 loss: 116.2948, time: 3.18s
[INFO]: TRAIN epoch: 17 loss: 175.7998, time: 3.16s
[INFO]: TRAIN epoch: 17 loss: 163.8448, time: 3.29s
[INFO]: TRAIN epoch: 17 loss: 143.8194, time: 3.16s
[INFO]: TRAIN epoch: 17 loss: 148.4137, time: 3.17s
[INFO]: TRAIN epoch: 17 loss: 154.5707, time: 3.15s
[INFO]: TRAIN epoch: 17 loss: 165.1481, time: 3.18s
[INFO]: TRAIN epoch: 17 loss: 161.9780, time: 3.35s
[INFO]: TRAIN epoch: 17 loss: 153.7863, time: 3.19s
[INFO]: TRAIN epoch: 17 loss: 147.2685, time: 3.19s
[INFO]: TRAIN epoch: 17 loss: 152.4075, time: 3.18s
[INFO]: TRAIN epoch: 17 loss: 148.4456, time: 3.20s
[INFO]: TRAIN epoch: 17 loss: 150.2168, time: 3.31s
[INFO]: TRAIN epoch: 17 loss: 148.9865, time: 3.15s
[INFO]: TRAIN epoch: 17 loss: 136.9373, time: 3.16s
[INFO]: TRAIN epoch: 17 loss: 165.3497, time: 3.26s
[INFO]: TRAIN epoch: 17 loss: 169.8709, time: 3.28s
[INFO]: TRAIN epoch: 17 loss: 137.5204, time: 3.33s
[INFO]: TRAIN epoch: 17 loss: 126.9721, time: 3.20s
[INFO]: TRAIN epoch: 17 loss: 126.6327, time: 3.17s
[INFO]: TRAIN epoch: 17 loss: 143.3482, time: 3.18s
[INFO]: TRAIN epoch: 17 loss: 191.1894, time: 3.18s
[INFO]: TRAIN epoch: 17 loss: 144.5206, time: 3.36s
[INFO]: TRAIN epoch: 17 loss: 155.7600, time: 3.19s
[INFO]: TRAIN epoch: 17 loss: 182.7436, time: 3.17s
[INFO]: TRAIN epoch: 17 loss: 126.2372, time: 3.20s
[INFO]: VALIDATION epoch: 17 loss: 203.0587
[INFO]: VALIDATION epoch: 17 loss: 173.7454
[INFO]: VALIDATION epoch: 17 loss: 148.6792
[INFO]: VALIDATION epoch: 17 loss: 177.4667
[INFO]: VALIDATION epoch: 17 loss: 212.1660
[INFO]: TRAIN epoch: 18 loss: 117.3843, time: 2.96s
[INFO]: TRAIN epoch: 18 loss: 165.4787, time: 3.09s
[INFO]: TRAIN epoch: 18 loss: 121.3745, time: 3.26s
[INFO]: TRAIN epoch: 18 loss: 169.0741, time: 3.13s
[INFO]: TRAIN epoch: 18 loss: 128.1987, time: 3.16s
[INFO]: TRAIN epoch: 18 loss: 150.3301, time: 3.16s
[INFO]: TRAIN epoch: 18 loss: 166.5165, time: 3.14s
[INFO]: TRAIN epoch: 18 loss: 140.9252, time: 3.32s
[INFO]: TRAIN epoch: 18 loss: 149.1769, time: 3.14s
[INFO]: TRAIN epoch: 18 loss: 138.9768, time: 3.19s
[INFO]: TRAIN epoch: 18 loss: 157.0641, time: 3.16s
[INFO]: TRAIN epoch: 18 loss: 114.4347, time: 3.32s
[INFO]: TRAIN epoch: 18 loss: 111.6294, time: 3.16s
[INFO]: TRAIN epoch: 18 loss: 144.8030, time: 3.18s
[INFO]: TRAIN epoch: 18 loss: 205.6403, time: 3.15s
[INFO]: TRAIN epoch: 18 loss: 176.7797, time: 3.18s
[INFO]: TRAIN epoch: 18 loss: 149.9431, time: 3.33s
[INFO]: TRAIN epoch: 18 loss: 156.6186, time: 3.20s
[INFO]: TRAIN epoch: 18 loss: 135.0888, time: 3.18s
[INFO]: TRAIN epoch: 18 loss: 143.7148, time: 3.15s
[INFO]: TRAIN epoch: 18 loss: 112.5515, time: 3.19s
[INFO]: TRAIN epoch: 18 loss: 129.6424, time: 3.34s
[INFO]: TRAIN epoch: 18 loss: 168.4342, time: 3.19s
[INFO]: TRAIN epoch: 18 loss: 170.4142, time: 3.18s
[INFO]: TRAIN epoch: 18 loss: 211.7359, time: 3.19s
[INFO]: TRAIN epoch: 18 loss: 170.1971, time: 3.19s
[INFO]: TRAIN epoch: 18 loss: 152.3010, time: 3.33s
[INFO]: TRAIN epoch: 18 loss: 154.0133, time: 3.18s
[INFO]: TRAIN epoch: 18 loss: 145.1283, time: 3.19s
[INFO]: TRAIN epoch: 18 loss: 157.8283, time: 3.17s
[INFO]: TRAIN epoch: 18 loss: 151.2171, time: 3.17s
[INFO]: TRAIN epoch: 18 loss: 134.9301, time: 3.38s
[INFO]: TRAIN epoch: 18 loss: 139.1169, time: 3.17s
[INFO]: TRAIN epoch: 18 loss: 146.1055, time: 3.16s
[INFO]: TRAIN epoch: 18 loss: 155.4942, time: 3.15s
[INFO]: VALIDATION epoch: 18 loss: 200.1429
[INFO]: VALIDATION epoch: 18 loss: 170.8435
[INFO]: VALIDATION epoch: 18 loss: 153.9152
[INFO]: VALIDATION epoch: 18 loss: 168.5032
[INFO]: VALIDATION epoch: 18 loss: 196.1862
[INFO]: TRAIN epoch: 19 loss: 136.8396, time: 2.95s
[INFO]: TRAIN epoch: 19 loss: 128.1373, time: 3.07s
[INFO]: TRAIN epoch: 19 loss: 184.2111, time: 3.22s
[INFO]: TRAIN epoch: 19 loss: 128.2730, time: 3.11s
[INFO]: TRAIN epoch: 19 loss: 125.4159, time: 3.15s
[INFO]: TRAIN epoch: 19 loss: 158.7466, time: 3.14s
[INFO]: TRAIN epoch: 19 loss: 179.2125, time: 3.15s
[INFO]: TRAIN epoch: 19 loss: 143.2927, time: 3.31s
[INFO]: TRAIN epoch: 19 loss: 154.2365, time: 3.17s
[INFO]: TRAIN epoch: 19 loss: 132.6522, time: 3.18s
[INFO]: TRAIN epoch: 19 loss: 121.8562, time: 3.16s
[INFO]: TRAIN epoch: 19 loss: 132.7267, time: 3.32s
[INFO]: TRAIN epoch: 19 loss: 136.2286, time: 3.16s
[INFO]: TRAIN epoch: 19 loss: 139.5738, time: 3.15s
[INFO]: TRAIN epoch: 19 loss: 153.5542, time: 3.19s
[INFO]: TRAIN epoch: 19 loss: 156.4058, time: 3.18s
[INFO]: TRAIN epoch: 19 loss: 145.5404, time: 3.32s
[INFO]: TRAIN epoch: 19 loss: 131.1257, time: 3.19s
[INFO]: TRAIN epoch: 19 loss: 140.1554, time: 3.17s
[INFO]: TRAIN epoch: 19 loss: 105.3852, time: 3.20s
[INFO]: TRAIN epoch: 19 loss: 120.2844, time: 3.19s
[INFO]: TRAIN epoch: 19 loss: 162.3031, time: 3.33s
[INFO]: TRAIN epoch: 19 loss: 213.0634, time: 3.17s
[INFO]: TRAIN epoch: 19 loss: 162.0200, time: 3.17s
[INFO]: TRAIN epoch: 19 loss: 158.9902, time: 3.14s
[INFO]: TRAIN epoch: 19 loss: 133.6252, time: 3.17s
[INFO]: TRAIN epoch: 19 loss: 153.2123, time: 3.30s
[INFO]: TRAIN epoch: 19 loss: 166.8893, time: 3.23s
[INFO]: TRAIN epoch: 19 loss: 132.8208, time: 3.24s
[INFO]: TRAIN epoch: 19 loss: 139.6920, time: 3.16s
[INFO]: TRAIN epoch: 19 loss: 141.0871, time: 3.18s
[INFO]: TRAIN epoch: 19 loss: 137.8120, time: 3.33s
[INFO]: TRAIN epoch: 19 loss: 183.6383, time: 3.18s
[INFO]: TRAIN epoch: 19 loss: 118.3620, time: 3.16s
[INFO]: TRAIN epoch: 19 loss: 183.3296, time: 3.14s
[INFO]: VALIDATION epoch: 19 loss: 200.4193
[INFO]: VALIDATION epoch: 19 loss: 147.1223
[INFO]: VALIDATION epoch: 19 loss: 157.7515
[INFO]: VALIDATION epoch: 19 loss: 169.2706
[INFO]: VALIDATION epoch: 19 loss: 191.0070
[INFO]: TRAIN epoch: 20 loss: 144.1078, time: 2.95s
[INFO]: TRAIN epoch: 20 loss: 153.7689, time: 3.07s
[INFO]: TRAIN epoch: 20 loss: 128.6019, time: 3.24s
[INFO]: TRAIN epoch: 20 loss: 143.2612, time: 3.14s
[INFO]: TRAIN epoch: 20 loss: 132.9049, time: 3.13s
[INFO]: TRAIN epoch: 20 loss: 136.5044, time: 3.14s
[INFO]: TRAIN epoch: 20 loss: 133.0153, time: 3.16s
[INFO]: TRAIN epoch: 20 loss: 151.1506, time: 3.29s
[INFO]: TRAIN epoch: 20 loss: 149.1081, time: 3.14s
[INFO]: TRAIN epoch: 20 loss: 156.6129, time: 3.21s
[INFO]: TRAIN epoch: 20 loss: 129.7590, time: 3.17s
[INFO]: TRAIN epoch: 20 loss: 133.8925, time: 3.32s
[INFO]: TRAIN epoch: 20 loss: 115.1499, time: 3.15s
[INFO]: TRAIN epoch: 20 loss: 150.2596, time: 3.18s
[INFO]: TRAIN epoch: 20 loss: 115.3640, time: 3.16s
[INFO]: TRAIN epoch: 20 loss: 159.4121, time: 3.15s
[INFO]: TRAIN epoch: 20 loss: 161.4908, time: 3.32s
[INFO]: TRAIN epoch: 20 loss: 141.1543, time: 3.13s
[INFO]: TRAIN epoch: 20 loss: 194.0200, time: 3.16s
[INFO]: TRAIN epoch: 20 loss: 140.2348, time: 3.26s
[INFO]: TRAIN epoch: 20 loss: 202.8152, time: 3.21s
[INFO]: TRAIN epoch: 20 loss: 138.8167, time: 3.47s
[INFO]: TRAIN epoch: 20 loss: 111.0442, time: 3.31s
[INFO]: TRAIN epoch: 20 loss: 188.5005, time: 3.18s
[INFO]: TRAIN epoch: 20 loss: 149.3719, time: 3.17s
[INFO]: TRAIN epoch: 20 loss: 114.5084, time: 3.17s
[INFO]: TRAIN epoch: 20 loss: 174.7927, time: 3.31s
[INFO]: TRAIN epoch: 20 loss: 135.4064, time: 3.18s
[INFO]: TRAIN epoch: 20 loss: 138.1361, time: 3.18s
[INFO]: TRAIN epoch: 20 loss: 124.6797, time: 3.15s
[INFO]: TRAIN epoch: 20 loss: 156.5396, time: 3.19s
[INFO]: TRAIN epoch: 20 loss: 105.2368, time: 3.31s
[INFO]: TRAIN epoch: 20 loss: 137.8060, time: 3.17s
[INFO]: TRAIN epoch: 20 loss: 148.0252, time: 3.14s
[INFO]: TRAIN epoch: 20 loss: 138.4368, time: 3.16s
[INFO]: VALIDATION epoch: 20 loss: 196.0150
[INFO]: VALIDATION epoch: 20 loss: 169.4436
[INFO]: VALIDATION epoch: 20 loss: 173.5516
[INFO]: VALIDATION epoch: 20 loss: 171.9004
[INFO]: VALIDATION epoch: 20 loss: 216.9330
[INFO]: TRAIN epoch: 21 loss: 144.7212, time: 2.94s
[INFO]: TRAIN epoch: 21 loss: 133.7961, time: 3.06s
[INFO]: TRAIN epoch: 21 loss: 141.5040, time: 3.23s
[INFO]: TRAIN epoch: 21 loss: 138.3328, time: 3.13s
[INFO]: TRAIN epoch: 21 loss: 144.4698, time: 3.12s
[INFO]: TRAIN epoch: 21 loss: 129.3960, time: 3.14s
[INFO]: TRAIN epoch: 21 loss: 121.0598, time: 3.12s
[INFO]: TRAIN epoch: 21 loss: 159.9418, time: 3.30s
[INFO]: TRAIN epoch: 21 loss: 131.5409, time: 3.15s
[INFO]: TRAIN epoch: 21 loss: 132.4753, time: 3.12s
[INFO]: TRAIN epoch: 21 loss: 98.9925, time: 3.16s
[INFO]: TRAIN epoch: 21 loss: 109.7844, time: 3.32s
[INFO]: TRAIN epoch: 21 loss: 174.1908, time: 3.22s
[INFO]: TRAIN epoch: 21 loss: 115.2752, time: 3.21s
[INFO]: TRAIN epoch: 21 loss: 103.1348, time: 3.14s
[INFO]: TRAIN epoch: 21 loss: 129.1116, time: 3.16s
[INFO]: TRAIN epoch: 21 loss: 139.6499, time: 3.36s
[INFO]: TRAIN epoch: 21 loss: 142.3929, time: 3.24s
[INFO]: TRAIN epoch: 21 loss: 171.0235, time: 3.12s
[INFO]: TRAIN epoch: 21 loss: 155.7091, time: 3.17s
[INFO]: TRAIN epoch: 21 loss: 150.4584, time: 3.15s
[INFO]: TRAIN epoch: 21 loss: 122.7293, time: 3.29s
[INFO]: TRAIN epoch: 21 loss: 126.9177, time: 3.15s
[INFO]: TRAIN epoch: 21 loss: 159.5107, time: 3.16s
[INFO]: TRAIN epoch: 21 loss: 138.2042, time: 3.18s
[INFO]: TRAIN epoch: 21 loss: 153.7101, time: 3.14s
[INFO]: TRAIN epoch: 21 loss: 158.7183, time: 3.29s
[INFO]: TRAIN epoch: 21 loss: 174.6363, time: 3.13s
[INFO]: TRAIN epoch: 21 loss: 166.9332, time: 3.13s
[INFO]: TRAIN epoch: 21 loss: 146.3421, time: 3.13s
[INFO]: TRAIN epoch: 21 loss: 200.4574, time: 3.16s
[INFO]: TRAIN epoch: 21 loss: 137.6801, time: 3.31s
[INFO]: TRAIN epoch: 21 loss: 135.0230, time: 3.16s
[INFO]: TRAIN epoch: 21 loss: 120.1011, time: 3.20s
[INFO]: TRAIN epoch: 21 loss: 147.1599, time: 3.18s
[INFO]: VALIDATION epoch: 21 loss: 185.8551
[INFO]: VALIDATION epoch: 21 loss: 149.5809
[INFO]: VALIDATION epoch: 21 loss: 153.2249
[INFO]: VALIDATION epoch: 21 loss: 169.5599
[INFO]: VALIDATION epoch: 21 loss: 209.1975
[INFO]: TRAIN epoch: 22 loss: 124.3520, time: 3.01s
[INFO]: TRAIN epoch: 22 loss: 134.0792, time: 3.12s
[INFO]: TRAIN epoch: 22 loss: 146.1544, time: 3.24s
[INFO]: TRAIN epoch: 22 loss: 141.1259, time: 3.13s
[INFO]: TRAIN epoch: 22 loss: 137.6003, time: 3.14s
[INFO]: TRAIN epoch: 22 loss: 113.8797, time: 3.14s
[INFO]: TRAIN epoch: 22 loss: 125.7582, time: 3.15s
[INFO]: TRAIN epoch: 22 loss: 171.8717, time: 3.27s
[INFO]: TRAIN epoch: 22 loss: 122.6155, time: 3.14s
[INFO]: TRAIN epoch: 22 loss: 120.0027, time: 3.15s
[INFO]: TRAIN epoch: 22 loss: 132.8674, time: 3.15s
[INFO]: TRAIN epoch: 22 loss: 206.7632, time: 3.29s
[INFO]: TRAIN epoch: 22 loss: 156.7087, time: 3.15s
[INFO]: TRAIN epoch: 22 loss: 140.7676, time: 3.16s
[INFO]: TRAIN epoch: 22 loss: 158.9672, time: 3.14s
[INFO]: TRAIN epoch: 22 loss: 139.5043, time: 3.14s
[INFO]: TRAIN epoch: 22 loss: 142.3936, time: 3.30s
[INFO]: TRAIN epoch: 22 loss: 120.3538, time: 3.15s
[INFO]: TRAIN epoch: 22 loss: 153.1014, time: 3.18s
[INFO]: TRAIN epoch: 22 loss: 146.3086, time: 3.16s
[INFO]: TRAIN epoch: 22 loss: 108.7720, time: 3.14s
[INFO]: TRAIN epoch: 22 loss: 138.6094, time: 3.33s
[INFO]: TRAIN epoch: 22 loss: 162.5306, time: 3.15s
[INFO]: TRAIN epoch: 22 loss: 167.2111, time: 3.15s
[INFO]: TRAIN epoch: 22 loss: 176.1576, time: 3.13s
[INFO]: TRAIN epoch: 22 loss: 131.1316, time: 3.16s
[INFO]: TRAIN epoch: 22 loss: 121.7543, time: 3.40s
[INFO]: TRAIN epoch: 22 loss: 139.0118, time: 3.27s
[INFO]: TRAIN epoch: 22 loss: 159.3385, time: 3.21s
[INFO]: TRAIN epoch: 22 loss: 137.5674, time: 3.18s
[INFO]: TRAIN epoch: 22 loss: 143.4052, time: 3.18s
[INFO]: TRAIN epoch: 22 loss: 127.7378, time: 3.37s
[INFO]: TRAIN epoch: 22 loss: 123.3495, time: 3.26s
[INFO]: TRAIN epoch: 22 loss: 126.2024, time: 3.24s
[INFO]: TRAIN epoch: 22 loss: 170.3677, time: 3.21s
[INFO]: VALIDATION epoch: 22 loss: 210.2698
[INFO]: VALIDATION epoch: 22 loss: 160.5775
[INFO]: VALIDATION epoch: 22 loss: 152.4693
[INFO]: VALIDATION epoch: 22 loss: 171.4126
[INFO]: VALIDATION epoch: 22 loss: 196.8071
[INFO]: TRAIN epoch: 23 loss: 125.2280, time: 2.96s
[INFO]: TRAIN epoch: 23 loss: 133.7644, time: 3.08s
[INFO]: TRAIN epoch: 23 loss: 115.8006, time: 3.25s
[INFO]: TRAIN epoch: 23 loss: 144.8857, time: 3.16s
[INFO]: TRAIN epoch: 23 loss: 134.9208, time: 3.23s
[INFO]: TRAIN epoch: 23 loss: 175.8306, time: 3.17s
[INFO]: TRAIN epoch: 23 loss: 148.6241, time: 3.21s
[INFO]: TRAIN epoch: 23 loss: 146.3350, time: 3.38s
[INFO]: TRAIN epoch: 23 loss: 129.1325, time: 3.27s
[INFO]: TRAIN epoch: 23 loss: 154.8461, time: 3.19s
[INFO]: TRAIN epoch: 23 loss: 148.8253, time: 3.26s
[INFO]: TRAIN epoch: 23 loss: 111.3122, time: 3.43s
[INFO]: TRAIN epoch: 23 loss: 133.7509, time: 3.21s
[INFO]: TRAIN epoch: 23 loss: 140.8313, time: 3.19s
[INFO]: TRAIN epoch: 23 loss: 98.3839, time: 3.20s
[INFO]: TRAIN epoch: 23 loss: 133.0738, time: 3.24s
[INFO]: TRAIN epoch: 23 loss: 127.0014, time: 3.38s
[INFO]: TRAIN epoch: 23 loss: 124.4444, time: 3.23s
[INFO]: TRAIN epoch: 23 loss: 104.8505, time: 3.23s
[INFO]: TRAIN epoch: 23 loss: 131.7898, time: 3.25s
[INFO]: TRAIN epoch: 23 loss: 124.4653, time: 3.16s
[INFO]: TRAIN epoch: 23 loss: 134.7683, time: 3.38s
[INFO]: TRAIN epoch: 23 loss: 125.5214, time: 3.19s
[INFO]: TRAIN epoch: 23 loss: 122.2497, time: 3.21s
[INFO]: TRAIN epoch: 23 loss: 129.1062, time: 3.23s
[INFO]: TRAIN epoch: 23 loss: 202.9241, time: 3.14s
[INFO]: TRAIN epoch: 23 loss: 176.3798, time: 3.33s
[INFO]: TRAIN epoch: 23 loss: 143.5442, time: 3.17s
[INFO]: TRAIN epoch: 23 loss: 137.5569, time: 3.18s
[INFO]: TRAIN epoch: 23 loss: 162.5584, time: 3.16s
[INFO]: TRAIN epoch: 23 loss: 150.6531, time: 3.18s
[INFO]: TRAIN epoch: 23 loss: 176.5013, time: 3.34s
[INFO]: TRAIN epoch: 23 loss: 133.8299, time: 3.19s
[INFO]: TRAIN epoch: 23 loss: 155.2533, time: 3.19s
[INFO]: TRAIN epoch: 23 loss: 163.6998, time: 3.17s
[INFO]: VALIDATION epoch: 23 loss: 194.3511
[INFO]: VALIDATION epoch: 23 loss: 167.2083
[INFO]: VALIDATION epoch: 23 loss: 144.6324
[INFO]: VALIDATION epoch: 23 loss: 178.1956
[INFO]: VALIDATION epoch: 23 loss: 212.9001
[INFO]: TRAIN epoch: 24 loss: 149.2481, time: 2.95s
[INFO]: TRAIN epoch: 24 loss: 122.6137, time: 3.09s
[INFO]: TRAIN epoch: 24 loss: 145.4925, time: 3.22s
[INFO]: TRAIN epoch: 24 loss: 143.6764, time: 3.13s
[INFO]: TRAIN epoch: 24 loss: 128.7462, time: 3.15s
[INFO]: TRAIN epoch: 24 loss: 169.1545, time: 3.11s
[INFO]: TRAIN epoch: 24 loss: 136.2539, time: 3.13s
[INFO]: TRAIN epoch: 24 loss: 133.1946, time: 3.28s
[INFO]: TRAIN epoch: 24 loss: 128.3010, time: 3.17s
[INFO]: TRAIN epoch: 24 loss: 157.8198, time: 3.18s
[INFO]: TRAIN epoch: 24 loss: 146.8014, time: 3.21s
[INFO]: TRAIN epoch: 24 loss: 158.4706, time: 3.32s
[INFO]: TRAIN epoch: 24 loss: 194.4030, time: 3.17s
[INFO]: TRAIN epoch: 24 loss: 117.4110, time: 3.16s
[INFO]: TRAIN epoch: 24 loss: 121.0002, time: 3.19s
[INFO]: TRAIN epoch: 24 loss: 140.4207, time: 3.18s
[INFO]: TRAIN epoch: 24 loss: 121.8288, time: 3.34s
[INFO]: TRAIN epoch: 24 loss: 167.8116, time: 3.19s
[INFO]: TRAIN epoch: 24 loss: 137.2695, time: 3.22s
[INFO]: TRAIN epoch: 24 loss: 121.0124, time: 3.16s
[INFO]: TRAIN epoch: 24 loss: 148.4026, time: 3.16s
[INFO]: TRAIN epoch: 24 loss: 123.3868, time: 3.33s
[INFO]: TRAIN epoch: 24 loss: 163.9759, time: 3.16s
[INFO]: TRAIN epoch: 24 loss: 145.6362, time: 3.18s
[INFO]: TRAIN epoch: 24 loss: 163.2171, time: 3.23s
[INFO]: TRAIN epoch: 24 loss: 149.8806, time: 3.25s
[INFO]: TRAIN epoch: 24 loss: 110.0120, time: 3.37s
[INFO]: TRAIN epoch: 24 loss: 152.0132, time: 3.17s
[INFO]: TRAIN epoch: 24 loss: 130.8852, time: 3.18s
[INFO]: TRAIN epoch: 24 loss: 154.8786, time: 3.20s
[INFO]: TRAIN epoch: 24 loss: 172.0728, time: 3.16s
[INFO]: TRAIN epoch: 24 loss: 165.0654, time: 3.34s
[INFO]: TRAIN epoch: 24 loss: 157.3750, time: 3.15s
[INFO]: TRAIN epoch: 24 loss: 150.8616, time: 3.16s
[INFO]: TRAIN epoch: 24 loss: 137.6680, time: 3.18s
[INFO]: VALIDATION epoch: 24 loss: 184.1163
[INFO]: VALIDATION epoch: 24 loss: 169.7138
[INFO]: VALIDATION epoch: 24 loss: 157.3053
[INFO]: VALIDATION epoch: 24 loss: 165.3123
[INFO]: VALIDATION epoch: 24 loss: 189.1649
[INFO]: TRAIN epoch: 25 loss: 129.1135, time: 2.97s
[INFO]: TRAIN epoch: 25 loss: 138.6413, time: 3.05s
[INFO]: TRAIN epoch: 25 loss: 191.6528, time: 3.25s
[INFO]: TRAIN epoch: 25 loss: 155.6150, time: 3.11s
[INFO]: TRAIN epoch: 25 loss: 134.4727, time: 3.13s
[INFO]: TRAIN epoch: 25 loss: 109.3803, time: 3.17s
[INFO]: TRAIN epoch: 25 loss: 137.8426, time: 3.14s
[INFO]: TRAIN epoch: 25 loss: 152.3710, time: 3.31s
[INFO]: TRAIN epoch: 25 loss: 140.4110, time: 3.15s
[INFO]: TRAIN epoch: 25 loss: 180.9329, time: 3.13s
[INFO]: TRAIN epoch: 25 loss: 109.9914, time: 3.17s
[INFO]: TRAIN epoch: 25 loss: 121.6681, time: 3.35s
[INFO]: TRAIN epoch: 25 loss: 121.8930, time: 3.22s
[INFO]: TRAIN epoch: 25 loss: 138.9092, time: 3.18s
[INFO]: TRAIN epoch: 25 loss: 148.0377, time: 3.19s
[INFO]: TRAIN epoch: 25 loss: 116.0302, time: 3.21s
[INFO]: TRAIN epoch: 25 loss: 129.2057, time: 3.35s
[INFO]: TRAIN epoch: 25 loss: 142.5689, time: 3.26s
[INFO]: TRAIN epoch: 25 loss: 109.9766, time: 3.25s
[INFO]: TRAIN epoch: 25 loss: 170.5961, time: 3.17s
[INFO]: TRAIN epoch: 25 loss: 136.4346, time: 3.18s
[INFO]: TRAIN epoch: 25 loss: 131.5210, time: 3.33s
[INFO]: TRAIN epoch: 25 loss: 173.6997, time: 3.22s
[INFO]: TRAIN epoch: 25 loss: 152.2819, time: 3.19s
[INFO]: TRAIN epoch: 25 loss: 171.0976, time: 3.23s
[INFO]: TRAIN epoch: 25 loss: 146.5556, time: 3.21s
[INFO]: TRAIN epoch: 25 loss: 102.2353, time: 3.37s
[INFO]: TRAIN epoch: 25 loss: 140.4052, time: 3.31s
[INFO]: TRAIN epoch: 25 loss: 131.3438, time: 3.25s
[INFO]: TRAIN epoch: 25 loss: 124.5336, time: 3.33s
[INFO]: TRAIN epoch: 25 loss: 135.5968, time: 3.31s
[INFO]: TRAIN epoch: 25 loss: 121.6568, time: 3.36s
[INFO]: TRAIN epoch: 25 loss: 142.7642, time: 3.26s
[INFO]: TRAIN epoch: 25 loss: 125.5830, time: 3.20s
[INFO]: TRAIN epoch: 25 loss: 139.2886, time: 3.21s
[INFO]: VALIDATION epoch: 25 loss: 228.5199
[INFO]: VALIDATION epoch: 25 loss: 165.7728
[INFO]: VALIDATION epoch: 25 loss: 151.4041
[INFO]: VALIDATION epoch: 25 loss: 172.3627
[INFO]: VALIDATION epoch: 25 loss: 226.3337
[INFO]: TRAIN epoch: 26 loss: 151.0435, time: 2.99s
[INFO]: TRAIN epoch: 26 loss: 161.7026, time: 3.11s
[INFO]: TRAIN epoch: 26 loss: 108.8475, time: 3.28s
[INFO]: TRAIN epoch: 26 loss: 153.1189, time: 3.24s
[INFO]: TRAIN epoch: 26 loss: 133.2116, time: 3.15s
[INFO]: TRAIN epoch: 26 loss: 140.9846, time: 3.17s
[INFO]: TRAIN epoch: 26 loss: 156.8290, time: 3.15s
[INFO]: TRAIN epoch: 26 loss: 153.4475, time: 3.35s
[INFO]: TRAIN epoch: 26 loss: 176.2126, time: 3.20s
[INFO]: TRAIN epoch: 26 loss: 130.9734, time: 3.20s
[INFO]: TRAIN epoch: 26 loss: 119.2595, time: 3.21s
[INFO]: TRAIN epoch: 26 loss: 145.3219, time: 3.38s
[INFO]: TRAIN epoch: 26 loss: 151.0728, time: 3.16s
[INFO]: TRAIN epoch: 26 loss: 121.8066, time: 3.18s
[INFO]: TRAIN epoch: 26 loss: 151.6505, time: 3.15s
[INFO]: TRAIN epoch: 26 loss: 117.0268, time: 3.16s
[INFO]: TRAIN epoch: 26 loss: 114.5809, time: 3.33s
[INFO]: TRAIN epoch: 26 loss: 117.9697, time: 3.16s
[INFO]: TRAIN epoch: 26 loss: 109.7313, time: 3.19s
[INFO]: TRAIN epoch: 26 loss: 133.0501, time: 3.14s
[INFO]: TRAIN epoch: 26 loss: 133.8919, time: 3.15s
[INFO]: TRAIN epoch: 26 loss: 104.9117, time: 3.31s
[INFO]: TRAIN epoch: 26 loss: 208.3632, time: 3.18s
[INFO]: TRAIN epoch: 26 loss: 131.8202, time: 3.14s
[INFO]: TRAIN epoch: 26 loss: 145.8964, time: 3.21s
[INFO]: TRAIN epoch: 26 loss: 121.6994, time: 3.16s
[INFO]: TRAIN epoch: 26 loss: 149.4235, time: 3.32s
[INFO]: TRAIN epoch: 26 loss: 124.0232, time: 3.16s
[INFO]: TRAIN epoch: 26 loss: 136.1474, time: 3.15s
[INFO]: TRAIN epoch: 26 loss: 117.3770, time: 3.17s
[INFO]: TRAIN epoch: 26 loss: 116.8907, time: 3.16s
[INFO]: TRAIN epoch: 26 loss: 147.3402, time: 3.31s
[INFO]: TRAIN epoch: 26 loss: 183.6707, time: 3.18s
[INFO]: TRAIN epoch: 26 loss: 145.1085, time: 3.17s
[INFO]: TRAIN epoch: 26 loss: 189.9951, time: 3.17s
[INFO]: VALIDATION epoch: 26 loss: 205.0218
[INFO]: VALIDATION epoch: 26 loss: 181.0067
[INFO]: VALIDATION epoch: 26 loss: 151.9854
[INFO]: VALIDATION epoch: 26 loss: 157.4498
[INFO]: VALIDATION epoch: 26 loss: 211.1851
[INFO]: TRAIN epoch: 27 loss: 139.1974, time: 2.96s
[INFO]: TRAIN epoch: 27 loss: 150.8569, time: 3.05s
[INFO]: TRAIN epoch: 27 loss: 114.2299, time: 3.25s
[INFO]: TRAIN epoch: 27 loss: 139.2395, time: 3.13s
[INFO]: TRAIN epoch: 27 loss: 144.1958, time: 3.13s
[INFO]: TRAIN epoch: 27 loss: 144.9444, time: 3.15s
[INFO]: TRAIN epoch: 27 loss: 110.6134, time: 3.15s
[INFO]: TRAIN epoch: 27 loss: 104.5063, time: 3.30s
[INFO]: TRAIN epoch: 27 loss: 184.3054, time: 3.16s
[INFO]: TRAIN epoch: 27 loss: 143.2349, time: 3.16s
[INFO]: TRAIN epoch: 27 loss: 98.8364, time: 3.19s
[INFO]: TRAIN epoch: 27 loss: 128.2985, time: 3.31s
[INFO]: TRAIN epoch: 27 loss: 124.8954, time: 3.14s
[INFO]: TRAIN epoch: 27 loss: 126.9177, time: 3.16s
[INFO]: TRAIN epoch: 27 loss: 126.9151, time: 3.17s
[INFO]: TRAIN epoch: 27 loss: 174.1585, time: 3.16s
[INFO]: TRAIN epoch: 27 loss: 135.7501, time: 3.33s
[INFO]: TRAIN epoch: 27 loss: 127.5108, time: 3.17s
[INFO]: TRAIN epoch: 27 loss: 156.4965, time: 3.15s
[INFO]: TRAIN epoch: 27 loss: 143.2399, time: 3.15s
[INFO]: TRAIN epoch: 27 loss: 112.8389, time: 3.16s
[INFO]: TRAIN epoch: 27 loss: 145.7146, time: 3.30s
[INFO]: TRAIN epoch: 27 loss: 124.5413, time: 3.16s
[INFO]: TRAIN epoch: 27 loss: 139.8273, time: 3.15s
[INFO]: TRAIN epoch: 27 loss: 125.8107, time: 3.17s
[INFO]: TRAIN epoch: 27 loss: 122.0152, time: 3.17s
[INFO]: TRAIN epoch: 27 loss: 129.0002, time: 3.34s
[INFO]: TRAIN epoch: 27 loss: 106.6665, time: 3.18s
[INFO]: TRAIN epoch: 27 loss: 169.1203, time: 3.15s
[INFO]: TRAIN epoch: 27 loss: 143.5302, time: 3.19s
[INFO]: TRAIN epoch: 27 loss: 139.2138, time: 3.17s
[INFO]: TRAIN epoch: 27 loss: 140.6313, time: 3.29s
[INFO]: TRAIN epoch: 27 loss: 146.5679, time: 3.17s
[INFO]: TRAIN epoch: 27 loss: 155.3859, time: 3.16s
[INFO]: TRAIN epoch: 27 loss: 149.5565, time: 3.14s
[INFO]: VALIDATION epoch: 27 loss: 226.2792
[INFO]: VALIDATION epoch: 27 loss: 182.9153
[INFO]: VALIDATION epoch: 27 loss: 134.6979
[INFO]: VALIDATION epoch: 27 loss: 160.5974
[INFO]: VALIDATION epoch: 27 loss: 206.2385
[INFO]: TRAIN epoch: 28 loss: 177.4302, time: 2.97s
[INFO]: TRAIN epoch: 28 loss: 97.4739, time: 3.18s
[INFO]: TRAIN epoch: 28 loss: 107.4743, time: 3.27s
[INFO]: TRAIN epoch: 28 loss: 141.6862, time: 3.26s
[INFO]: TRAIN epoch: 28 loss: 134.0521, time: 3.20s
[INFO]: TRAIN epoch: 28 loss: 129.0596, time: 3.20s
[INFO]: TRAIN epoch: 28 loss: 154.3300, time: 3.16s
[INFO]: TRAIN epoch: 28 loss: 117.1612, time: 3.40s
[INFO]: TRAIN epoch: 28 loss: 148.3099, time: 3.26s
[INFO]: TRAIN epoch: 28 loss: 105.0669, time: 3.18s
[INFO]: TRAIN epoch: 28 loss: 134.9636, time: 3.24s
[INFO]: TRAIN epoch: 28 loss: 129.0074, time: 3.35s
[INFO]: TRAIN epoch: 28 loss: 138.5187, time: 3.21s
[INFO]: TRAIN epoch: 28 loss: 121.5957, time: 3.17s
[INFO]: TRAIN epoch: 28 loss: 116.4780, time: 3.20s
[INFO]: TRAIN epoch: 28 loss: 160.6480, time: 3.19s
[INFO]: TRAIN epoch: 28 loss: 127.1622, time: 3.36s
[INFO]: TRAIN epoch: 28 loss: 130.5300, time: 3.16s
[INFO]: TRAIN epoch: 28 loss: 115.5940, time: 3.20s
[INFO]: TRAIN epoch: 28 loss: 183.2720, time: 3.20s
[INFO]: TRAIN epoch: 28 loss: 134.7948, time: 3.25s
[INFO]: TRAIN epoch: 28 loss: 152.0355, time: 3.34s
[INFO]: TRAIN epoch: 28 loss: 139.6133, time: 3.23s
[INFO]: TRAIN epoch: 28 loss: 136.0799, time: 3.22s
[INFO]: TRAIN epoch: 28 loss: 217.7254, time: 3.25s
[INFO]: TRAIN epoch: 28 loss: 152.9941, time: 3.25s
[INFO]: TRAIN epoch: 28 loss: 147.1519, time: 3.40s
[INFO]: TRAIN epoch: 28 loss: 121.6639, time: 3.24s
[INFO]: TRAIN epoch: 28 loss: 118.5025, time: 3.24s
[INFO]: TRAIN epoch: 28 loss: 144.3428, time: 3.22s
[INFO]: TRAIN epoch: 28 loss: 123.8507, time: 3.22s
[INFO]: TRAIN epoch: 28 loss: 121.8252, time: 3.33s
[INFO]: TRAIN epoch: 28 loss: 156.9679, time: 3.22s
[INFO]: TRAIN epoch: 28 loss: 140.7028, time: 3.19s
[INFO]: TRAIN epoch: 28 loss: 151.2982, time: 3.18s
[INFO]: VALIDATION epoch: 28 loss: 195.9913
[INFO]: VALIDATION epoch: 28 loss: 148.5623
[INFO]: VALIDATION epoch: 28 loss: 156.5786
[INFO]: VALIDATION epoch: 28 loss: 170.9885
[INFO]: VALIDATION epoch: 28 loss: 188.7646
[INFO]: TRAIN epoch: 29 loss: 143.5162, time: 2.97s
[INFO]: TRAIN epoch: 29 loss: 128.3284, time: 3.12s
[INFO]: TRAIN epoch: 29 loss: 117.3380, time: 3.38s
[INFO]: TRAIN epoch: 29 loss: 132.6973, time: 3.20s
[INFO]: TRAIN epoch: 29 loss: 160.6440, time: 3.29s
[INFO]: TRAIN epoch: 29 loss: 137.2383, time: 3.21s
[INFO]: TRAIN epoch: 29 loss: 116.3655, time: 3.26s
[INFO]: TRAIN epoch: 29 loss: 120.9631, time: 3.32s
[INFO]: TRAIN epoch: 29 loss: 105.2053, time: 3.15s
[INFO]: TRAIN epoch: 29 loss: 151.6988, time: 3.18s
[INFO]: TRAIN epoch: 29 loss: 123.3300, time: 3.16s
[INFO]: TRAIN epoch: 29 loss: 126.9703, time: 3.36s
[INFO]: TRAIN epoch: 29 loss: 123.9660, time: 3.21s
[INFO]: TRAIN epoch: 29 loss: 106.7970, time: 3.17s
[INFO]: TRAIN epoch: 29 loss: 156.7911, time: 3.18s
[INFO]: TRAIN epoch: 29 loss: 141.2775, time: 3.17s
[INFO]: TRAIN epoch: 29 loss: 139.2196, time: 3.31s
[INFO]: TRAIN epoch: 29 loss: 131.0322, time: 3.18s
[INFO]: TRAIN epoch: 29 loss: 139.9406, time: 3.16s
[INFO]: TRAIN epoch: 29 loss: 158.5257, time: 3.15s
[INFO]: TRAIN epoch: 29 loss: 121.7445, time: 3.17s
[INFO]: TRAIN epoch: 29 loss: 124.8778, time: 3.30s
[INFO]: TRAIN epoch: 29 loss: 135.2739, time: 3.36s
[INFO]: TRAIN epoch: 29 loss: 143.7950, time: 3.29s
[INFO]: TRAIN epoch: 29 loss: 117.7907, time: 3.34s
[INFO]: TRAIN epoch: 29 loss: 115.0597, time: 3.18s
[INFO]: TRAIN epoch: 29 loss: 137.1256, time: 3.32s
[INFO]: TRAIN epoch: 29 loss: 140.1262, time: 3.20s
[INFO]: TRAIN epoch: 29 loss: 111.6271, time: 3.16s
[INFO]: TRAIN epoch: 29 loss: 173.3320, time: 3.31s
[INFO]: TRAIN epoch: 29 loss: 129.7613, time: 3.27s
[INFO]: TRAIN epoch: 29 loss: 184.9631, time: 3.40s
[INFO]: TRAIN epoch: 29 loss: 151.0617, time: 3.24s
[INFO]: TRAIN epoch: 29 loss: 136.4119, time: 3.19s
[INFO]: TRAIN epoch: 29 loss: 140.7565, time: 3.18s
[INFO]: VALIDATION epoch: 29 loss: 185.5780
[INFO]: VALIDATION epoch: 29 loss: 160.6087
[INFO]: VALIDATION epoch: 29 loss: 155.5118
[INFO]: VALIDATION epoch: 29 loss: 193.7798
[INFO]: VALIDATION epoch: 29 loss: 202.1054
[INFO]: TRAIN epoch: 30 loss: 119.7621, time: 2.97s
[INFO]: TRAIN epoch: 30 loss: 138.7548, time: 3.07s
[INFO]: TRAIN epoch: 30 loss: 114.6839, time: 3.23s
[INFO]: TRAIN epoch: 30 loss: 127.4976, time: 3.11s
[INFO]: TRAIN epoch: 30 loss: 118.4368, time: 3.13s
[INFO]: TRAIN epoch: 30 loss: 124.7043, time: 3.14s
[INFO]: TRAIN epoch: 30 loss: 116.2575, time: 3.17s
[INFO]: TRAIN epoch: 30 loss: 112.8163, time: 3.29s
[INFO]: TRAIN epoch: 30 loss: 121.5855, time: 3.18s
[INFO]: TRAIN epoch: 30 loss: 123.7895, time: 3.16s
[INFO]: TRAIN epoch: 30 loss: 143.2306, time: 3.15s
[INFO]: TRAIN epoch: 30 loss: 131.2670, time: 3.31s
[INFO]: TRAIN epoch: 30 loss: 100.2444, time: 3.17s
[INFO]: TRAIN epoch: 30 loss: 95.7253, time: 3.17s
[INFO]: TRAIN epoch: 30 loss: 139.3750, time: 3.17s
[INFO]: TRAIN epoch: 30 loss: 131.4530, time: 3.16s
[INFO]: TRAIN epoch: 30 loss: 144.3882, time: 3.32s
[INFO]: TRAIN epoch: 30 loss: 170.6163, time: 3.17s
[INFO]: TRAIN epoch: 30 loss: 119.7826, time: 3.17s
[INFO]: TRAIN epoch: 30 loss: 153.2134, time: 3.18s
[INFO]: TRAIN epoch: 30 loss: 140.3561, time: 3.17s
[INFO]: TRAIN epoch: 30 loss: 151.7815, time: 3.28s
[INFO]: TRAIN epoch: 30 loss: 139.4258, time: 3.16s
[INFO]: TRAIN epoch: 30 loss: 129.2558, time: 3.15s
[INFO]: TRAIN epoch: 30 loss: 159.2696, time: 3.14s
[INFO]: TRAIN epoch: 30 loss: 146.2259, time: 3.12s
[INFO]: TRAIN epoch: 30 loss: 126.2586, time: 3.30s
[INFO]: TRAIN epoch: 30 loss: 200.4418, time: 3.16s
[INFO]: TRAIN epoch: 30 loss: 133.7488, time: 3.16s
[INFO]: TRAIN epoch: 30 loss: 130.7336, time: 3.13s
[INFO]: TRAIN epoch: 30 loss: 105.7481, time: 3.18s
[INFO]: TRAIN epoch: 30 loss: 133.5056, time: 3.29s
[INFO]: TRAIN epoch: 30 loss: 136.8587, time: 3.17s
[INFO]: TRAIN epoch: 30 loss: 159.9109, time: 3.17s
[INFO]: TRAIN epoch: 30 loss: 118.7168, time: 3.15s
[INFO]: VALIDATION epoch: 30 loss: 207.2570
[INFO]: VALIDATION epoch: 30 loss: 154.8918
[INFO]: VALIDATION epoch: 30 loss: 143.2037
[INFO]: VALIDATION epoch: 30 loss: 156.7470
[INFO]: VALIDATION epoch: 30 loss: 196.8560
[INFO]: TRAIN epoch: 31 loss: 136.2156, time: 2.96s
[INFO]: TRAIN epoch: 31 loss: 144.0120, time: 3.07s
[INFO]: TRAIN epoch: 31 loss: 136.8743, time: 3.22s
[INFO]: TRAIN epoch: 31 loss: 145.8697, time: 3.11s
[INFO]: TRAIN epoch: 31 loss: 137.8143, time: 3.12s
[INFO]: TRAIN epoch: 31 loss: 114.3024, time: 3.13s
[INFO]: TRAIN epoch: 31 loss: 126.9291, time: 3.14s
[INFO]: TRAIN epoch: 31 loss: 140.2823, time: 3.27s
[INFO]: TRAIN epoch: 31 loss: 113.9266, time: 3.17s
[INFO]: TRAIN epoch: 31 loss: 104.0323, time: 3.16s
[INFO]: TRAIN epoch: 31 loss: 120.4137, time: 3.18s
[INFO]: TRAIN epoch: 31 loss: 115.9228, time: 3.32s
[INFO]: TRAIN epoch: 31 loss: 114.6937, time: 3.18s
[INFO]: TRAIN epoch: 31 loss: 96.2309, time: 3.17s
[INFO]: TRAIN epoch: 31 loss: 141.2039, time: 3.21s
[INFO]: TRAIN epoch: 31 loss: 131.1314, time: 3.13s
[INFO]: TRAIN epoch: 31 loss: 109.0456, time: 3.35s
[INFO]: TRAIN epoch: 31 loss: 135.9432, time: 3.17s
[INFO]: TRAIN epoch: 31 loss: 118.9720, time: 3.18s
[INFO]: TRAIN epoch: 31 loss: 158.8880, time: 3.14s
[INFO]: TRAIN epoch: 31 loss: 173.4399, time: 3.16s
[INFO]: TRAIN epoch: 31 loss: 136.8171, time: 3.35s
[INFO]: TRAIN epoch: 31 loss: 137.4724, time: 3.18s
[INFO]: TRAIN epoch: 31 loss: 139.2187, time: 3.16s
[INFO]: TRAIN epoch: 31 loss: 200.4673, time: 3.19s
[INFO]: TRAIN epoch: 31 loss: 115.2978, time: 3.19s
[INFO]: TRAIN epoch: 31 loss: 145.3361, time: 3.33s
[INFO]: TRAIN epoch: 31 loss: 94.1210, time: 3.21s
[INFO]: TRAIN epoch: 31 loss: 133.4833, time: 3.21s
[INFO]: TRAIN epoch: 31 loss: 128.8081, time: 3.16s
[INFO]: TRAIN epoch: 31 loss: 118.2247, time: 3.21s
[INFO]: TRAIN epoch: 31 loss: 140.5861, time: 3.40s
[INFO]: TRAIN epoch: 31 loss: 136.3514, time: 3.23s
[INFO]: TRAIN epoch: 31 loss: 118.6567, time: 3.22s
[INFO]: TRAIN epoch: 31 loss: 118.8079, time: 3.23s
[INFO]: VALIDATION epoch: 31 loss: 202.1238
[INFO]: VALIDATION epoch: 31 loss: 148.3595
[INFO]: VALIDATION epoch: 31 loss: 153.2307
[INFO]: VALIDATION epoch: 31 loss: 170.3682
[INFO]: VALIDATION epoch: 31 loss: 192.9424
[INFO]: TRAIN epoch: 32 loss: 146.2421, time: 2.96s
[INFO]: TRAIN epoch: 32 loss: 151.8702, time: 3.05s
[INFO]: TRAIN epoch: 32 loss: 123.9657, time: 3.25s
[INFO]: TRAIN epoch: 32 loss: 114.3082, time: 3.14s
[INFO]: TRAIN epoch: 32 loss: 118.9701, time: 3.12s
[INFO]: TRAIN epoch: 32 loss: 139.7469, time: 3.13s
[INFO]: TRAIN epoch: 32 loss: 163.2957, time: 3.15s
[INFO]: TRAIN epoch: 32 loss: 143.8333, time: 3.29s
[INFO]: TRAIN epoch: 32 loss: 178.1304, time: 3.17s
[INFO]: TRAIN epoch: 32 loss: 117.9080, time: 3.17s
[INFO]: TRAIN epoch: 32 loss: 139.5845, time: 3.14s
[INFO]: TRAIN epoch: 32 loss: 118.5334, time: 3.32s
[INFO]: TRAIN epoch: 32 loss: 113.1470, time: 3.16s
[INFO]: TRAIN epoch: 32 loss: 106.9989, time: 3.19s
[INFO]: TRAIN epoch: 32 loss: 113.8192, time: 3.17s
[INFO]: TRAIN epoch: 32 loss: 123.0797, time: 3.17s
[INFO]: TRAIN epoch: 32 loss: 138.2726, time: 3.33s
[INFO]: TRAIN epoch: 32 loss: 96.6648, time: 3.18s
[INFO]: TRAIN epoch: 32 loss: 126.1698, time: 3.17s
[INFO]: TRAIN epoch: 32 loss: 149.2266, time: 3.17s
[INFO]: TRAIN epoch: 32 loss: 130.2661, time: 3.20s
[INFO]: TRAIN epoch: 32 loss: 129.8298, time: 3.31s
[INFO]: TRAIN epoch: 32 loss: 154.8035, time: 3.18s
[INFO]: TRAIN epoch: 32 loss: 111.8752, time: 3.17s
[INFO]: TRAIN epoch: 32 loss: 97.0064, time: 3.22s
[INFO]: TRAIN epoch: 32 loss: 95.4677, time: 3.18s
[INFO]: TRAIN epoch: 32 loss: 125.0800, time: 3.30s
[INFO]: TRAIN epoch: 32 loss: 133.1694, time: 3.18s
[INFO]: TRAIN epoch: 32 loss: 96.6749, time: 3.18s
[INFO]: TRAIN epoch: 32 loss: 150.0378, time: 3.15s
[INFO]: TRAIN epoch: 32 loss: 137.2112, time: 3.17s
[INFO]: TRAIN epoch: 32 loss: 118.5513, time: 3.31s
[INFO]: TRAIN epoch: 32 loss: 160.7310, time: 3.17s
[INFO]: TRAIN epoch: 32 loss: 176.6369, time: 3.15s
[INFO]: TRAIN epoch: 32 loss: 144.5961, time: 3.17s
[INFO]: VALIDATION epoch: 32 loss: 219.0957
[INFO]: VALIDATION epoch: 32 loss: 157.7127
[INFO]: VALIDATION epoch: 32 loss: 132.8358
[INFO]: VALIDATION epoch: 32 loss: 166.7172
[INFO]: VALIDATION epoch: 32 loss: 208.8051
[INFO]: TRAIN epoch: 33 loss: 101.7537, time: 2.95s
[INFO]: TRAIN epoch: 33 loss: 123.4996, time: 3.04s
[INFO]: TRAIN epoch: 33 loss: 128.8931, time: 3.23s
[INFO]: TRAIN epoch: 33 loss: 119.2582, time: 3.13s
[INFO]: TRAIN epoch: 33 loss: 105.5186, time: 3.12s
[INFO]: TRAIN epoch: 33 loss: 118.2511, time: 3.13s
[INFO]: TRAIN epoch: 33 loss: 129.4756, time: 3.15s
[INFO]: TRAIN epoch: 33 loss: 123.4450, time: 3.29s
[INFO]: TRAIN epoch: 33 loss: 131.1132, time: 3.17s
[INFO]: TRAIN epoch: 33 loss: 185.2197, time: 3.18s
[INFO]: TRAIN epoch: 33 loss: 148.7723, time: 3.17s
[INFO]: TRAIN epoch: 33 loss: 138.1542, time: 3.32s
[INFO]: TRAIN epoch: 33 loss: 120.5551, time: 3.15s
[INFO]: TRAIN epoch: 33 loss: 140.4852, time: 3.17s
[INFO]: TRAIN epoch: 33 loss: 108.5852, time: 3.18s
[INFO]: TRAIN epoch: 33 loss: 123.6013, time: 3.20s
[INFO]: TRAIN epoch: 33 loss: 149.5985, time: 3.29s
[INFO]: TRAIN epoch: 33 loss: 124.8689, time: 3.20s
[INFO]: TRAIN epoch: 33 loss: 121.9502, time: 3.16s
[INFO]: TRAIN epoch: 33 loss: 121.2152, time: 3.19s
[INFO]: TRAIN epoch: 33 loss: 129.9150, time: 3.14s
[INFO]: TRAIN epoch: 33 loss: 114.7218, time: 3.30s
[INFO]: TRAIN epoch: 33 loss: 136.2591, time: 3.18s
[INFO]: TRAIN epoch: 33 loss: 172.4786, time: 3.21s
[INFO]: TRAIN epoch: 33 loss: 173.0896, time: 3.17s
[INFO]: TRAIN epoch: 33 loss: 129.1399, time: 3.15s
[INFO]: TRAIN epoch: 33 loss: 132.7816, time: 3.29s
[INFO]: TRAIN epoch: 33 loss: 134.1941, time: 3.17s
[INFO]: TRAIN epoch: 33 loss: 119.7988, time: 3.15s
[INFO]: TRAIN epoch: 33 loss: 124.7860, time: 3.14s
[INFO]: TRAIN epoch: 33 loss: 142.2042, time: 3.17s
[INFO]: TRAIN epoch: 33 loss: 114.0816, time: 3.32s
[INFO]: TRAIN epoch: 33 loss: 110.1431, time: 3.15s
[INFO]: TRAIN epoch: 33 loss: 142.8426, time: 3.21s
[INFO]: TRAIN epoch: 33 loss: 155.1647, time: 3.14s
[INFO]: VALIDATION epoch: 33 loss: 211.5405
[INFO]: VALIDATION epoch: 33 loss: 155.1660
[INFO]: VALIDATION epoch: 33 loss: 138.0064
[INFO]: VALIDATION epoch: 33 loss: 179.3591
[INFO]: VALIDATION epoch: 33 loss: 203.2457
[INFO]: TRAIN epoch: 34 loss: 126.1378, time: 2.93s
[INFO]: TRAIN epoch: 34 loss: 154.4648, time: 3.04s
[INFO]: TRAIN epoch: 34 loss: 106.7488, time: 3.23s
[INFO]: TRAIN epoch: 34 loss: 159.5684, time: 3.12s
[INFO]: TRAIN epoch: 34 loss: 113.3203, time: 3.11s
[INFO]: TRAIN epoch: 34 loss: 125.8366, time: 3.16s
[INFO]: TRAIN epoch: 34 loss: 143.5797, time: 3.14s
[INFO]: TRAIN epoch: 34 loss: 121.7035, time: 3.29s
[INFO]: TRAIN epoch: 34 loss: 149.2263, time: 3.13s
[INFO]: TRAIN epoch: 34 loss: 112.1004, time: 3.15s
[INFO]: TRAIN epoch: 34 loss: 146.4577, time: 3.14s
[INFO]: TRAIN epoch: 34 loss: 115.3338, time: 3.30s
[INFO]: TRAIN epoch: 34 loss: 138.1013, time: 3.13s
[INFO]: TRAIN epoch: 34 loss: 107.3192, time: 3.18s
[INFO]: TRAIN epoch: 34 loss: 116.6035, time: 3.15s
[INFO]: TRAIN epoch: 34 loss: 119.3152, time: 3.16s
[INFO]: TRAIN epoch: 34 loss: 112.4890, time: 3.29s
[INFO]: TRAIN epoch: 34 loss: 128.2011, time: 3.15s
[INFO]: TRAIN epoch: 34 loss: 100.9771, time: 3.20s
[INFO]: TRAIN epoch: 34 loss: 136.7396, time: 3.18s
[INFO]: TRAIN epoch: 34 loss: 118.8021, time: 3.19s
[INFO]: TRAIN epoch: 34 loss: 118.5047, time: 3.30s
[INFO]: TRAIN epoch: 34 loss: 108.2133, time: 3.18s
[INFO]: TRAIN epoch: 34 loss: 122.0486, time: 3.13s
[INFO]: TRAIN epoch: 34 loss: 121.3467, time: 3.13s
[INFO]: TRAIN epoch: 34 loss: 112.4729, time: 3.16s
[INFO]: TRAIN epoch: 34 loss: 105.8411, time: 3.31s
[INFO]: TRAIN epoch: 34 loss: 134.7753, time: 3.17s
[INFO]: TRAIN epoch: 34 loss: 125.8904, time: 3.16s
[INFO]: TRAIN epoch: 34 loss: 158.3744, time: 3.13s
[INFO]: TRAIN epoch: 34 loss: 96.3117, time: 3.17s
[INFO]: TRAIN epoch: 34 loss: 121.2739, time: 3.29s
[INFO]: TRAIN epoch: 34 loss: 192.6421, time: 3.18s
[INFO]: TRAIN epoch: 34 loss: 148.0570, time: 3.18s
[INFO]: TRAIN epoch: 34 loss: 119.4825, time: 3.13s
[INFO]: VALIDATION epoch: 34 loss: 219.5693
[INFO]: VALIDATION epoch: 34 loss: 156.4209
[INFO]: VALIDATION epoch: 34 loss: 152.8112
[INFO]: VALIDATION epoch: 34 loss: 172.2683
[INFO]: VALIDATION epoch: 34 loss: 209.4950
[INFO]: TRAIN epoch: 35 loss: 116.0260, time: 2.95s
[INFO]: TRAIN epoch: 35 loss: 109.3690, time: 3.06s
[INFO]: TRAIN epoch: 35 loss: 129.6124, time: 3.22s
[INFO]: TRAIN epoch: 35 loss: 155.3213, time: 3.12s
[INFO]: TRAIN epoch: 35 loss: 146.4349, time: 3.11s
[INFO]: TRAIN epoch: 35 loss: 129.1781, time: 3.16s
[INFO]: TRAIN epoch: 35 loss: 110.2387, time: 3.14s
[INFO]: TRAIN epoch: 35 loss: 123.9802, time: 3.29s
[INFO]: TRAIN epoch: 35 loss: 136.1947, time: 3.14s
[INFO]: TRAIN epoch: 35 loss: 129.3012, time: 3.13s
[INFO]: TRAIN epoch: 35 loss: 118.9058, time: 3.16s
[INFO]: TRAIN epoch: 35 loss: 112.8204, time: 3.30s
[INFO]: TRAIN epoch: 35 loss: 142.4225, time: 3.12s
[INFO]: TRAIN epoch: 35 loss: 150.2262, time: 3.18s
[INFO]: TRAIN epoch: 35 loss: 103.5620, time: 3.18s
[INFO]: TRAIN epoch: 35 loss: 102.4005, time: 3.29s
[INFO]: TRAIN epoch: 35 loss: 150.0555, time: 3.40s
[INFO]: TRAIN epoch: 35 loss: 116.3945, time: 3.20s
[INFO]: TRAIN epoch: 35 loss: 133.1616, time: 3.17s
[INFO]: TRAIN epoch: 35 loss: 124.0075, time: 3.25s
[INFO]: TRAIN epoch: 35 loss: 138.3281, time: 3.20s
[INFO]: TRAIN epoch: 35 loss: 111.6296, time: 3.33s
[INFO]: TRAIN epoch: 35 loss: 99.1382, time: 3.19s
[INFO]: TRAIN epoch: 35 loss: 185.9184, time: 3.16s
[INFO]: TRAIN epoch: 35 loss: 104.8187, time: 3.16s
[INFO]: TRAIN epoch: 35 loss: 137.2690, time: 3.17s
[INFO]: TRAIN epoch: 35 loss: 150.9290, time: 3.31s
[INFO]: TRAIN epoch: 35 loss: 128.0257, time: 3.20s
[INFO]: TRAIN epoch: 35 loss: 104.0728, time: 3.29s
[INFO]: TRAIN epoch: 35 loss: 139.0975, time: 3.24s
[INFO]: TRAIN epoch: 35 loss: 131.8585, time: 3.22s
[INFO]: TRAIN epoch: 35 loss: 144.5675, time: 3.52s
[INFO]: TRAIN epoch: 35 loss: 140.9776, time: 3.22s
[INFO]: TRAIN epoch: 35 loss: 101.4551, time: 3.25s
[INFO]: TRAIN epoch: 35 loss: 129.8858, time: 3.27s
[INFO]: VALIDATION epoch: 35 loss: 202.2072
[INFO]: VALIDATION epoch: 35 loss: 163.0968
[INFO]: VALIDATION epoch: 35 loss: 142.8382
[INFO]: VALIDATION epoch: 35 loss: 175.8159
[INFO]: VALIDATION epoch: 35 loss: 211.2258
[INFO]: TRAIN epoch: 36 loss: 136.3230, time: 2.94s
[INFO]: TRAIN epoch: 36 loss: 157.3314, time: 3.08s
[INFO]: TRAIN epoch: 36 loss: 116.7670, time: 3.25s
[INFO]: TRAIN epoch: 36 loss: 127.4511, time: 3.15s
[INFO]: TRAIN epoch: 36 loss: 122.8578, time: 3.14s
[INFO]: TRAIN epoch: 36 loss: 145.0490, time: 3.15s
[INFO]: TRAIN epoch: 36 loss: 140.3028, time: 3.16s
[INFO]: TRAIN epoch: 36 loss: 135.6414, time: 3.31s
[INFO]: TRAIN epoch: 36 loss: 118.6854, time: 3.16s
[INFO]: TRAIN epoch: 36 loss: 110.9990, time: 3.18s
[INFO]: TRAIN epoch: 36 loss: 120.8597, time: 3.16s
[INFO]: TRAIN epoch: 36 loss: 150.7186, time: 3.32s
[INFO]: TRAIN epoch: 36 loss: 134.1083, time: 3.17s
[INFO]: TRAIN epoch: 36 loss: 177.8908, time: 3.18s
[INFO]: TRAIN epoch: 36 loss: 113.1044, time: 3.19s
[INFO]: TRAIN epoch: 36 loss: 121.8955, time: 3.17s
[INFO]: TRAIN epoch: 36 loss: 119.3809, time: 3.30s
[INFO]: TRAIN epoch: 36 loss: 153.2263, time: 3.19s
[INFO]: TRAIN epoch: 36 loss: 103.7498, time: 3.18s
[INFO]: TRAIN epoch: 36 loss: 112.8810, time: 3.20s
[INFO]: TRAIN epoch: 36 loss: 136.7081, time: 3.19s
[INFO]: TRAIN epoch: 36 loss: 103.8891, time: 3.33s
[INFO]: TRAIN epoch: 36 loss: 118.6608, time: 3.17s
[INFO]: TRAIN epoch: 36 loss: 158.8342, time: 3.16s
[INFO]: TRAIN epoch: 36 loss: 130.8716, time: 3.16s
[INFO]: TRAIN epoch: 36 loss: 97.0334, time: 3.23s
[INFO]: TRAIN epoch: 36 loss: 102.6325, time: 3.35s
[INFO]: TRAIN epoch: 36 loss: 110.9451, time: 3.19s
[INFO]: TRAIN epoch: 36 loss: 144.9348, time: 3.17s
[INFO]: TRAIN epoch: 36 loss: 135.4561, time: 3.15s
[INFO]: TRAIN epoch: 36 loss: 129.9835, time: 3.16s
[INFO]: TRAIN epoch: 36 loss: 125.6697, time: 3.33s
[INFO]: TRAIN epoch: 36 loss: 131.0934, time: 3.20s
[INFO]: TRAIN epoch: 36 loss: 128.2095, time: 3.20s
[INFO]: TRAIN epoch: 36 loss: 114.2368, time: 3.18s
[INFO]: VALIDATION epoch: 36 loss: 215.0920
[INFO]: VALIDATION epoch: 36 loss: 147.3719
[INFO]: VALIDATION epoch: 36 loss: 135.0236
[INFO]: VALIDATION epoch: 36 loss: 189.7086
[INFO]: VALIDATION epoch: 36 loss: 208.3539
[INFO]: TRAIN epoch: 37 loss: 118.1131, time: 2.96s
[INFO]: TRAIN epoch: 37 loss: 115.0642, time: 3.06s
[INFO]: TRAIN epoch: 37 loss: 103.7709, time: 3.23s
[INFO]: TRAIN epoch: 37 loss: 120.9149, time: 3.13s
[INFO]: TRAIN epoch: 37 loss: 116.8464, time: 3.15s
[INFO]: TRAIN epoch: 37 loss: 146.2293, time: 3.14s
[INFO]: TRAIN epoch: 37 loss: 143.0708, time: 3.12s
[INFO]: TRAIN epoch: 37 loss: 135.4931, time: 3.30s
[INFO]: TRAIN epoch: 37 loss: 118.7277, time: 3.14s
[INFO]: TRAIN epoch: 37 loss: 121.2276, time: 3.16s
[INFO]: TRAIN epoch: 37 loss: 130.9941, time: 3.16s
[INFO]: TRAIN epoch: 37 loss: 115.4254, time: 3.30s
[INFO]: TRAIN epoch: 37 loss: 127.0309, time: 3.15s
[INFO]: TRAIN epoch: 37 loss: 120.8311, time: 3.15s
[INFO]: TRAIN epoch: 37 loss: 125.7169, time: 3.16s
[INFO]: TRAIN epoch: 37 loss: 194.6381, time: 3.17s
[INFO]: TRAIN epoch: 37 loss: 141.5221, time: 3.30s
[INFO]: TRAIN epoch: 37 loss: 125.4293, time: 3.16s
[INFO]: TRAIN epoch: 37 loss: 123.2422, time: 3.14s
[INFO]: TRAIN epoch: 37 loss: 107.8674, time: 3.18s
[INFO]: TRAIN epoch: 37 loss: 146.5925, time: 3.18s
[INFO]: TRAIN epoch: 37 loss: 107.6379, time: 3.32s
[INFO]: TRAIN epoch: 37 loss: 150.6282, time: 3.17s
[INFO]: TRAIN epoch: 37 loss: 109.5027, time: 3.15s
[INFO]: TRAIN epoch: 37 loss: 107.6073, time: 3.17s
[INFO]: TRAIN epoch: 37 loss: 164.6750, time: 3.16s
[INFO]: TRAIN epoch: 37 loss: 148.9214, time: 3.36s
[INFO]: TRAIN epoch: 37 loss: 117.4981, time: 3.21s
[INFO]: TRAIN epoch: 37 loss: 112.2429, time: 3.21s
[INFO]: TRAIN epoch: 37 loss: 140.3656, time: 3.27s
[INFO]: TRAIN epoch: 37 loss: 103.8823, time: 3.23s
[INFO]: TRAIN epoch: 37 loss: 120.1959, time: 3.37s
[INFO]: TRAIN epoch: 37 loss: 109.7737, time: 3.26s
[INFO]: TRAIN epoch: 37 loss: 118.8035, time: 3.20s
[INFO]: TRAIN epoch: 37 loss: 129.1926, time: 3.23s
[INFO]: VALIDATION epoch: 37 loss: 214.1601
[INFO]: VALIDATION epoch: 37 loss: 163.5269
[INFO]: VALIDATION epoch: 37 loss: 157.0606
[INFO]: VALIDATION epoch: 37 loss: 169.4223
[INFO]: VALIDATION epoch: 37 loss: 230.1266
[INFO]: TRAIN epoch: 38 loss: 133.8274, time: 2.94s
[INFO]: TRAIN epoch: 38 loss: 98.9351, time: 3.09s
[INFO]: TRAIN epoch: 38 loss: 116.5843, time: 3.23s
[INFO]: TRAIN epoch: 38 loss: 143.7180, time: 3.09s
[INFO]: TRAIN epoch: 38 loss: 121.8324, time: 3.14s
[INFO]: TRAIN epoch: 38 loss: 169.7256, time: 3.25s
[INFO]: TRAIN epoch: 38 loss: 133.7677, time: 3.16s
[INFO]: TRAIN epoch: 38 loss: 112.3050, time: 3.29s
[INFO]: TRAIN epoch: 38 loss: 162.7767, time: 3.14s
[INFO]: TRAIN epoch: 38 loss: 120.9646, time: 3.17s
[INFO]: TRAIN epoch: 38 loss: 180.4527, time: 3.17s
[INFO]: TRAIN epoch: 38 loss: 123.6010, time: 3.33s
[INFO]: TRAIN epoch: 38 loss: 129.0117, time: 3.16s
[INFO]: TRAIN epoch: 38 loss: 100.2558, time: 3.15s
[INFO]: TRAIN epoch: 38 loss: 121.3159, time: 3.16s
[INFO]: TRAIN epoch: 38 loss: 127.1056, time: 3.18s
[INFO]: TRAIN epoch: 38 loss: 133.8737, time: 3.36s
[INFO]: TRAIN epoch: 38 loss: 118.4285, time: 3.20s
[INFO]: TRAIN epoch: 38 loss: 132.8290, time: 3.23s
[INFO]: TRAIN epoch: 38 loss: 115.1386, time: 3.15s
[INFO]: TRAIN epoch: 38 loss: 122.3787, time: 3.18s
[INFO]: TRAIN epoch: 38 loss: 123.7395, time: 3.31s
[INFO]: TRAIN epoch: 38 loss: 107.2458, time: 3.23s
[INFO]: TRAIN epoch: 38 loss: 149.3560, time: 3.17s
[INFO]: TRAIN epoch: 38 loss: 115.9095, time: 3.17s
[INFO]: TRAIN epoch: 38 loss: 131.9813, time: 3.17s
[INFO]: TRAIN epoch: 38 loss: 117.5797, time: 3.31s
[INFO]: TRAIN epoch: 38 loss: 138.4366, time: 3.16s
[INFO]: TRAIN epoch: 38 loss: 121.7636, time: 3.15s
[INFO]: TRAIN epoch: 38 loss: 104.5237, time: 3.19s
[INFO]: TRAIN epoch: 38 loss: 144.5483, time: 3.17s
[INFO]: TRAIN epoch: 38 loss: 138.7042, time: 3.29s
[INFO]: TRAIN epoch: 38 loss: 146.6376, time: 3.18s
[INFO]: TRAIN epoch: 38 loss: 171.4094, time: 3.19s
[INFO]: TRAIN epoch: 38 loss: 112.4461, time: 3.17s
[INFO]: VALIDATION epoch: 38 loss: 214.8255
[INFO]: VALIDATION epoch: 38 loss: 160.9360
[INFO]: VALIDATION epoch: 38 loss: 143.3450
[INFO]: VALIDATION epoch: 38 loss: 171.5429
[INFO]: VALIDATION epoch: 38 loss: 214.1131
[INFO]: TRAIN epoch: 39 loss: 111.2937, time: 2.95s
[INFO]: TRAIN epoch: 39 loss: 118.6901, time: 3.05s
[INFO]: TRAIN epoch: 39 loss: 196.0000, time: 3.26s
[INFO]: TRAIN epoch: 39 loss: 124.1970, time: 3.16s
[INFO]: TRAIN epoch: 39 loss: 126.2329, time: 3.14s
[INFO]: TRAIN epoch: 39 loss: 140.9906, time: 3.14s
[INFO]: TRAIN epoch: 39 loss: 132.7708, time: 3.14s
[INFO]: TRAIN epoch: 39 loss: 130.2390, time: 3.30s
[INFO]: TRAIN epoch: 39 loss: 113.9280, time: 3.15s
[INFO]: TRAIN epoch: 39 loss: 128.9246, time: 3.14s
[INFO]: TRAIN epoch: 39 loss: 129.0329, time: 3.18s
[INFO]: TRAIN epoch: 39 loss: 117.2100, time: 3.33s
[INFO]: TRAIN epoch: 39 loss: 122.4836, time: 3.17s
[INFO]: TRAIN epoch: 39 loss: 121.7630, time: 3.16s
[INFO]: TRAIN epoch: 39 loss: 138.3687, time: 3.19s
[INFO]: TRAIN epoch: 39 loss: 122.0417, time: 3.18s
[INFO]: TRAIN epoch: 39 loss: 124.3876, time: 3.33s
[INFO]: TRAIN epoch: 39 loss: 115.2330, time: 3.18s
[INFO]: TRAIN epoch: 39 loss: 107.6560, time: 3.18s
[INFO]: TRAIN epoch: 39 loss: 104.9403, time: 3.17s
[INFO]: TRAIN epoch: 39 loss: 120.7770, time: 3.17s
[INFO]: TRAIN epoch: 39 loss: 113.7381, time: 3.32s
[INFO]: TRAIN epoch: 39 loss: 108.0030, time: 3.16s
[INFO]: TRAIN epoch: 39 loss: 119.2514, time: 3.15s
[INFO]: TRAIN epoch: 39 loss: 140.5832, time: 3.20s
[INFO]: TRAIN epoch: 39 loss: 106.7363, time: 3.16s
[INFO]: TRAIN epoch: 39 loss: 132.0518, time: 3.31s
[INFO]: TRAIN epoch: 39 loss: 174.4547, time: 3.17s
[INFO]: TRAIN epoch: 39 loss: 167.0470, time: 3.19s
[INFO]: TRAIN epoch: 39 loss: 128.9321, time: 3.17s
[INFO]: TRAIN epoch: 39 loss: 118.6703, time: 3.16s
[INFO]: TRAIN epoch: 39 loss: 86.6926, time: 3.34s
[INFO]: TRAIN epoch: 39 loss: 130.0180, time: 3.17s
[INFO]: TRAIN epoch: 39 loss: 154.1338, time: 3.16s
[INFO]: TRAIN epoch: 39 loss: 124.3884, time: 3.19s
[INFO]: VALIDATION epoch: 39 loss: 209.7721
[INFO]: VALIDATION epoch: 39 loss: 156.4455
[INFO]: VALIDATION epoch: 39 loss: 134.3329
[INFO]: VALIDATION epoch: 39 loss: 165.5015
[INFO]: VALIDATION epoch: 39 loss: 201.9830
[INFO]: TRAIN epoch: 40 loss: 114.3612, time: 2.96s
[INFO]: TRAIN epoch: 40 loss: 125.9660, time: 3.07s
[INFO]: TRAIN epoch: 40 loss: 118.5167, time: 3.26s
[INFO]: TRAIN epoch: 40 loss: 121.2727, time: 3.11s
[INFO]: TRAIN epoch: 40 loss: 136.1077, time: 3.12s
[INFO]: TRAIN epoch: 40 loss: 119.6212, time: 3.17s
[INFO]: TRAIN epoch: 40 loss: 115.3564, time: 3.14s
[INFO]: TRAIN epoch: 40 loss: 103.5448, time: 3.29s
[INFO]: TRAIN epoch: 40 loss: 114.4094, time: 3.15s
[INFO]: TRAIN epoch: 40 loss: 120.3942, time: 3.17s
[INFO]: TRAIN epoch: 40 loss: 119.4452, time: 3.15s
[INFO]: TRAIN epoch: 40 loss: 133.8468, time: 3.30s
[INFO]: TRAIN epoch: 40 loss: 112.2012, time: 3.18s
[INFO]: TRAIN epoch: 40 loss: 115.6312, time: 3.15s
[INFO]: TRAIN epoch: 40 loss: 115.0997, time: 3.13s
[INFO]: TRAIN epoch: 40 loss: 114.4768, time: 3.17s
[INFO]: TRAIN epoch: 40 loss: 140.5797, time: 3.32s
[INFO]: TRAIN epoch: 40 loss: 121.6311, time: 3.16s
[INFO]: TRAIN epoch: 40 loss: 103.2844, time: 3.16s
[INFO]: TRAIN epoch: 40 loss: 163.8793, time: 3.16s
[INFO]: TRAIN epoch: 40 loss: 124.6374, time: 3.16s
[INFO]: TRAIN epoch: 40 loss: 152.7015, time: 3.32s
[INFO]: TRAIN epoch: 40 loss: 116.9992, time: 3.16s
[INFO]: TRAIN epoch: 40 loss: 136.1815, time: 3.16s
[INFO]: TRAIN epoch: 40 loss: 101.6272, time: 3.16s
[INFO]: TRAIN epoch: 40 loss: 101.0283, time: 3.15s
[INFO]: TRAIN epoch: 40 loss: 137.5786, time: 3.33s
[INFO]: TRAIN epoch: 40 loss: 140.1415, time: 3.16s
[INFO]: TRAIN epoch: 40 loss: 117.8283, time: 3.17s
[INFO]: TRAIN epoch: 40 loss: 197.7876, time: 3.16s
[INFO]: TRAIN epoch: 40 loss: 158.2732, time: 3.20s
[INFO]: TRAIN epoch: 40 loss: 124.6154, time: 3.33s
[INFO]: TRAIN epoch: 40 loss: 96.4587, time: 3.19s
[INFO]: TRAIN epoch: 40 loss: 107.1695, time: 3.20s
[INFO]: TRAIN epoch: 40 loss: 149.0448, time: 3.16s
[INFO]: VALIDATION epoch: 40 loss: 209.4632
[INFO]: VALIDATION epoch: 40 loss: 175.2220
[INFO]: VALIDATION epoch: 40 loss: 142.7913
[INFO]: VALIDATION epoch: 40 loss: 174.4715
[INFO]: VALIDATION epoch: 40 loss: 209.1247
[INFO]: TRAIN epoch: 41 loss: 109.0698, time: 2.96s
[INFO]: TRAIN epoch: 41 loss: 131.2626, time: 3.12s
[INFO]: TRAIN epoch: 41 loss: 115.0213, time: 3.26s
[INFO]: TRAIN epoch: 41 loss: 106.2020, time: 3.15s
[INFO]: TRAIN epoch: 41 loss: 113.9949, time: 3.19s
[INFO]: TRAIN epoch: 41 loss: 128.7080, time: 3.18s
[INFO]: TRAIN epoch: 41 loss: 185.9826, time: 3.15s
[INFO]: TRAIN epoch: 41 loss: 117.7368, time: 3.30s
[INFO]: TRAIN epoch: 41 loss: 124.8102, time: 3.15s
[INFO]: TRAIN epoch: 41 loss: 118.2225, time: 3.12s
[INFO]: TRAIN epoch: 41 loss: 108.3948, time: 3.17s
[INFO]: TRAIN epoch: 41 loss: 141.1488, time: 3.30s
[INFO]: TRAIN epoch: 41 loss: 134.5569, time: 3.16s
[INFO]: TRAIN epoch: 41 loss: 139.6988, time: 3.18s
[INFO]: TRAIN epoch: 41 loss: 151.3226, time: 3.15s
[INFO]: TRAIN epoch: 41 loss: 138.0376, time: 3.19s
[INFO]: TRAIN epoch: 41 loss: 129.2266, time: 3.32s
[INFO]: TRAIN epoch: 41 loss: 96.7441, time: 3.18s
[INFO]: TRAIN epoch: 41 loss: 133.3274, time: 3.19s
[INFO]: TRAIN epoch: 41 loss: 116.1235, time: 3.17s
[INFO]: TRAIN epoch: 41 loss: 103.7145, time: 3.16s
[INFO]: TRAIN epoch: 41 loss: 111.3538, time: 3.33s
[INFO]: TRAIN epoch: 41 loss: 108.1084, time: 3.17s
[INFO]: TRAIN epoch: 41 loss: 106.1180, time: 3.17s
[INFO]: TRAIN epoch: 41 loss: 143.2301, time: 3.16s
[INFO]: TRAIN epoch: 41 loss: 131.0023, time: 3.18s
[INFO]: TRAIN epoch: 41 loss: 126.0192, time: 3.32s
[INFO]: TRAIN epoch: 41 loss: 116.8503, time: 3.16s
[INFO]: TRAIN epoch: 41 loss: 162.3286, time: 3.17s
[INFO]: TRAIN epoch: 41 loss: 112.1547, time: 3.18s
[INFO]: TRAIN epoch: 41 loss: 97.6209, time: 3.15s
[INFO]: TRAIN epoch: 41 loss: 120.3781, time: 3.31s
[INFO]: TRAIN epoch: 41 loss: 125.7298, time: 3.15s
[INFO]: TRAIN epoch: 41 loss: 134.5782, time: 3.13s
[INFO]: TRAIN epoch: 41 loss: 118.3946, time: 3.14s
[INFO]: VALIDATION epoch: 41 loss: 190.9964
[INFO]: VALIDATION epoch: 41 loss: 162.2453
[INFO]: VALIDATION epoch: 41 loss: 146.3443
[INFO]: VALIDATION epoch: 41 loss: 181.9748
[INFO]: VALIDATION epoch: 41 loss: 216.2137
[INFO]: TRAIN epoch: 42 loss: 121.0579, time: 2.95s
[INFO]: TRAIN epoch: 42 loss: 131.4487, time: 3.04s
[INFO]: TRAIN epoch: 42 loss: 131.6506, time: 3.23s
[INFO]: TRAIN epoch: 42 loss: 106.4129, time: 3.10s
[INFO]: TRAIN epoch: 42 loss: 130.4783, time: 3.09s
[INFO]: TRAIN epoch: 42 loss: 121.5675, time: 3.12s
[INFO]: TRAIN epoch: 42 loss: 112.9174, time: 3.10s
[INFO]: TRAIN epoch: 42 loss: 121.5373, time: 3.27s
[INFO]: TRAIN epoch: 42 loss: 133.3660, time: 3.12s
[INFO]: TRAIN epoch: 42 loss: 120.7298, time: 3.15s
[INFO]: TRAIN epoch: 42 loss: 151.9081, time: 3.14s
[INFO]: TRAIN epoch: 42 loss: 99.6908, time: 3.31s
[INFO]: TRAIN epoch: 42 loss: 113.6390, time: 3.15s
[INFO]: TRAIN epoch: 42 loss: 130.3356, time: 3.13s
[INFO]: TRAIN epoch: 42 loss: 114.8487, time: 3.15s
[INFO]: TRAIN epoch: 42 loss: 106.5233, time: 3.15s
[INFO]: TRAIN epoch: 42 loss: 125.9207, time: 3.31s
[INFO]: TRAIN epoch: 42 loss: 111.0163, time: 3.15s
[INFO]: TRAIN epoch: 42 loss: 198.6073, time: 3.16s
[INFO]: TRAIN epoch: 42 loss: 93.1071, time: 3.14s
[INFO]: TRAIN epoch: 42 loss: 139.8393, time: 3.14s
[INFO]: TRAIN epoch: 42 loss: 107.6028, time: 3.29s
[INFO]: TRAIN epoch: 42 loss: 136.7737, time: 3.16s
[INFO]: TRAIN epoch: 42 loss: 142.8719, time: 3.14s
[INFO]: TRAIN epoch: 42 loss: 94.4704, time: 3.16s
[INFO]: TRAIN epoch: 42 loss: 118.0057, time: 3.14s
[INFO]: TRAIN epoch: 42 loss: 124.7036, time: 3.31s
[INFO]: TRAIN epoch: 42 loss: 103.7165, time: 3.13s
[INFO]: TRAIN epoch: 42 loss: 111.3932, time: 3.16s
[INFO]: TRAIN epoch: 42 loss: 123.4226, time: 3.14s
[INFO]: TRAIN epoch: 42 loss: 151.4049, time: 3.14s
[INFO]: TRAIN epoch: 42 loss: 128.5486, time: 3.30s
[INFO]: TRAIN epoch: 42 loss: 155.7198, time: 3.12s
[INFO]: TRAIN epoch: 42 loss: 96.6783, time: 3.17s
[INFO]: TRAIN epoch: 42 loss: 113.4666, time: 3.16s
[INFO]: VALIDATION epoch: 42 loss: 217.8873
[INFO]: VALIDATION epoch: 42 loss: 168.6136
[INFO]: VALIDATION epoch: 42 loss: 125.5344
[INFO]: VALIDATION epoch: 42 loss: 171.8929
[INFO]: VALIDATION epoch: 42 loss: 196.4645
[INFO]: TRAIN epoch: 43 loss: 154.0680, time: 2.93s
[INFO]: TRAIN epoch: 43 loss: 106.8662, time: 3.07s
[INFO]: TRAIN epoch: 43 loss: 111.3397, time: 3.22s
[INFO]: TRAIN epoch: 43 loss: 153.0711, time: 3.12s
[INFO]: TRAIN epoch: 43 loss: 111.8877, time: 3.12s
[INFO]: TRAIN epoch: 43 loss: 101.0249, time: 3.12s
[INFO]: TRAIN epoch: 43 loss: 120.2828, time: 3.13s
[INFO]: TRAIN epoch: 43 loss: 120.9058, time: 3.27s
[INFO]: TRAIN epoch: 43 loss: 106.7927, time: 3.13s
[INFO]: TRAIN epoch: 43 loss: 119.3729, time: 3.13s
[INFO]: TRAIN epoch: 43 loss: 117.7972, time: 3.14s
[INFO]: TRAIN epoch: 43 loss: 110.7404, time: 3.28s
[INFO]: TRAIN epoch: 43 loss: 117.3276, time: 3.16s
[INFO]: TRAIN epoch: 43 loss: 96.7906, time: 3.26s
[INFO]: TRAIN epoch: 43 loss: 187.8828, time: 3.22s
[INFO]: TRAIN epoch: 43 loss: 138.5724, time: 3.19s
[INFO]: TRAIN epoch: 43 loss: 118.0331, time: 3.34s
[INFO]: TRAIN epoch: 43 loss: 155.6303, time: 3.16s
[INFO]: TRAIN epoch: 43 loss: 125.1194, time: 3.15s
[INFO]: TRAIN epoch: 43 loss: 88.9953, time: 3.19s
[INFO]: TRAIN epoch: 43 loss: 136.2133, time: 3.25s
[INFO]: TRAIN epoch: 43 loss: 106.7963, time: 3.35s
[INFO]: TRAIN epoch: 43 loss: 121.1950, time: 3.26s
[INFO]: TRAIN epoch: 43 loss: 88.9977, time: 3.26s
[INFO]: TRAIN epoch: 43 loss: 120.4432, time: 3.17s
[INFO]: TRAIN epoch: 43 loss: 147.1555, time: 3.17s
[INFO]: TRAIN epoch: 43 loss: 143.0500, time: 3.28s
[INFO]: TRAIN epoch: 43 loss: 122.8225, time: 3.14s
[INFO]: TRAIN epoch: 43 loss: 111.6171, time: 3.19s
[INFO]: TRAIN epoch: 43 loss: 119.5781, time: 3.16s
[INFO]: TRAIN epoch: 43 loss: 104.0044, time: 3.16s
[INFO]: TRAIN epoch: 43 loss: 122.2873, time: 3.32s
[INFO]: TRAIN epoch: 43 loss: 113.6207, time: 3.16s
[INFO]: TRAIN epoch: 43 loss: 129.4918, time: 3.19s
[INFO]: TRAIN epoch: 43 loss: 126.2608, time: 3.24s
[INFO]: VALIDATION epoch: 43 loss: 204.8147
[INFO]: VALIDATION epoch: 43 loss: 167.5891
[INFO]: VALIDATION epoch: 43 loss: 154.4913
[INFO]: VALIDATION epoch: 43 loss: 172.4613
[INFO]: VALIDATION epoch: 43 loss: 206.8753
[INFO]: TRAIN epoch: 44 loss: 124.2551, time: 2.97s
[INFO]: TRAIN epoch: 44 loss: 142.1371, time: 3.04s
[INFO]: TRAIN epoch: 44 loss: 109.2271, time: 3.24s
[INFO]: TRAIN epoch: 44 loss: 107.5387, time: 3.13s
[INFO]: TRAIN epoch: 44 loss: 114.7991, time: 3.14s
[INFO]: TRAIN epoch: 44 loss: 123.6081, time: 3.16s
[INFO]: TRAIN epoch: 44 loss: 112.0024, time: 3.17s
[INFO]: TRAIN epoch: 44 loss: 130.6378, time: 3.33s
[INFO]: TRAIN epoch: 44 loss: 116.2385, time: 3.14s
[INFO]: TRAIN epoch: 44 loss: 115.3594, time: 3.18s
[INFO]: TRAIN epoch: 44 loss: 114.3568, time: 3.16s
[INFO]: TRAIN epoch: 44 loss: 141.7197, time: 3.28s
[INFO]: TRAIN epoch: 44 loss: 99.0166, time: 3.18s
[INFO]: TRAIN epoch: 44 loss: 108.7058, time: 3.16s
[INFO]: TRAIN epoch: 44 loss: 106.4448, time: 3.16s
[INFO]: TRAIN epoch: 44 loss: 104.2570, time: 3.16s
[INFO]: TRAIN epoch: 44 loss: 106.5761, time: 3.33s
[INFO]: TRAIN epoch: 44 loss: 119.2931, time: 3.18s
[INFO]: TRAIN epoch: 44 loss: 97.6284, time: 3.19s
[INFO]: TRAIN epoch: 44 loss: 194.4902, time: 3.16s
[INFO]: TRAIN epoch: 44 loss: 112.4565, time: 3.19s
[INFO]: TRAIN epoch: 44 loss: 97.0914, time: 3.32s
[INFO]: TRAIN epoch: 44 loss: 108.4329, time: 3.16s
[INFO]: TRAIN epoch: 44 loss: 155.1074, time: 3.18s
[INFO]: TRAIN epoch: 44 loss: 142.5254, time: 3.19s
[INFO]: TRAIN epoch: 44 loss: 113.5375, time: 3.19s
[INFO]: TRAIN epoch: 44 loss: 102.3526, time: 3.33s
[INFO]: TRAIN epoch: 44 loss: 109.8355, time: 3.20s
[INFO]: TRAIN epoch: 44 loss: 123.8341, time: 3.19s
[INFO]: TRAIN epoch: 44 loss: 132.0285, time: 3.16s
[INFO]: TRAIN epoch: 44 loss: 144.0721, time: 3.17s
[INFO]: TRAIN epoch: 44 loss: 98.2697, time: 3.31s
[INFO]: TRAIN epoch: 44 loss: 135.8750, time: 3.16s
[INFO]: TRAIN epoch: 44 loss: 101.5200, time: 3.19s
[INFO]: TRAIN epoch: 44 loss: 108.9074, time: 3.15s
[INFO]: VALIDATION epoch: 44 loss: 203.7839
[INFO]: VALIDATION epoch: 44 loss: 165.1348
[INFO]: VALIDATION epoch: 44 loss: 137.2237
[INFO]: VALIDATION epoch: 44 loss: 181.9801
[INFO]: VALIDATION epoch: 44 loss: 212.1906
[INFO]: TRAIN epoch: 45 loss: 118.7889, time: 2.95s
[INFO]: TRAIN epoch: 45 loss: 118.8963, time: 3.07s
[INFO]: TRAIN epoch: 45 loss: 96.0319, time: 3.26s
[INFO]: TRAIN epoch: 45 loss: 117.1381, time: 3.12s
[INFO]: TRAIN epoch: 45 loss: 117.1482, time: 3.15s
[INFO]: TRAIN epoch: 45 loss: 108.7129, time: 3.14s
[INFO]: TRAIN epoch: 45 loss: 152.8418, time: 3.17s
[INFO]: TRAIN epoch: 45 loss: 101.1624, time: 3.30s
[INFO]: TRAIN epoch: 45 loss: 99.4228, time: 3.16s
[INFO]: TRAIN epoch: 45 loss: 98.5484, time: 3.17s
[INFO]: TRAIN epoch: 45 loss: 110.6167, time: 3.17s
[INFO]: TRAIN epoch: 45 loss: 112.8196, time: 3.31s
[INFO]: TRAIN epoch: 45 loss: 106.8286, time: 3.21s
[INFO]: TRAIN epoch: 45 loss: 108.1018, time: 3.17s
[INFO]: TRAIN epoch: 45 loss: 133.1665, time: 3.20s
[INFO]: TRAIN epoch: 45 loss: 107.4899, time: 3.19s
[INFO]: TRAIN epoch: 45 loss: 134.2171, time: 3.32s
[INFO]: TRAIN epoch: 45 loss: 106.8238, time: 3.18s
[INFO]: TRAIN epoch: 45 loss: 122.0724, time: 3.19s
[INFO]: TRAIN epoch: 45 loss: 143.1948, time: 3.19s
[INFO]: TRAIN epoch: 45 loss: 114.9206, time: 3.17s
[INFO]: TRAIN epoch: 45 loss: 82.2861, time: 3.33s
[INFO]: TRAIN epoch: 45 loss: 94.3271, time: 3.15s
[INFO]: TRAIN epoch: 45 loss: 164.1854, time: 3.16s
[INFO]: TRAIN epoch: 45 loss: 129.7742, time: 3.14s
[INFO]: TRAIN epoch: 45 loss: 124.7683, time: 3.15s
[INFO]: TRAIN epoch: 45 loss: 116.2884, time: 3.33s
[INFO]: TRAIN epoch: 45 loss: 101.3024, time: 3.15s
[INFO]: TRAIN epoch: 45 loss: 178.4765, time: 3.16s
[INFO]: TRAIN epoch: 45 loss: 103.3443, time: 3.16s
[INFO]: TRAIN epoch: 45 loss: 140.3771, time: 3.13s
[INFO]: TRAIN epoch: 45 loss: 106.5972, time: 3.30s
[INFO]: TRAIN epoch: 45 loss: 133.1106, time: 3.15s
[INFO]: TRAIN epoch: 45 loss: 151.4202, time: 3.13s
[INFO]: TRAIN epoch: 45 loss: 125.0980, time: 3.17s
[INFO]: VALIDATION epoch: 45 loss: 194.8694
[INFO]: VALIDATION epoch: 45 loss: 158.7850
[INFO]: VALIDATION epoch: 45 loss: 166.6391
[INFO]: VALIDATION epoch: 45 loss: 182.9796
[INFO]: VALIDATION epoch: 45 loss: 199.4944
[INFO]: TRAIN epoch: 46 loss: 110.7583, time: 2.96s
[INFO]: TRAIN epoch: 46 loss: 122.6350, time: 3.04s
[INFO]: TRAIN epoch: 46 loss: 118.3723, time: 3.24s
[INFO]: TRAIN epoch: 46 loss: 121.8938, time: 3.11s
[INFO]: TRAIN epoch: 46 loss: 110.6332, time: 3.17s
[INFO]: TRAIN epoch: 46 loss: 103.7448, time: 3.09s
[INFO]: TRAIN epoch: 46 loss: 115.4210, time: 3.11s
[INFO]: TRAIN epoch: 46 loss: 118.2792, time: 3.28s
[INFO]: TRAIN epoch: 46 loss: 160.2783, time: 3.12s
[INFO]: TRAIN epoch: 46 loss: 109.8526, time: 3.11s
[INFO]: TRAIN epoch: 46 loss: 83.6654, time: 3.16s
[INFO]: TRAIN epoch: 46 loss: 87.8814, time: 3.30s
[INFO]: TRAIN epoch: 46 loss: 142.5431, time: 3.14s
[INFO]: TRAIN epoch: 46 loss: 137.1728, time: 3.16s
[INFO]: TRAIN epoch: 46 loss: 121.7271, time: 3.15s
[INFO]: TRAIN epoch: 46 loss: 175.9035, time: 3.15s
[INFO]: TRAIN epoch: 46 loss: 117.5579, time: 3.31s
[INFO]: TRAIN epoch: 46 loss: 95.2432, time: 3.20s
[INFO]: TRAIN epoch: 46 loss: 136.0469, time: 3.18s
[INFO]: TRAIN epoch: 46 loss: 130.7704, time: 3.18s
[INFO]: TRAIN epoch: 46 loss: 119.1667, time: 3.15s
[INFO]: TRAIN epoch: 46 loss: 114.3356, time: 3.31s
[INFO]: TRAIN epoch: 46 loss: 116.3229, time: 3.16s
[INFO]: TRAIN epoch: 46 loss: 95.6234, time: 3.15s
[INFO]: TRAIN epoch: 46 loss: 135.0459, time: 3.15s
[INFO]: TRAIN epoch: 46 loss: 108.5896, time: 3.14s
[INFO]: TRAIN epoch: 46 loss: 119.2397, time: 3.42s
[INFO]: TRAIN epoch: 46 loss: 159.9482, time: 3.13s
[INFO]: TRAIN epoch: 46 loss: 129.2386, time: 3.13s
[INFO]: TRAIN epoch: 46 loss: 103.7080, time: 3.13s
[INFO]: TRAIN epoch: 46 loss: 106.2400, time: 3.15s
[INFO]: TRAIN epoch: 46 loss: 113.8675, time: 3.32s
[INFO]: TRAIN epoch: 46 loss: 105.9148, time: 3.16s
[INFO]: TRAIN epoch: 46 loss: 94.7223, time: 3.15s
[INFO]: TRAIN epoch: 46 loss: 126.7717, time: 3.14s
[INFO]: VALIDATION epoch: 46 loss: 212.3398
[INFO]: VALIDATION epoch: 46 loss: 158.5286
[INFO]: VALIDATION epoch: 46 loss: 159.8242
[INFO]: VALIDATION epoch: 46 loss: 187.5879
[INFO]: VALIDATION epoch: 46 loss: 219.2793
[INFO]: TRAIN epoch: 47 loss: 108.1236, time: 2.95s
[INFO]: TRAIN epoch: 47 loss: 122.2093, time: 3.07s
[INFO]: TRAIN epoch: 47 loss: 123.6187, time: 3.26s
[INFO]: TRAIN epoch: 47 loss: 100.7828, time: 3.13s
[INFO]: TRAIN epoch: 47 loss: 97.4114, time: 3.19s
[INFO]: TRAIN epoch: 47 loss: 108.1891, time: 3.25s
[INFO]: TRAIN epoch: 47 loss: 121.8003, time: 3.23s
[INFO]: TRAIN epoch: 47 loss: 91.8368, time: 3.42s
[INFO]: TRAIN epoch: 47 loss: 120.3365, time: 3.29s
[INFO]: TRAIN epoch: 47 loss: 105.5364, time: 3.26s
[INFO]: TRAIN epoch: 47 loss: 93.5442, time: 3.18s
[INFO]: TRAIN epoch: 47 loss: 183.3464, time: 3.33s
[INFO]: TRAIN epoch: 47 loss: 130.5604, time: 3.16s
[INFO]: TRAIN epoch: 47 loss: 106.7991, time: 3.24s
[INFO]: TRAIN epoch: 47 loss: 93.3169, time: 3.22s
[INFO]: TRAIN epoch: 47 loss: 132.9504, time: 3.23s
[INFO]: TRAIN epoch: 47 loss: 151.7113, time: 3.38s
[INFO]: TRAIN epoch: 47 loss: 87.0980, time: 3.24s
[INFO]: TRAIN epoch: 47 loss: 119.4390, time: 3.27s
[INFO]: TRAIN epoch: 47 loss: 93.2763, time: 3.22s
[INFO]: TRAIN epoch: 47 loss: 147.8891, time: 3.23s
[INFO]: TRAIN epoch: 47 loss: 96.8190, time: 3.43s
[INFO]: TRAIN epoch: 47 loss: 116.6072, time: 3.26s
[INFO]: TRAIN epoch: 47 loss: 102.3091, time: 3.24s
[INFO]: TRAIN epoch: 47 loss: 112.5011, time: 3.31s
[INFO]: TRAIN epoch: 47 loss: 111.2424, time: 3.23s
[INFO]: TRAIN epoch: 47 loss: 125.6637, time: 3.43s
[INFO]: TRAIN epoch: 47 loss: 128.7825, time: 3.24s
[INFO]: TRAIN epoch: 47 loss: 103.2035, time: 3.21s
[INFO]: TRAIN epoch: 47 loss: 125.3569, time: 3.19s
[INFO]: TRAIN epoch: 47 loss: 140.7917, time: 3.17s
[INFO]: TRAIN epoch: 47 loss: 100.8005, time: 3.39s
[INFO]: TRAIN epoch: 47 loss: 102.3678, time: 3.20s
[INFO]: TRAIN epoch: 47 loss: 126.5855, time: 3.21s
[INFO]: TRAIN epoch: 47 loss: 172.3004, time: 3.18s
[INFO]: VALIDATION epoch: 47 loss: 224.7178
[INFO]: VALIDATION epoch: 47 loss: 169.2966
[INFO]: VALIDATION epoch: 47 loss: 149.4176
[INFO]: VALIDATION epoch: 47 loss: 193.4952
[INFO]: VALIDATION epoch: 47 loss: 202.7878
[INFO]: TRAIN epoch: 48 loss: 135.1961, time: 2.97s
[INFO]: TRAIN epoch: 48 loss: 99.3118, time: 3.04s
[INFO]: TRAIN epoch: 48 loss: 103.5589, time: 3.23s
[INFO]: TRAIN epoch: 48 loss: 112.1527, time: 3.15s
[INFO]: TRAIN epoch: 48 loss: 101.1828, time: 3.23s
[INFO]: TRAIN epoch: 48 loss: 94.0483, time: 3.43s
[INFO]: TRAIN epoch: 48 loss: 124.7305, time: 3.12s
[INFO]: TRAIN epoch: 48 loss: 91.9198, time: 3.29s
[INFO]: TRAIN epoch: 48 loss: 128.5954, time: 3.13s
[INFO]: TRAIN epoch: 48 loss: 94.3982, time: 3.12s
[INFO]: TRAIN epoch: 48 loss: 137.9003, time: 3.12s
[INFO]: TRAIN epoch: 48 loss: 143.4636, time: 3.31s
[INFO]: TRAIN epoch: 48 loss: 180.2538, time: 3.15s
[INFO]: TRAIN epoch: 48 loss: 127.2977, time: 3.15s
[INFO]: TRAIN epoch: 48 loss: 95.8881, time: 3.16s
[INFO]: TRAIN epoch: 48 loss: 122.6004, time: 3.15s
[INFO]: TRAIN epoch: 48 loss: 121.3150, time: 3.30s
[INFO]: TRAIN epoch: 48 loss: 110.0299, time: 3.12s
[INFO]: TRAIN epoch: 48 loss: 79.8816, time: 3.16s
[INFO]: TRAIN epoch: 48 loss: 111.1239, time: 3.15s
[INFO]: TRAIN epoch: 48 loss: 109.6867, time: 3.15s
[INFO]: TRAIN epoch: 48 loss: 109.0627, time: 3.31s
[INFO]: TRAIN epoch: 48 loss: 129.4447, time: 3.12s
[INFO]: TRAIN epoch: 48 loss: 94.4571, time: 3.11s
[INFO]: TRAIN epoch: 48 loss: 116.7112, time: 3.14s
[INFO]: TRAIN epoch: 48 loss: 111.6358, time: 3.15s
[INFO]: TRAIN epoch: 48 loss: 149.3979, time: 3.31s
[INFO]: TRAIN epoch: 48 loss: 125.5788, time: 3.13s
[INFO]: TRAIN epoch: 48 loss: 110.3213, time: 3.15s
[INFO]: TRAIN epoch: 48 loss: 109.6594, time: 3.16s
[INFO]: TRAIN epoch: 48 loss: 127.7525, time: 3.13s
[INFO]: TRAIN epoch: 48 loss: 133.3206, time: 3.30s
[INFO]: TRAIN epoch: 48 loss: 135.3441, time: 3.15s
[INFO]: TRAIN epoch: 48 loss: 98.4290, time: 3.28s
[INFO]: TRAIN epoch: 48 loss: 95.4885, time: 3.17s
[INFO]: VALIDATION epoch: 48 loss: 221.0934
[INFO]: VALIDATION epoch: 48 loss: 159.6245
[INFO]: VALIDATION epoch: 48 loss: 145.9247
[INFO]: VALIDATION epoch: 48 loss: 170.6259
[INFO]: VALIDATION epoch: 48 loss: 209.0649
[INFO]: TRAIN epoch: 49 loss: 94.9651, time: 2.94s
[INFO]: TRAIN epoch: 49 loss: 138.7025, time: 3.05s
[INFO]: TRAIN epoch: 49 loss: 122.2465, time: 3.22s
[INFO]: TRAIN epoch: 49 loss: 129.0351, time: 3.13s
[INFO]: TRAIN epoch: 49 loss: 150.0696, time: 3.10s
[INFO]: TRAIN epoch: 49 loss: 114.7225, time: 3.13s
[INFO]: TRAIN epoch: 49 loss: 103.5745, time: 3.13s
[INFO]: TRAIN epoch: 49 loss: 90.3193, time: 3.29s
[INFO]: TRAIN epoch: 49 loss: 116.5714, time: 3.14s
[INFO]: TRAIN epoch: 49 loss: 106.5422, time: 3.13s
[INFO]: TRAIN epoch: 49 loss: 109.9829, time: 3.14s
[INFO]: TRAIN epoch: 49 loss: 123.7919, time: 3.30s
[INFO]: TRAIN epoch: 49 loss: 125.1287, time: 3.13s
[INFO]: TRAIN epoch: 49 loss: 99.8207, time: 3.13s
[INFO]: TRAIN epoch: 49 loss: 122.2498, time: 3.14s
[INFO]: TRAIN epoch: 49 loss: 145.3703, time: 3.13s
[INFO]: TRAIN epoch: 49 loss: 74.5456, time: 3.34s
[INFO]: TRAIN epoch: 49 loss: 93.1816, time: 3.17s
[INFO]: TRAIN epoch: 49 loss: 115.7386, time: 3.13s
[INFO]: TRAIN epoch: 49 loss: 121.3487, time: 3.14s
[INFO]: TRAIN epoch: 49 loss: 99.2175, time: 3.18s
[INFO]: TRAIN epoch: 49 loss: 104.3614, time: 3.30s
[INFO]: TRAIN epoch: 49 loss: 194.5589, time: 3.16s
[INFO]: TRAIN epoch: 49 loss: 120.0233, time: 3.14s
[INFO]: TRAIN epoch: 49 loss: 97.7818, time: 3.13s
[INFO]: TRAIN epoch: 49 loss: 146.4922, time: 3.12s
[INFO]: TRAIN epoch: 49 loss: 110.6618, time: 3.31s
[INFO]: TRAIN epoch: 49 loss: 103.6561, time: 3.12s
[INFO]: TRAIN epoch: 49 loss: 104.4585, time: 3.14s
[INFO]: TRAIN epoch: 49 loss: 139.4357, time: 3.15s
[INFO]: TRAIN epoch: 49 loss: 106.9557, time: 3.15s
[INFO]: TRAIN epoch: 49 loss: 139.2753, time: 3.32s
[INFO]: TRAIN epoch: 49 loss: 105.9276, time: 3.18s
[INFO]: TRAIN epoch: 49 loss: 127.9247, time: 3.19s
[INFO]: TRAIN epoch: 49 loss: 121.9804, time: 3.19s
[INFO]: VALIDATION epoch: 49 loss: 207.9933
[INFO]: VALIDATION epoch: 49 loss: 154.5294
[INFO]: VALIDATION epoch: 49 loss: 158.9557
[INFO]: VALIDATION epoch: 49 loss: 185.2538
[INFO]: VALIDATION epoch: 49 loss: 201.0329
[INFO]: TRAIN epoch: 50 loss: 102.7303, time: 2.96s
[INFO]: TRAIN epoch: 50 loss: 109.7841, time: 3.05s
[INFO]: TRAIN epoch: 50 loss: 90.7926, time: 3.28s
[INFO]: TRAIN epoch: 50 loss: 96.3979, time: 3.20s
[INFO]: TRAIN epoch: 50 loss: 172.0865, time: 3.22s
[INFO]: TRAIN epoch: 50 loss: 96.4012, time: 3.27s
[INFO]: TRAIN epoch: 50 loss: 118.8427, time: 3.23s
[INFO]: TRAIN epoch: 50 loss: 128.8381, time: 3.34s
[INFO]: TRAIN epoch: 50 loss: 124.7924, time: 3.15s
[INFO]: TRAIN epoch: 50 loss: 133.3090, time: 3.18s
[INFO]: TRAIN epoch: 50 loss: 92.4766, time: 3.16s
[INFO]: TRAIN epoch: 50 loss: 95.7181, time: 3.32s
[INFO]: TRAIN epoch: 50 loss: 99.1418, time: 3.17s
[INFO]: TRAIN epoch: 50 loss: 92.3011, time: 3.19s
[INFO]: TRAIN epoch: 50 loss: 137.4216, time: 3.21s
[INFO]: TRAIN epoch: 50 loss: 87.4775, time: 3.20s
[INFO]: TRAIN epoch: 50 loss: 117.9652, time: 3.33s
[INFO]: TRAIN epoch: 50 loss: 111.1967, time: 3.19s
[INFO]: TRAIN epoch: 50 loss: 89.1674, time: 3.20s
[INFO]: TRAIN epoch: 50 loss: 115.9974, time: 3.16s
[INFO]: TRAIN epoch: 50 loss: 119.5913, time: 3.19s
[INFO]: TRAIN epoch: 50 loss: 109.1419, time: 3.35s
[INFO]: TRAIN epoch: 50 loss: 94.4622, time: 3.19s
[INFO]: TRAIN epoch: 50 loss: 97.2883, time: 3.22s
[INFO]: TRAIN epoch: 50 loss: 120.3340, time: 3.25s
[INFO]: TRAIN epoch: 50 loss: 110.9178, time: 3.21s
[INFO]: TRAIN epoch: 50 loss: 118.2126, time: 3.34s
[INFO]: TRAIN epoch: 50 loss: 161.9856, time: 3.21s
[INFO]: TRAIN epoch: 50 loss: 144.7884, time: 3.18s
[INFO]: TRAIN epoch: 50 loss: 112.3136, time: 3.22s
[INFO]: TRAIN epoch: 50 loss: 158.8683, time: 3.21s
[INFO]: TRAIN epoch: 50 loss: 112.9542, time: 3.36s
[INFO]: TRAIN epoch: 50 loss: 164.2701, time: 3.18s
[INFO]: TRAIN epoch: 50 loss: 92.7664, time: 3.15s
[INFO]: TRAIN epoch: 50 loss: 91.0415, time: 3.18s
[INFO]: VALIDATION epoch: 50 loss: 195.8273
[INFO]: VALIDATION epoch: 50 loss: 163.0838
[INFO]: VALIDATION epoch: 50 loss: 169.3479
[INFO]: VALIDATION epoch: 50 loss: 189.6957
[INFO]: VALIDATION epoch: 50 loss: 208.2244
[INFO]: TRAIN epoch: 51 loss: 115.1303, time: 2.95s
[INFO]: TRAIN epoch: 51 loss: 136.7153, time: 3.06s
[INFO]: TRAIN epoch: 51 loss: 111.0083, time: 3.26s
[INFO]: TRAIN epoch: 51 loss: 96.7614, time: 3.13s
[INFO]: TRAIN epoch: 51 loss: 117.4010, time: 3.17s
[INFO]: TRAIN epoch: 51 loss: 118.0085, time: 3.15s
[INFO]: TRAIN epoch: 51 loss: 105.1037, time: 3.15s
[INFO]: TRAIN epoch: 51 loss: 90.0194, time: 3.31s
[INFO]: TRAIN epoch: 51 loss: 130.3986, time: 3.15s
[INFO]: TRAIN epoch: 51 loss: 115.5718, time: 3.17s
[INFO]: TRAIN epoch: 51 loss: 150.9537, time: 3.17s
[INFO]: TRAIN epoch: 51 loss: 101.6587, time: 3.30s
[INFO]: TRAIN epoch: 51 loss: 75.5098, time: 3.21s
[INFO]: TRAIN epoch: 51 loss: 98.1471, time: 3.17s
[INFO]: TRAIN epoch: 51 loss: 94.7729, time: 3.16s
[INFO]: TRAIN epoch: 51 loss: 90.5050, time: 3.16s
[INFO]: TRAIN epoch: 51 loss: 149.4887, time: 3.34s
[INFO]: TRAIN epoch: 51 loss: 94.2143, time: 3.37s
[INFO]: TRAIN epoch: 51 loss: 121.8857, time: 3.44s
[INFO]: TRAIN epoch: 51 loss: 92.4189, time: 3.28s
[INFO]: TRAIN epoch: 51 loss: 115.4655, time: 3.15s
[INFO]: TRAIN epoch: 51 loss: 113.3158, time: 3.35s
[INFO]: TRAIN epoch: 51 loss: 117.6985, time: 3.21s
[INFO]: TRAIN epoch: 51 loss: 118.4342, time: 3.16s
[INFO]: TRAIN epoch: 51 loss: 131.7630, time: 3.16s
[INFO]: TRAIN epoch: 51 loss: 97.2915, time: 3.15s
[INFO]: TRAIN epoch: 51 loss: 198.4849, time: 3.33s
[INFO]: TRAIN epoch: 51 loss: 148.9999, time: 3.16s
[INFO]: TRAIN epoch: 51 loss: 112.5680, time: 3.18s
[INFO]: TRAIN epoch: 51 loss: 100.7141, time: 3.41s
[INFO]: TRAIN epoch: 51 loss: 98.4975, time: 3.59s
[INFO]: TRAIN epoch: 51 loss: 125.0473, time: 3.35s
[INFO]: TRAIN epoch: 51 loss: 122.1797, time: 3.18s
[INFO]: TRAIN epoch: 51 loss: 102.3644, time: 3.17s
[INFO]: TRAIN epoch: 51 loss: 90.3422, time: 3.20s
[INFO]: VALIDATION epoch: 51 loss: 213.2380
[INFO]: VALIDATION epoch: 51 loss: 164.6294
[INFO]: VALIDATION epoch: 51 loss: 152.7664
[INFO]: VALIDATION epoch: 51 loss: 176.9451
[INFO]: VALIDATION epoch: 51 loss: 200.4766
[INFO]: TRAIN epoch: 52 loss: 175.0429, time: 2.96s
[INFO]: TRAIN epoch: 52 loss: 70.9682, time: 3.09s
[INFO]: TRAIN epoch: 52 loss: 94.5006, time: 3.22s
[INFO]: TRAIN epoch: 52 loss: 107.5269, time: 3.17s
[INFO]: TRAIN epoch: 52 loss: 136.0604, time: 3.16s
[INFO]: TRAIN epoch: 52 loss: 112.8751, time: 3.14s
[INFO]: TRAIN epoch: 52 loss: 104.8731, time: 3.15s
[INFO]: TRAIN epoch: 52 loss: 98.8238, time: 3.32s
[INFO]: TRAIN epoch: 52 loss: 86.1946, time: 3.15s
[INFO]: TRAIN epoch: 52 loss: 142.0621, time: 3.14s
[INFO]: TRAIN epoch: 52 loss: 94.2653, time: 3.16s
[INFO]: TRAIN epoch: 52 loss: 107.4854, time: 3.32s
[INFO]: TRAIN epoch: 52 loss: 89.7985, time: 3.16s
[INFO]: TRAIN epoch: 52 loss: 160.6329, time: 3.16s
[INFO]: TRAIN epoch: 52 loss: 119.5156, time: 3.16s
[INFO]: TRAIN epoch: 52 loss: 117.7633, time: 3.16s
[INFO]: TRAIN epoch: 52 loss: 121.4602, time: 3.33s
[INFO]: TRAIN epoch: 52 loss: 136.0731, time: 3.13s
[INFO]: TRAIN epoch: 52 loss: 131.7628, time: 3.13s
[INFO]: TRAIN epoch: 52 loss: 120.4160, time: 3.20s
[INFO]: TRAIN epoch: 52 loss: 87.5980, time: 3.19s
[INFO]: TRAIN epoch: 52 loss: 108.0441, time: 3.32s
[INFO]: TRAIN epoch: 52 loss: 104.0215, time: 3.18s
[INFO]: TRAIN epoch: 52 loss: 87.1965, time: 3.17s
[INFO]: TRAIN epoch: 52 loss: 96.8267, time: 3.18s
[INFO]: TRAIN epoch: 52 loss: 144.2596, time: 3.16s
[INFO]: TRAIN epoch: 52 loss: 94.9756, time: 3.32s
[INFO]: TRAIN epoch: 52 loss: 117.0191, time: 3.17s
[INFO]: TRAIN epoch: 52 loss: 137.7066, time: 3.18s
[INFO]: TRAIN epoch: 52 loss: 112.2029, time: 3.17s
[INFO]: TRAIN epoch: 52 loss: 89.8191, time: 3.21s
[INFO]: TRAIN epoch: 52 loss: 88.0476, time: 3.35s
[INFO]: TRAIN epoch: 52 loss: 114.9329, time: 3.20s
[INFO]: TRAIN epoch: 52 loss: 105.3356, time: 3.27s
[INFO]: TRAIN epoch: 52 loss: 118.4748, time: 3.21s
[INFO]: VALIDATION epoch: 52 loss: 202.7236
[INFO]: VALIDATION epoch: 52 loss: 165.1970
[INFO]: VALIDATION epoch: 52 loss: 145.5905
[INFO]: VALIDATION epoch: 52 loss: 183.2100
[INFO]: VALIDATION epoch: 52 loss: 223.9726
[INFO]: TRAIN epoch: 53 loss: 129.5239, time: 2.96s
[INFO]: TRAIN epoch: 53 loss: 114.0787, time: 3.09s
[INFO]: TRAIN epoch: 53 loss: 103.9221, time: 3.23s
[INFO]: TRAIN epoch: 53 loss: 140.4812, time: 3.14s
[INFO]: TRAIN epoch: 53 loss: 129.5137, time: 3.16s
[INFO]: TRAIN epoch: 53 loss: 91.4743, time: 3.18s
[INFO]: TRAIN epoch: 53 loss: 105.3276, time: 3.19s
[INFO]: TRAIN epoch: 53 loss: 103.1078, time: 3.43s
[INFO]: TRAIN epoch: 53 loss: 91.3569, time: 3.18s
[INFO]: TRAIN epoch: 53 loss: 196.2282, time: 3.17s
[INFO]: TRAIN epoch: 53 loss: 115.6618, time: 3.15s
[INFO]: TRAIN epoch: 53 loss: 102.5348, time: 3.33s
[INFO]: TRAIN epoch: 53 loss: 123.9655, time: 3.22s
[INFO]: TRAIN epoch: 53 loss: 109.3027, time: 3.21s
[INFO]: TRAIN epoch: 53 loss: 146.7240, time: 3.17s
[INFO]: TRAIN epoch: 53 loss: 95.4765, time: 3.20s
[INFO]: TRAIN epoch: 53 loss: 149.2770, time: 3.34s
[INFO]: TRAIN epoch: 53 loss: 98.3531, time: 3.19s
[INFO]: TRAIN epoch: 53 loss: 95.5518, time: 3.19s
[INFO]: TRAIN epoch: 53 loss: 122.5403, time: 3.16s
[INFO]: TRAIN epoch: 53 loss: 126.2555, time: 3.28s
[INFO]: TRAIN epoch: 53 loss: 118.7938, time: 3.34s
[INFO]: TRAIN epoch: 53 loss: 113.4451, time: 3.19s
[INFO]: TRAIN epoch: 53 loss: 115.3646, time: 3.19s
[INFO]: TRAIN epoch: 53 loss: 91.0433, time: 3.17s
[INFO]: TRAIN epoch: 53 loss: 105.8124, time: 3.15s
[INFO]: TRAIN epoch: 53 loss: 142.1329, time: 3.32s
[INFO]: TRAIN epoch: 53 loss: 96.8410, time: 3.16s
[INFO]: TRAIN epoch: 53 loss: 99.9662, time: 3.17s
[INFO]: TRAIN epoch: 53 loss: 96.4297, time: 3.16s
[INFO]: TRAIN epoch: 53 loss: 86.0779, time: 3.14s
[INFO]: TRAIN epoch: 53 loss: 101.9835, time: 3.30s
[INFO]: TRAIN epoch: 53 loss: 147.9197, time: 3.15s
[INFO]: TRAIN epoch: 53 loss: 94.7408, time: 3.18s
[INFO]: TRAIN epoch: 53 loss: 114.0869, time: 3.20s
[INFO]: VALIDATION epoch: 53 loss: 211.0548
[INFO]: VALIDATION epoch: 53 loss: 156.8217
[INFO]: VALIDATION epoch: 53 loss: 158.4538
[INFO]: VALIDATION epoch: 53 loss: 175.6418
[INFO]: VALIDATION epoch: 53 loss: 204.0781
[INFO]: TRAIN epoch: 54 loss: 71.2626, time: 2.96s
[INFO]: TRAIN epoch: 54 loss: 81.9110, time: 3.07s
[INFO]: TRAIN epoch: 54 loss: 117.9401, time: 3.23s
[INFO]: TRAIN epoch: 54 loss: 94.1713, time: 3.12s
[INFO]: TRAIN epoch: 54 loss: 119.4373, time: 3.15s
[INFO]: TRAIN epoch: 54 loss: 81.7975, time: 3.13s
[INFO]: TRAIN epoch: 54 loss: 98.2329, time: 3.18s
[INFO]: TRAIN epoch: 54 loss: 93.3791, time: 3.30s
[INFO]: TRAIN epoch: 54 loss: 115.4130, time: 3.18s
[INFO]: TRAIN epoch: 54 loss: 127.1616, time: 3.18s
[INFO]: TRAIN epoch: 54 loss: 114.1295, time: 3.17s
[INFO]: TRAIN epoch: 54 loss: 90.0902, time: 3.32s
[INFO]: TRAIN epoch: 54 loss: 109.3712, time: 3.21s
[INFO]: TRAIN epoch: 54 loss: 97.2980, time: 3.20s
[INFO]: TRAIN epoch: 54 loss: 87.0713, time: 3.14s
[INFO]: TRAIN epoch: 54 loss: 124.3537, time: 3.21s
[INFO]: TRAIN epoch: 54 loss: 117.1131, time: 3.35s
[INFO]: TRAIN epoch: 54 loss: 116.4780, time: 3.18s
[INFO]: TRAIN epoch: 54 loss: 130.9058, time: 3.14s
[INFO]: TRAIN epoch: 54 loss: 83.6562, time: 3.16s
[INFO]: TRAIN epoch: 54 loss: 104.3727, time: 3.20s
[INFO]: TRAIN epoch: 54 loss: 151.9601, time: 3.33s
[INFO]: TRAIN epoch: 54 loss: 154.2045, time: 3.14s
[INFO]: TRAIN epoch: 54 loss: 99.4758, time: 3.15s
[INFO]: TRAIN epoch: 54 loss: 128.4335, time: 3.18s
[INFO]: TRAIN epoch: 54 loss: 119.0350, time: 3.17s
[INFO]: TRAIN epoch: 54 loss: 100.4999, time: 3.32s
[INFO]: TRAIN epoch: 54 loss: 132.2750, time: 3.18s
[INFO]: TRAIN epoch: 54 loss: 98.6595, time: 3.17s
[INFO]: TRAIN epoch: 54 loss: 92.6483, time: 3.18s
[INFO]: TRAIN epoch: 54 loss: 128.0106, time: 3.16s
[INFO]: TRAIN epoch: 54 loss: 124.0447, time: 3.32s
[INFO]: TRAIN epoch: 54 loss: 119.6923, time: 3.17s
[INFO]: TRAIN epoch: 54 loss: 111.5867, time: 3.15s
[INFO]: TRAIN epoch: 54 loss: 189.1265, time: 3.17s
[INFO]: VALIDATION epoch: 54 loss: 212.4090
[INFO]: VALIDATION epoch: 54 loss: 151.3630
[INFO]: VALIDATION epoch: 54 loss: 149.3803
[INFO]: VALIDATION epoch: 54 loss: 179.8338
[INFO]: VALIDATION epoch: 54 loss: 203.5242
[INFO]: TRAIN epoch: 55 loss: 85.7684, time: 2.93s
[INFO]: TRAIN epoch: 55 loss: 108.1867, time: 3.03s
[INFO]: TRAIN epoch: 55 loss: 118.1834, time: 3.23s
[INFO]: TRAIN epoch: 55 loss: 92.6985, time: 3.09s
[INFO]: TRAIN epoch: 55 loss: 85.2528, time: 3.11s
[INFO]: TRAIN epoch: 55 loss: 91.0926, time: 3.15s
[INFO]: TRAIN epoch: 55 loss: 115.6695, time: 3.13s
[INFO]: TRAIN epoch: 55 loss: 104.0010, time: 3.30s
[INFO]: TRAIN epoch: 55 loss: 92.7961, time: 3.16s
[INFO]: TRAIN epoch: 55 loss: 130.4184, time: 3.19s
[INFO]: TRAIN epoch: 55 loss: 109.5576, time: 3.18s
[INFO]: TRAIN epoch: 55 loss: 123.4964, time: 3.32s
[INFO]: TRAIN epoch: 55 loss: 148.3395, time: 3.16s
[INFO]: TRAIN epoch: 55 loss: 105.8781, time: 3.16s
[INFO]: TRAIN epoch: 55 loss: 124.3426, time: 3.19s
[INFO]: TRAIN epoch: 55 loss: 99.7080, time: 3.19s
[INFO]: TRAIN epoch: 55 loss: 97.4224, time: 3.35s
[INFO]: TRAIN epoch: 55 loss: 79.7272, time: 3.17s
[INFO]: TRAIN epoch: 55 loss: 120.2616, time: 3.18s
[INFO]: TRAIN epoch: 55 loss: 137.0242, time: 3.14s
[INFO]: TRAIN epoch: 55 loss: 73.9096, time: 3.15s
[INFO]: TRAIN epoch: 55 loss: 186.3394, time: 3.30s
[INFO]: TRAIN epoch: 55 loss: 149.8406, time: 3.21s
[INFO]: TRAIN epoch: 55 loss: 115.4689, time: 3.18s
[INFO]: TRAIN epoch: 55 loss: 131.6782, time: 3.24s
[INFO]: TRAIN epoch: 55 loss: 92.6031, time: 3.23s
[INFO]: TRAIN epoch: 55 loss: 91.7763, time: 3.34s
[INFO]: TRAIN epoch: 55 loss: 90.9476, time: 3.20s
[INFO]: TRAIN epoch: 55 loss: 110.9801, time: 3.19s
[INFO]: TRAIN epoch: 55 loss: 97.0261, time: 3.23s
[INFO]: TRAIN epoch: 55 loss: 95.0387, time: 3.26s
[INFO]: TRAIN epoch: 55 loss: 123.6014, time: 3.35s
[INFO]: TRAIN epoch: 55 loss: 122.5595, time: 3.26s
[INFO]: TRAIN epoch: 55 loss: 100.8119, time: 3.17s
[INFO]: TRAIN epoch: 55 loss: 80.6227, time: 3.27s
[INFO]: VALIDATION epoch: 55 loss: 198.3437
[INFO]: VALIDATION epoch: 55 loss: 171.9906
[INFO]: VALIDATION epoch: 55 loss: 161.9575
[INFO]: VALIDATION epoch: 55 loss: 190.0570
[INFO]: VALIDATION epoch: 55 loss: 222.5911
[INFO]: TRAIN epoch: 56 loss: 115.6856, time: 3.01s
[INFO]: TRAIN epoch: 56 loss: 126.5263, time: 3.10s
[INFO]: TRAIN epoch: 56 loss: 125.5355, time: 3.28s
[INFO]: TRAIN epoch: 56 loss: 123.5621, time: 3.19s
[INFO]: TRAIN epoch: 56 loss: 67.4098, time: 3.21s
[INFO]: TRAIN epoch: 56 loss: 89.6236, time: 3.19s
[INFO]: TRAIN epoch: 56 loss: 96.1430, time: 3.17s
[INFO]: TRAIN epoch: 56 loss: 85.9826, time: 3.29s
[INFO]: TRAIN epoch: 56 loss: 93.1439, time: 3.19s
[INFO]: TRAIN epoch: 56 loss: 116.3187, time: 3.20s
[INFO]: TRAIN epoch: 56 loss: 87.6475, time: 3.20s
[INFO]: TRAIN epoch: 56 loss: 136.8131, time: 3.28s
[INFO]: TRAIN epoch: 56 loss: 112.1258, time: 3.17s
[INFO]: TRAIN epoch: 56 loss: 88.9913, time: 3.15s
[INFO]: TRAIN epoch: 56 loss: 147.1998, time: 3.16s
[INFO]: TRAIN epoch: 56 loss: 101.5647, time: 3.17s
[INFO]: TRAIN epoch: 56 loss: 110.8060, time: 3.33s
[INFO]: TRAIN epoch: 56 loss: 126.0577, time: 3.20s
[INFO]: TRAIN epoch: 56 loss: 126.5443, time: 3.17s
[INFO]: TRAIN epoch: 56 loss: 103.2824, time: 3.18s
[INFO]: TRAIN epoch: 56 loss: 85.5503, time: 3.27s
[INFO]: TRAIN epoch: 56 loss: 102.4193, time: 3.41s
[INFO]: TRAIN epoch: 56 loss: 93.5188, time: 3.24s
[INFO]: TRAIN epoch: 56 loss: 89.6122, time: 3.26s
[INFO]: TRAIN epoch: 56 loss: 73.2199, time: 3.18s
[INFO]: TRAIN epoch: 56 loss: 152.4006, time: 3.18s
[INFO]: TRAIN epoch: 56 loss: 105.2188, time: 3.32s
[INFO]: TRAIN epoch: 56 loss: 186.1189, time: 3.22s
[INFO]: TRAIN epoch: 56 loss: 82.0815, time: 3.22s
[INFO]: TRAIN epoch: 56 loss: 116.9654, time: 3.18s
[INFO]: TRAIN epoch: 56 loss: 136.1240, time: 3.16s
[INFO]: TRAIN epoch: 56 loss: 105.8664, time: 3.33s
[INFO]: TRAIN epoch: 56 loss: 81.9730, time: 3.18s
[INFO]: TRAIN epoch: 56 loss: 85.2273, time: 3.16s
[INFO]: TRAIN epoch: 56 loss: 117.7079, time: 3.23s
[INFO]: VALIDATION epoch: 56 loss: 217.9671
[INFO]: VALIDATION epoch: 56 loss: 161.2054
[INFO]: VALIDATION epoch: 56 loss: 165.8789
[INFO]: VALIDATION epoch: 56 loss: 169.4432
[INFO]: VALIDATION epoch: 56 loss: 216.8173
[INFO]: TRAIN epoch: 57 loss: 89.0805, time: 2.95s
[INFO]: TRAIN epoch: 57 loss: 73.7430, time: 3.15s
[INFO]: TRAIN epoch: 57 loss: 155.1891, time: 3.25s
[INFO]: TRAIN epoch: 57 loss: 77.2149, time: 3.18s
[INFO]: TRAIN epoch: 57 loss: 95.4663, time: 3.17s
[INFO]: TRAIN epoch: 57 loss: 84.7708, time: 3.14s
[INFO]: TRAIN epoch: 57 loss: 97.0204, time: 3.17s
[INFO]: TRAIN epoch: 57 loss: 95.1250, time: 3.44s
[INFO]: TRAIN epoch: 57 loss: 101.1025, time: 3.22s
[INFO]: TRAIN epoch: 57 loss: 119.6106, time: 3.27s
[INFO]: TRAIN epoch: 57 loss: 126.5658, time: 3.21s
[INFO]: TRAIN epoch: 57 loss: 131.0793, time: 3.35s
[INFO]: TRAIN epoch: 57 loss: 81.2400, time: 3.16s
[INFO]: TRAIN epoch: 57 loss: 115.0144, time: 3.16s
[INFO]: TRAIN epoch: 57 loss: 89.0611, time: 3.18s
[INFO]: TRAIN epoch: 57 loss: 140.2887, time: 3.16s
[INFO]: TRAIN epoch: 57 loss: 111.1246, time: 3.32s
[INFO]: TRAIN epoch: 57 loss: 118.9930, time: 3.17s
[INFO]: TRAIN epoch: 57 loss: 97.1044, time: 3.27s
[INFO]: TRAIN epoch: 57 loss: 100.3147, time: 3.26s
[INFO]: TRAIN epoch: 57 loss: 86.1931, time: 3.18s
[INFO]: TRAIN epoch: 57 loss: 80.8504, time: 3.32s
[INFO]: TRAIN epoch: 57 loss: 77.4686, time: 3.19s
[INFO]: TRAIN epoch: 57 loss: 114.3053, time: 3.17s
[INFO]: TRAIN epoch: 57 loss: 100.5893, time: 3.21s
[INFO]: TRAIN epoch: 57 loss: 154.3297, time: 3.19s
[INFO]: TRAIN epoch: 57 loss: 112.6333, time: 3.37s
[INFO]: TRAIN epoch: 57 loss: 143.4036, time: 3.29s
[INFO]: TRAIN epoch: 57 loss: 119.7626, time: 3.21s
[INFO]: TRAIN epoch: 57 loss: 166.2665, time: 3.18s
[INFO]: TRAIN epoch: 57 loss: 70.8561, time: 3.19s
[INFO]: TRAIN epoch: 57 loss: 83.9055, time: 3.32s
[INFO]: TRAIN epoch: 57 loss: 95.5216, time: 3.22s
[INFO]: TRAIN epoch: 57 loss: 103.9228, time: 3.25s
[INFO]: TRAIN epoch: 57 loss: 120.2968, time: 3.17s
[INFO]: VALIDATION epoch: 57 loss: 202.7165
[INFO]: VALIDATION epoch: 57 loss: 167.5637
[INFO]: VALIDATION epoch: 57 loss: 154.9773
[INFO]: VALIDATION epoch: 57 loss: 187.3516
[INFO]: VALIDATION epoch: 57 loss: 212.7707
[INFO]: TRAIN epoch: 58 loss: 120.4761, time: 2.95s
[INFO]: TRAIN epoch: 58 loss: 86.1477, time: 3.10s
[INFO]: TRAIN epoch: 58 loss: 77.8041, time: 3.25s
[INFO]: TRAIN epoch: 58 loss: 79.3966, time: 3.14s
[INFO]: TRAIN epoch: 58 loss: 122.2440, time: 3.13s
[INFO]: TRAIN epoch: 58 loss: 93.4852, time: 3.14s
[INFO]: TRAIN epoch: 58 loss: 128.9680, time: 3.16s
[INFO]: TRAIN epoch: 58 loss: 110.7801, time: 3.33s
[INFO]: TRAIN epoch: 58 loss: 117.6535, time: 3.20s
[INFO]: TRAIN epoch: 58 loss: 101.8407, time: 3.24s
[INFO]: TRAIN epoch: 58 loss: 109.7892, time: 3.21s
[INFO]: TRAIN epoch: 58 loss: 91.3714, time: 3.33s
[INFO]: TRAIN epoch: 58 loss: 102.3247, time: 3.32s
[INFO]: TRAIN epoch: 58 loss: 176.6422, time: 3.19s
[INFO]: TRAIN epoch: 58 loss: 102.6300, time: 3.19s
[INFO]: TRAIN epoch: 58 loss: 101.9732, time: 3.16s
[INFO]: TRAIN epoch: 58 loss: 123.3508, time: 3.32s
[INFO]: TRAIN epoch: 58 loss: 144.3987, time: 3.26s
[INFO]: TRAIN epoch: 58 loss: 115.0687, time: 3.25s
[INFO]: TRAIN epoch: 58 loss: 126.3737, time: 3.17s
[INFO]: TRAIN epoch: 58 loss: 83.6390, time: 3.18s
[INFO]: TRAIN epoch: 58 loss: 121.7276, time: 3.31s
[INFO]: TRAIN epoch: 58 loss: 82.2833, time: 3.20s
[INFO]: TRAIN epoch: 58 loss: 111.5468, time: 3.19s
[INFO]: TRAIN epoch: 58 loss: 115.8236, time: 3.19s
[INFO]: TRAIN epoch: 58 loss: 98.3721, time: 3.20s
[INFO]: TRAIN epoch: 58 loss: 113.7815, time: 3.36s
[INFO]: TRAIN epoch: 58 loss: 93.9208, time: 3.33s
[INFO]: TRAIN epoch: 58 loss: 91.8719, time: 3.20s
[INFO]: TRAIN epoch: 58 loss: 81.4084, time: 3.15s
[INFO]: TRAIN epoch: 58 loss: 70.3238, time: 3.18s
[INFO]: TRAIN epoch: 58 loss: 151.8246, time: 3.35s
[INFO]: TRAIN epoch: 58 loss: 86.4657, time: 3.18s
[INFO]: TRAIN epoch: 58 loss: 88.1770, time: 3.17s
[INFO]: TRAIN epoch: 58 loss: 148.8900, time: 3.20s
[INFO]: VALIDATION epoch: 58 loss: 214.5634
[INFO]: VALIDATION epoch: 58 loss: 155.0143
[INFO]: VALIDATION epoch: 58 loss: 159.8269
[INFO]: VALIDATION epoch: 58 loss: 177.6481
[INFO]: VALIDATION epoch: 58 loss: 195.4387
[INFO]: TRAIN epoch: 59 loss: 96.6280, time: 3.01s
[INFO]: TRAIN epoch: 59 loss: 61.8905, time: 3.13s
[INFO]: TRAIN epoch: 59 loss: 120.0070, time: 3.22s
[INFO]: TRAIN epoch: 59 loss: 105.6864, time: 3.15s
[INFO]: TRAIN epoch: 59 loss: 122.3454, time: 3.20s
[INFO]: TRAIN epoch: 59 loss: 79.2812, time: 3.17s
[INFO]: TRAIN epoch: 59 loss: 112.8375, time: 3.21s
[INFO]: TRAIN epoch: 59 loss: 80.4518, time: 3.35s
[INFO]: TRAIN epoch: 59 loss: 80.5783, time: 3.27s
[INFO]: TRAIN epoch: 59 loss: 140.6787, time: 3.29s
[INFO]: TRAIN epoch: 59 loss: 128.6756, time: 3.35s
[INFO]: TRAIN epoch: 59 loss: 86.0697, time: 3.38s
[INFO]: TRAIN epoch: 59 loss: 102.3464, time: 3.15s
[INFO]: TRAIN epoch: 59 loss: 89.8467, time: 3.18s
[INFO]: TRAIN epoch: 59 loss: 104.3472, time: 3.17s
[INFO]: TRAIN epoch: 59 loss: 96.9053, time: 3.17s
[INFO]: TRAIN epoch: 59 loss: 106.6420, time: 3.34s
[INFO]: TRAIN epoch: 59 loss: 96.8279, time: 3.15s
[INFO]: TRAIN epoch: 59 loss: 168.8179, time: 3.18s
[INFO]: TRAIN epoch: 59 loss: 77.4593, time: 3.19s
[INFO]: TRAIN epoch: 59 loss: 113.0017, time: 3.20s
[INFO]: TRAIN epoch: 59 loss: 138.0359, time: 3.34s
[INFO]: TRAIN epoch: 59 loss: 106.1793, time: 3.20s
[INFO]: TRAIN epoch: 59 loss: 111.2888, time: 3.15s
[INFO]: TRAIN epoch: 59 loss: 122.5936, time: 3.17s
[INFO]: TRAIN epoch: 59 loss: 156.4595, time: 3.12s
[INFO]: TRAIN epoch: 59 loss: 73.7130, time: 3.33s
[INFO]: TRAIN epoch: 59 loss: 112.4859, time: 3.16s
[INFO]: TRAIN epoch: 59 loss: 102.1768, time: 3.20s
[INFO]: TRAIN epoch: 59 loss: 99.6330, time: 3.23s
[INFO]: TRAIN epoch: 59 loss: 138.8175, time: 3.23s
[INFO]: TRAIN epoch: 59 loss: 138.7077, time: 3.30s
[INFO]: TRAIN epoch: 59 loss: 96.2674, time: 3.22s
[INFO]: TRAIN epoch: 59 loss: 89.9143, time: 3.23s
[INFO]: TRAIN epoch: 59 loss: 114.6126, time: 3.20s
[INFO]: VALIDATION epoch: 59 loss: 228.1879
[INFO]: VALIDATION epoch: 59 loss: 164.8983
[INFO]: VALIDATION epoch: 59 loss: 167.7695
[INFO]: VALIDATION epoch: 59 loss: 174.4696
[INFO]: VALIDATION epoch: 59 loss: 226.1089
[INFO]: TRAIN epoch: 60 loss: 132.4642, time: 3.01s
[INFO]: TRAIN epoch: 60 loss: 111.3853, time: 3.15s
[INFO]: TRAIN epoch: 60 loss: 119.3248, time: 3.25s
[INFO]: TRAIN epoch: 60 loss: 89.1539, time: 3.12s
[INFO]: TRAIN epoch: 60 loss: 76.6137, time: 3.15s
[INFO]: TRAIN epoch: 60 loss: 80.8120, time: 3.15s
[INFO]: TRAIN epoch: 60 loss: 118.9946, time: 3.13s
[INFO]: TRAIN epoch: 60 loss: 74.0892, time: 3.30s
[INFO]: TRAIN epoch: 60 loss: 107.3998, time: 3.17s
[INFO]: TRAIN epoch: 60 loss: 106.9385, time: 3.19s
[INFO]: TRAIN epoch: 60 loss: 101.5356, time: 3.18s
[INFO]: TRAIN epoch: 60 loss: 146.9640, time: 3.42s
[INFO]: TRAIN epoch: 60 loss: 99.3817, time: 3.16s
[INFO]: TRAIN epoch: 60 loss: 99.4084, time: 3.15s
[INFO]: TRAIN epoch: 60 loss: 123.9586, time: 3.20s
[INFO]: TRAIN epoch: 60 loss: 131.9855, time: 3.16s
[INFO]: TRAIN epoch: 60 loss: 89.1839, time: 3.34s
[INFO]: TRAIN epoch: 60 loss: 184.3331, time: 3.19s
[INFO]: TRAIN epoch: 60 loss: 83.8995, time: 3.19s
[INFO]: TRAIN epoch: 60 loss: 93.8388, time: 3.22s
[INFO]: TRAIN epoch: 60 loss: 90.1019, time: 3.23s
[INFO]: TRAIN epoch: 60 loss: 140.1651, time: 3.33s
[INFO]: TRAIN epoch: 60 loss: 80.2750, time: 3.21s
[INFO]: TRAIN epoch: 60 loss: 117.7358, time: 3.18s
[INFO]: TRAIN epoch: 60 loss: 109.9904, time: 3.20s
[INFO]: TRAIN epoch: 60 loss: 89.4414, time: 3.17s
[INFO]: TRAIN epoch: 60 loss: 105.3253, time: 3.33s
[INFO]: TRAIN epoch: 60 loss: 109.4395, time: 3.19s
[INFO]: TRAIN epoch: 60 loss: 139.5088, time: 3.17s
[INFO]: TRAIN epoch: 60 loss: 72.1001, time: 3.19s
[INFO]: TRAIN epoch: 60 loss: 103.9833, time: 3.21s
[INFO]: TRAIN epoch: 60 loss: 99.9518, time: 3.31s
[INFO]: TRAIN epoch: 60 loss: 95.9673, time: 3.17s
[INFO]: TRAIN epoch: 60 loss: 82.3709, time: 3.17s
[INFO]: TRAIN epoch: 60 loss: 93.6046, time: 3.18s
[INFO]: VALIDATION epoch: 60 loss: 203.8809
[INFO]: VALIDATION epoch: 60 loss: 164.5199
[INFO]: VALIDATION epoch: 60 loss: 150.1182
[INFO]: VALIDATION epoch: 60 loss: 176.0583
[INFO]: VALIDATION epoch: 60 loss: 215.7602
[INFO]: TRAIN epoch: 61 loss: 73.0902, time: 2.99s
[INFO]: TRAIN epoch: 61 loss: 149.6103, time: 3.08s
[INFO]: TRAIN epoch: 61 loss: 112.0352, time: 3.30s
[INFO]: TRAIN epoch: 61 loss: 105.5864, time: 3.14s
[INFO]: TRAIN epoch: 61 loss: 92.6333, time: 3.16s
[INFO]: TRAIN epoch: 61 loss: 95.4298, time: 3.16s
[INFO]: TRAIN epoch: 61 loss: 88.1965, time: 3.16s
[INFO]: TRAIN epoch: 61 loss: 107.2742, time: 3.30s
[INFO]: TRAIN epoch: 61 loss: 85.4333, time: 3.15s
[INFO]: TRAIN epoch: 61 loss: 117.5980, time: 3.16s
[INFO]: TRAIN epoch: 61 loss: 119.4636, time: 3.15s
[INFO]: TRAIN epoch: 61 loss: 86.9823, time: 3.29s
[INFO]: TRAIN epoch: 61 loss: 101.3327, time: 3.15s
[INFO]: TRAIN epoch: 61 loss: 178.2090, time: 3.12s
[INFO]: TRAIN epoch: 61 loss: 116.3596, time: 3.15s
[INFO]: TRAIN epoch: 61 loss: 78.1623, time: 3.15s
[INFO]: TRAIN epoch: 61 loss: 79.7477, time: 3.28s
[INFO]: TRAIN epoch: 61 loss: 141.1946, time: 3.16s
[INFO]: TRAIN epoch: 61 loss: 83.7674, time: 3.16s
[INFO]: TRAIN epoch: 61 loss: 79.3478, time: 3.17s
[INFO]: TRAIN epoch: 61 loss: 68.1094, time: 3.16s
[INFO]: TRAIN epoch: 61 loss: 95.8423, time: 3.34s
[INFO]: TRAIN epoch: 61 loss: 125.4842, time: 3.18s
[INFO]: TRAIN epoch: 61 loss: 127.4319, time: 3.16s
[INFO]: TRAIN epoch: 61 loss: 85.1480, time: 3.20s
[INFO]: TRAIN epoch: 61 loss: 73.9625, time: 3.18s
[INFO]: TRAIN epoch: 61 loss: 110.1453, time: 3.38s
[INFO]: TRAIN epoch: 61 loss: 117.8295, time: 3.21s
[INFO]: TRAIN epoch: 61 loss: 122.3811, time: 3.14s
[INFO]: TRAIN epoch: 61 loss: 133.7919, time: 3.13s
[INFO]: TRAIN epoch: 61 loss: 130.0808, time: 3.13s
[INFO]: TRAIN epoch: 61 loss: 109.2054, time: 3.29s
[INFO]: TRAIN epoch: 61 loss: 88.0535, time: 3.12s
[INFO]: TRAIN epoch: 61 loss: 105.4151, time: 3.14s
[INFO]: TRAIN epoch: 61 loss: 78.5446, time: 3.12s
[INFO]: VALIDATION epoch: 61 loss: 225.6767
[INFO]: VALIDATION epoch: 61 loss: 164.8250
[INFO]: VALIDATION epoch: 61 loss: 161.7821
[INFO]: VALIDATION epoch: 61 loss: 191.5929
[INFO]: VALIDATION epoch: 61 loss: 225.3882
[INFO]: TRAIN epoch: 62 loss: 136.5540, time: 2.96s
[INFO]: TRAIN epoch: 62 loss: 97.4445, time: 3.03s
[INFO]: TRAIN epoch: 62 loss: 122.1077, time: 3.21s
[INFO]: TRAIN epoch: 62 loss: 176.1798, time: 3.09s
[INFO]: TRAIN epoch: 62 loss: 124.6129, time: 3.10s
[INFO]: TRAIN epoch: 62 loss: 121.3705, time: 3.10s
[INFO]: TRAIN epoch: 62 loss: 102.7542, time: 3.09s
[INFO]: TRAIN epoch: 62 loss: 133.1157, time: 3.27s
[INFO]: TRAIN epoch: 62 loss: 79.2132, time: 3.13s
[INFO]: TRAIN epoch: 62 loss: 114.7405, time: 3.14s
[INFO]: TRAIN epoch: 62 loss: 66.7975, time: 3.15s
[INFO]: TRAIN epoch: 62 loss: 73.4219, time: 3.28s
[INFO]: TRAIN epoch: 62 loss: 101.8983, time: 3.12s
[INFO]: TRAIN epoch: 62 loss: 112.8194, time: 3.11s
[INFO]: TRAIN epoch: 62 loss: 74.6039, time: 3.14s
[INFO]: TRAIN epoch: 62 loss: 133.7712, time: 3.15s
[INFO]: TRAIN epoch: 62 loss: 64.1096, time: 3.32s
[INFO]: TRAIN epoch: 62 loss: 114.2823, time: 3.14s
[INFO]: TRAIN epoch: 62 loss: 84.9551, time: 3.14s
[INFO]: TRAIN epoch: 62 loss: 137.7835, time: 3.11s
[INFO]: TRAIN epoch: 62 loss: 96.4173, time: 3.16s
[INFO]: TRAIN epoch: 62 loss: 114.7781, time: 3.30s
[INFO]: TRAIN epoch: 62 loss: 77.0143, time: 3.19s
[INFO]: TRAIN epoch: 62 loss: 108.8218, time: 3.17s
[INFO]: TRAIN epoch: 62 loss: 115.5923, time: 3.16s
[INFO]: TRAIN epoch: 62 loss: 113.3132, time: 3.19s
[INFO]: TRAIN epoch: 62 loss: 87.7896, time: 3.32s
[INFO]: TRAIN epoch: 62 loss: 115.2438, time: 3.15s
[INFO]: TRAIN epoch: 62 loss: 94.0960, time: 3.17s
[INFO]: TRAIN epoch: 62 loss: 106.1480, time: 3.18s
[INFO]: TRAIN epoch: 62 loss: 76.1976, time: 3.15s
[INFO]: TRAIN epoch: 62 loss: 80.7076, time: 3.28s
[INFO]: TRAIN epoch: 62 loss: 93.8848, time: 3.16s
[INFO]: TRAIN epoch: 62 loss: 78.3255, time: 3.19s
[INFO]: TRAIN epoch: 62 loss: 93.3955, time: 3.19s
[INFO]: VALIDATION epoch: 62 loss: 218.3134
[INFO]: VALIDATION epoch: 62 loss: 166.5156
[INFO]: VALIDATION epoch: 62 loss: 150.0027
[INFO]: VALIDATION epoch: 62 loss: 179.2576
[INFO]: VALIDATION epoch: 62 loss: 224.2480
[INFO]: TRAIN epoch: 63 loss: 69.7974, time: 3.02s
[INFO]: TRAIN epoch: 63 loss: 145.2479, time: 3.10s
[INFO]: TRAIN epoch: 63 loss: 93.7142, time: 3.26s
[INFO]: TRAIN epoch: 63 loss: 67.6822, time: 3.13s
[INFO]: TRAIN epoch: 63 loss: 112.0031, time: 3.13s
[INFO]: TRAIN epoch: 63 loss: 128.6523, time: 3.11s
[INFO]: TRAIN epoch: 63 loss: 72.4065, time: 3.18s
[INFO]: TRAIN epoch: 63 loss: 196.4879, time: 3.32s
[INFO]: TRAIN epoch: 63 loss: 79.4532, time: 3.18s
[INFO]: TRAIN epoch: 63 loss: 78.2100, time: 3.17s
[INFO]: TRAIN epoch: 63 loss: 106.8452, time: 3.13s
[INFO]: TRAIN epoch: 63 loss: 113.6391, time: 3.32s
[INFO]: TRAIN epoch: 63 loss: 92.0619, time: 3.19s
[INFO]: TRAIN epoch: 63 loss: 126.3264, time: 3.25s
[INFO]: TRAIN epoch: 63 loss: 112.9520, time: 3.14s
[INFO]: TRAIN epoch: 63 loss: 102.4137, time: 3.16s
[INFO]: TRAIN epoch: 63 loss: 91.6753, time: 3.34s
[INFO]: TRAIN epoch: 63 loss: 100.2806, time: 3.16s
[INFO]: TRAIN epoch: 63 loss: 126.0340, time: 3.16s
[INFO]: TRAIN epoch: 63 loss: 109.4571, time: 3.13s
[INFO]: TRAIN epoch: 63 loss: 106.6294, time: 3.14s
[INFO]: TRAIN epoch: 63 loss: 88.2163, time: 3.30s
[INFO]: TRAIN epoch: 63 loss: 86.4842, time: 3.13s
[INFO]: TRAIN epoch: 63 loss: 83.0328, time: 3.12s
[INFO]: TRAIN epoch: 63 loss: 152.9374, time: 3.11s
[INFO]: TRAIN epoch: 63 loss: 70.2712, time: 3.10s
[INFO]: TRAIN epoch: 63 loss: 118.2588, time: 3.28s
[INFO]: TRAIN epoch: 63 loss: 100.2813, time: 3.12s
[INFO]: TRAIN epoch: 63 loss: 76.7720, time: 3.10s
[INFO]: TRAIN epoch: 63 loss: 91.3465, time: 3.10s
[INFO]: TRAIN epoch: 63 loss: 105.9856, time: 3.12s
[INFO]: TRAIN epoch: 63 loss: 80.6495, time: 3.27s
[INFO]: TRAIN epoch: 63 loss: 70.1736, time: 3.11s
[INFO]: TRAIN epoch: 63 loss: 75.3621, time: 3.11s
[INFO]: TRAIN epoch: 63 loss: 154.1892, time: 3.13s
[INFO]: VALIDATION epoch: 63 loss: 216.0956
[INFO]: VALIDATION epoch: 63 loss: 156.6234
[INFO]: VALIDATION epoch: 63 loss: 158.7839
[INFO]: VALIDATION epoch: 63 loss: 190.2539
[INFO]: VALIDATION epoch: 63 loss: 232.0238
[INFO]: TRAIN epoch: 64 loss: 72.3193, time: 2.91s
[INFO]: TRAIN epoch: 64 loss: 115.9773, time: 3.01s
[INFO]: TRAIN epoch: 64 loss: 60.9083, time: 3.22s
[INFO]: TRAIN epoch: 64 loss: 121.4262, time: 3.08s
[INFO]: TRAIN epoch: 64 loss: 72.4364, time: 3.08s
[INFO]: TRAIN epoch: 64 loss: 137.9995, time: 3.09s
[INFO]: TRAIN epoch: 64 loss: 64.5176, time: 3.10s
[INFO]: TRAIN epoch: 64 loss: 123.8381, time: 3.27s
[INFO]: TRAIN epoch: 64 loss: 97.7306, time: 3.11s
[INFO]: TRAIN epoch: 64 loss: 102.1254, time: 3.11s
[INFO]: TRAIN epoch: 64 loss: 62.0023, time: 3.10s
[INFO]: TRAIN epoch: 64 loss: 75.2706, time: 3.27s
[INFO]: TRAIN epoch: 64 loss: 87.2301, time: 3.12s
[INFO]: TRAIN epoch: 64 loss: 94.6501, time: 3.11s
[INFO]: TRAIN epoch: 64 loss: 109.0694, time: 3.10s
[INFO]: TRAIN epoch: 64 loss: 123.5586, time: 3.08s
[INFO]: TRAIN epoch: 64 loss: 112.0676, time: 3.28s
[INFO]: TRAIN epoch: 64 loss: 79.7358, time: 3.12s
[INFO]: TRAIN epoch: 64 loss: 107.1614, time: 3.14s
[INFO]: TRAIN epoch: 64 loss: 143.3624, time: 3.11s
[INFO]: TRAIN epoch: 64 loss: 71.4284, time: 3.13s
[INFO]: TRAIN epoch: 64 loss: 118.0604, time: 3.28s
[INFO]: TRAIN epoch: 64 loss: 130.4476, time: 3.15s
[INFO]: TRAIN epoch: 64 loss: 92.4541, time: 3.12s
[INFO]: TRAIN epoch: 64 loss: 70.3439, time: 3.13s
[INFO]: TRAIN epoch: 64 loss: 106.1374, time: 3.11s
[INFO]: TRAIN epoch: 64 loss: 106.5776, time: 3.28s
[INFO]: TRAIN epoch: 64 loss: 90.5934, time: 3.11s
[INFO]: TRAIN epoch: 64 loss: 182.7291, time: 3.15s
[INFO]: TRAIN epoch: 64 loss: 91.7940, time: 3.15s
[INFO]: TRAIN epoch: 64 loss: 73.6998, time: 3.17s
[INFO]: TRAIN epoch: 64 loss: 121.9731, time: 3.31s
[INFO]: TRAIN epoch: 64 loss: 133.2400, time: 3.12s
[INFO]: TRAIN epoch: 64 loss: 97.2512, time: 3.12s
[INFO]: TRAIN epoch: 64 loss: 115.6049, time: 3.12s
[INFO]: VALIDATION epoch: 64 loss: 222.2120
[INFO]: VALIDATION epoch: 64 loss: 155.3892
[INFO]: VALIDATION epoch: 64 loss: 156.6370
[INFO]: VALIDATION epoch: 64 loss: 172.7720
[INFO]: VALIDATION epoch: 64 loss: 222.1253
[INFO]: TRAIN epoch: 65 loss: 116.6330, time: 2.94s
[INFO]: TRAIN epoch: 65 loss: 134.3067, time: 3.02s
[INFO]: TRAIN epoch: 65 loss: 114.6184, time: 3.23s
[INFO]: TRAIN epoch: 65 loss: 58.3836, time: 3.09s
[INFO]: TRAIN epoch: 65 loss: 126.8842, time: 3.08s
[INFO]: TRAIN epoch: 65 loss: 75.3176, time: 3.09s
[INFO]: TRAIN epoch: 65 loss: 97.1157, time: 3.08s
[INFO]: TRAIN epoch: 65 loss: 98.7660, time: 3.26s
[INFO]: TRAIN epoch: 65 loss: 140.1400, time: 3.12s
[INFO]: TRAIN epoch: 65 loss: 90.7416, time: 3.11s
[INFO]: TRAIN epoch: 65 loss: 65.5663, time: 3.09s
[INFO]: TRAIN epoch: 65 loss: 98.3292, time: 3.30s
[INFO]: TRAIN epoch: 65 loss: 120.1544, time: 3.18s
[INFO]: TRAIN epoch: 65 loss: 112.4654, time: 3.13s
[INFO]: TRAIN epoch: 65 loss: 71.1091, time: 3.13s
[INFO]: TRAIN epoch: 65 loss: 93.1816, time: 3.13s
[INFO]: TRAIN epoch: 65 loss: 94.4903, time: 3.31s
[INFO]: TRAIN epoch: 65 loss: 72.2942, time: 3.13s
[INFO]: TRAIN epoch: 65 loss: 119.0727, time: 3.13s
[INFO]: TRAIN epoch: 65 loss: 169.4102, time: 3.15s
[INFO]: TRAIN epoch: 65 loss: 97.1210, time: 3.12s
[INFO]: TRAIN epoch: 65 loss: 101.5035, time: 3.31s
[INFO]: TRAIN epoch: 65 loss: 102.7494, time: 3.16s
[INFO]: TRAIN epoch: 65 loss: 117.1767, time: 3.13s
[INFO]: TRAIN epoch: 65 loss: 83.2206, time: 3.14s
[INFO]: TRAIN epoch: 65 loss: 87.1547, time: 3.13s
[INFO]: TRAIN epoch: 65 loss: 115.9417, time: 3.31s
[INFO]: TRAIN epoch: 65 loss: 145.1045, time: 3.14s
[INFO]: TRAIN epoch: 65 loss: 112.8026, time: 3.15s
[INFO]: TRAIN epoch: 65 loss: 92.9299, time: 3.13s
[INFO]: TRAIN epoch: 65 loss: 78.7992, time: 3.12s
[INFO]: TRAIN epoch: 65 loss: 78.4714, time: 3.29s
[INFO]: TRAIN epoch: 65 loss: 68.7837, time: 3.18s
[INFO]: TRAIN epoch: 65 loss: 72.0023, time: 3.14s
[INFO]: TRAIN epoch: 65 loss: 98.7990, time: 3.14s
[INFO]: VALIDATION epoch: 65 loss: 224.5549
[INFO]: VALIDATION epoch: 65 loss: 156.2739
[INFO]: VALIDATION epoch: 65 loss: 182.1766
[INFO]: VALIDATION epoch: 65 loss: 182.1380
[INFO]: VALIDATION epoch: 65 loss: 233.5690
[INFO]: TRAIN epoch: 66 loss: 81.7857, time: 2.92s
[INFO]: TRAIN epoch: 66 loss: 90.2084, time: 3.06s
[INFO]: TRAIN epoch: 66 loss: 71.6943, time: 3.23s
[INFO]: TRAIN epoch: 66 loss: 138.8204, time: 3.09s
[INFO]: TRAIN epoch: 66 loss: 96.3032, time: 3.07s
[INFO]: TRAIN epoch: 66 loss: 81.5135, time: 3.13s
[INFO]: TRAIN epoch: 66 loss: 105.8313, time: 3.13s
[INFO]: TRAIN epoch: 66 loss: 100.8894, time: 3.27s
[INFO]: TRAIN epoch: 66 loss: 111.9564, time: 3.12s
[INFO]: TRAIN epoch: 66 loss: 115.3428, time: 3.12s
[INFO]: TRAIN epoch: 66 loss: 77.5942, time: 3.14s
[INFO]: TRAIN epoch: 66 loss: 104.2369, time: 3.32s
[INFO]: TRAIN epoch: 66 loss: 170.9287, time: 3.14s
[INFO]: TRAIN epoch: 66 loss: 59.1443, time: 3.15s
[INFO]: TRAIN epoch: 66 loss: 123.3639, time: 3.20s
[INFO]: TRAIN epoch: 66 loss: 76.0249, time: 3.18s
[INFO]: TRAIN epoch: 66 loss: 92.7589, time: 3.37s
[INFO]: TRAIN epoch: 66 loss: 108.1267, time: 3.16s
[INFO]: TRAIN epoch: 66 loss: 120.1379, time: 3.17s
[INFO]: TRAIN epoch: 66 loss: 148.0779, time: 3.17s
[INFO]: TRAIN epoch: 66 loss: 88.2840, time: 3.18s
[INFO]: TRAIN epoch: 66 loss: 129.6251, time: 3.37s
[INFO]: TRAIN epoch: 66 loss: 93.9243, time: 3.20s
[INFO]: TRAIN epoch: 66 loss: 103.4881, time: 3.23s
[INFO]: TRAIN epoch: 66 loss: 96.3677, time: 3.25s
[INFO]: TRAIN epoch: 66 loss: 67.8976, time: 3.17s
[INFO]: TRAIN epoch: 66 loss: 68.0022, time: 3.36s
[INFO]: TRAIN epoch: 66 loss: 112.0568, time: 3.16s
[INFO]: TRAIN epoch: 66 loss: 105.5229, time: 3.22s
[INFO]: TRAIN epoch: 66 loss: 69.9194, time: 3.16s
[INFO]: TRAIN epoch: 66 loss: 122.4596, time: 3.18s
[INFO]: TRAIN epoch: 66 loss: 61.1255, time: 3.37s
[INFO]: TRAIN epoch: 66 loss: 108.5581, time: 3.16s
[INFO]: TRAIN epoch: 66 loss: 101.4448, time: 3.16s
[INFO]: TRAIN epoch: 66 loss: 120.4966, time: 3.14s
[INFO]: VALIDATION epoch: 66 loss: 211.5377
[INFO]: VALIDATION epoch: 66 loss: 169.8533
[INFO]: VALIDATION epoch: 66 loss: 160.5268
[INFO]: VALIDATION epoch: 66 loss: 188.6062
[INFO]: VALIDATION epoch: 66 loss: 239.6495
[INFO]: TRAIN epoch: 67 loss: 89.8867, time: 2.94s
[INFO]: TRAIN epoch: 67 loss: 108.0739, time: 3.04s
[INFO]: TRAIN epoch: 67 loss: 59.4118, time: 3.25s
[INFO]: TRAIN epoch: 67 loss: 94.1384, time: 3.10s
[INFO]: TRAIN epoch: 67 loss: 132.8197, time: 3.12s
[INFO]: TRAIN epoch: 67 loss: 93.1560, time: 3.11s
[INFO]: TRAIN epoch: 67 loss: 66.8139, time: 3.12s
[INFO]: TRAIN epoch: 67 loss: 71.2569, time: 3.27s
[INFO]: TRAIN epoch: 67 loss: 122.6084, time: 3.13s
[INFO]: TRAIN epoch: 67 loss: 89.6548, time: 3.18s
[INFO]: TRAIN epoch: 67 loss: 63.6892, time: 3.15s
[INFO]: TRAIN epoch: 67 loss: 97.0585, time: 3.29s
[INFO]: TRAIN epoch: 67 loss: 77.8486, time: 3.14s
[INFO]: TRAIN epoch: 67 loss: 104.5920, time: 3.15s
[INFO]: TRAIN epoch: 67 loss: 98.5970, time: 3.16s
[INFO]: TRAIN epoch: 67 loss: 125.1084, time: 3.14s
[INFO]: TRAIN epoch: 67 loss: 142.0376, time: 3.33s
[INFO]: TRAIN epoch: 67 loss: 73.5738, time: 3.13s
[INFO]: TRAIN epoch: 67 loss: 118.6149, time: 3.17s
[INFO]: TRAIN epoch: 67 loss: 107.1991, time: 3.16s
[INFO]: TRAIN epoch: 67 loss: 53.7099, time: 3.20s
[INFO]: TRAIN epoch: 67 loss: 117.4742, time: 3.32s
[INFO]: TRAIN epoch: 67 loss: 145.2735, time: 3.17s
[INFO]: TRAIN epoch: 67 loss: 94.8258, time: 3.16s
[INFO]: TRAIN epoch: 67 loss: 98.8971, time: 3.17s
[INFO]: TRAIN epoch: 67 loss: 97.2077, time: 3.24s
[INFO]: TRAIN epoch: 67 loss: 181.0065, time: 3.42s
[INFO]: TRAIN epoch: 67 loss: 64.3992, time: 3.17s
[INFO]: TRAIN epoch: 67 loss: 64.0894, time: 3.20s
[INFO]: TRAIN epoch: 67 loss: 76.8108, time: 3.16s
[INFO]: TRAIN epoch: 67 loss: 117.2293, time: 3.14s
[INFO]: TRAIN epoch: 67 loss: 103.6243, time: 3.31s
[INFO]: TRAIN epoch: 67 loss: 109.8790, time: 3.16s
[INFO]: TRAIN epoch: 67 loss: 93.4691, time: 3.18s
[INFO]: TRAIN epoch: 67 loss: 110.5446, time: 3.18s
[INFO]: VALIDATION epoch: 67 loss: 215.3353
[INFO]: VALIDATION epoch: 67 loss: 160.0128
[INFO]: VALIDATION epoch: 67 loss: 163.0603
[INFO]: VALIDATION epoch: 67 loss: 187.8399
[INFO]: VALIDATION epoch: 67 loss: 244.6271
[INFO]: TRAIN epoch: 68 loss: 163.2796, time: 2.97s
[INFO]: TRAIN epoch: 68 loss: 105.2475, time: 3.10s
[INFO]: TRAIN epoch: 68 loss: 62.8639, time: 3.22s
[INFO]: TRAIN epoch: 68 loss: 62.2414, time: 3.12s
[INFO]: TRAIN epoch: 68 loss: 86.4173, time: 3.14s
[INFO]: TRAIN epoch: 68 loss: 132.6868, time: 3.16s
[INFO]: TRAIN epoch: 68 loss: 98.7064, time: 3.15s
[INFO]: TRAIN epoch: 68 loss: 104.5955, time: 3.34s
[INFO]: TRAIN epoch: 68 loss: 115.8558, time: 3.16s
[INFO]: TRAIN epoch: 68 loss: 68.2967, time: 3.18s
[INFO]: TRAIN epoch: 68 loss: 107.9912, time: 3.21s
[INFO]: TRAIN epoch: 68 loss: 100.5167, time: 3.36s
[INFO]: TRAIN epoch: 68 loss: 112.1266, time: 3.13s
[INFO]: TRAIN epoch: 68 loss: 59.2498, time: 3.17s
[INFO]: TRAIN epoch: 68 loss: 113.1272, time: 3.14s
[INFO]: TRAIN epoch: 68 loss: 104.2989, time: 3.18s
[INFO]: TRAIN epoch: 68 loss: 93.5810, time: 3.32s
[INFO]: TRAIN epoch: 68 loss: 94.2830, time: 3.16s
[INFO]: TRAIN epoch: 68 loss: 95.6715, time: 3.15s
[INFO]: TRAIN epoch: 68 loss: 98.6522, time: 3.15s
[INFO]: TRAIN epoch: 68 loss: 112.9100, time: 3.17s
[INFO]: TRAIN epoch: 68 loss: 64.1599, time: 3.32s
[INFO]: TRAIN epoch: 68 loss: 122.5436, time: 3.14s
[INFO]: TRAIN epoch: 68 loss: 114.8859, time: 3.18s
[INFO]: TRAIN epoch: 68 loss: 65.0407, time: 3.15s
[INFO]: TRAIN epoch: 68 loss: 77.5759, time: 3.13s
[INFO]: TRAIN epoch: 68 loss: 145.8099, time: 3.31s
[INFO]: TRAIN epoch: 68 loss: 113.9058, time: 3.14s
[INFO]: TRAIN epoch: 68 loss: 110.9709, time: 3.14s
[INFO]: TRAIN epoch: 68 loss: 79.3066, time: 3.15s
[INFO]: TRAIN epoch: 68 loss: 106.5424, time: 3.16s
[INFO]: TRAIN epoch: 68 loss: 106.3801, time: 3.31s
[INFO]: TRAIN epoch: 68 loss: 64.5401, time: 3.18s
[INFO]: TRAIN epoch: 68 loss: 103.9377, time: 3.14s
[INFO]: TRAIN epoch: 68 loss: 93.4966, time: 3.17s
[INFO]: VALIDATION epoch: 68 loss: 218.1991
[INFO]: VALIDATION epoch: 68 loss: 157.9911
[INFO]: VALIDATION epoch: 68 loss: 157.8451
[INFO]: VALIDATION epoch: 68 loss: 190.6619
[INFO]: VALIDATION epoch: 68 loss: 229.9845
[INFO]: TRAIN epoch: 69 loss: 96.4906, time: 2.96s
[INFO]: TRAIN epoch: 69 loss: 114.7904, time: 3.04s
[INFO]: TRAIN epoch: 69 loss: 93.0276, time: 3.23s
[INFO]: TRAIN epoch: 69 loss: 95.2907, time: 3.10s
[INFO]: TRAIN epoch: 69 loss: 98.2425, time: 3.13s
[INFO]: TRAIN epoch: 69 loss: 60.9958, time: 3.13s
[INFO]: TRAIN epoch: 69 loss: 104.3986, time: 3.20s
[INFO]: TRAIN epoch: 69 loss: 101.2056, time: 3.34s
[INFO]: TRAIN epoch: 69 loss: 69.8621, time: 3.12s
[INFO]: TRAIN epoch: 69 loss: 118.7188, time: 3.14s
[INFO]: TRAIN epoch: 69 loss: 179.6191, time: 3.15s
[INFO]: TRAIN epoch: 69 loss: 74.7952, time: 3.29s
[INFO]: TRAIN epoch: 69 loss: 87.5467, time: 3.15s
[INFO]: TRAIN epoch: 69 loss: 94.1292, time: 3.14s
[INFO]: TRAIN epoch: 69 loss: 129.9087, time: 3.13s
[INFO]: TRAIN epoch: 69 loss: 141.5572, time: 3.16s
[INFO]: TRAIN epoch: 69 loss: 113.7043, time: 3.31s
[INFO]: TRAIN epoch: 69 loss: 80.4173, time: 3.12s
[INFO]: TRAIN epoch: 69 loss: 128.9276, time: 3.12s
[INFO]: TRAIN epoch: 69 loss: 63.4906, time: 3.14s
[INFO]: TRAIN epoch: 69 loss: 78.0166, time: 3.12s
[INFO]: TRAIN epoch: 69 loss: 105.1615, time: 3.31s
[INFO]: TRAIN epoch: 69 loss: 103.1068, time: 3.20s
[INFO]: TRAIN epoch: 69 loss: 121.2502, time: 3.14s
[INFO]: TRAIN epoch: 69 loss: 58.9612, time: 3.16s
[INFO]: TRAIN epoch: 69 loss: 72.4867, time: 3.15s
[INFO]: TRAIN epoch: 69 loss: 65.7983, time: 3.32s
[INFO]: TRAIN epoch: 69 loss: 117.4097, time: 3.13s
[INFO]: TRAIN epoch: 69 loss: 99.3109, time: 3.13s
[INFO]: TRAIN epoch: 69 loss: 112.9278, time: 3.16s
[INFO]: TRAIN epoch: 69 loss: 126.8140, time: 3.13s
[INFO]: TRAIN epoch: 69 loss: 101.9620, time: 3.32s
[INFO]: TRAIN epoch: 69 loss: 89.7992, time: 3.16s
[INFO]: TRAIN epoch: 69 loss: 133.3680, time: 3.15s
[INFO]: TRAIN epoch: 69 loss: 62.0538, time: 3.14s
[INFO]: VALIDATION epoch: 69 loss: 206.5757
[INFO]: VALIDATION epoch: 69 loss: 154.4485
[INFO]: VALIDATION epoch: 69 loss: 163.2877
[INFO]: VALIDATION epoch: 69 loss: 182.2008
[INFO]: VALIDATION epoch: 69 loss: 242.0956
[INFO]: TRAIN epoch: 70 loss: 97.0738, time: 2.95s
[INFO]: TRAIN epoch: 70 loss: 70.2109, time: 3.04s
[INFO]: TRAIN epoch: 70 loss: 134.0518, time: 3.21s
[INFO]: TRAIN epoch: 70 loss: 63.5025, time: 3.10s
[INFO]: TRAIN epoch: 70 loss: 62.0070, time: 3.11s
[INFO]: TRAIN epoch: 70 loss: 106.3180, time: 3.14s
[INFO]: TRAIN epoch: 70 loss: 120.7360, time: 3.13s
[INFO]: TRAIN epoch: 70 loss: 103.4450, time: 3.31s
[INFO]: TRAIN epoch: 70 loss: 96.9476, time: 3.15s
[INFO]: TRAIN epoch: 70 loss: 136.7333, time: 3.15s
[INFO]: TRAIN epoch: 70 loss: 94.4566, time: 3.15s
[INFO]: TRAIN epoch: 70 loss: 88.0516, time: 3.29s
[INFO]: TRAIN epoch: 70 loss: 117.4962, time: 3.12s
[INFO]: TRAIN epoch: 70 loss: 114.7007, time: 3.16s
[INFO]: TRAIN epoch: 70 loss: 124.2275, time: 3.14s
[INFO]: TRAIN epoch: 70 loss: 82.9175, time: 3.16s
[INFO]: TRAIN epoch: 70 loss: 88.8183, time: 3.32s
[INFO]: TRAIN epoch: 70 loss: 75.4686, time: 3.17s
[INFO]: TRAIN epoch: 70 loss: 100.7613, time: 3.15s
[INFO]: TRAIN epoch: 70 loss: 57.9001, time: 3.14s
[INFO]: TRAIN epoch: 70 loss: 190.0598, time: 3.14s
[INFO]: TRAIN epoch: 70 loss: 65.5753, time: 3.30s
[INFO]: TRAIN epoch: 70 loss: 96.2763, time: 3.15s
[INFO]: TRAIN epoch: 70 loss: 109.7813, time: 3.15s
[INFO]: TRAIN epoch: 70 loss: 60.5531, time: 3.23s
[INFO]: TRAIN epoch: 70 loss: 113.6673, time: 3.19s
[INFO]: TRAIN epoch: 70 loss: 113.2864, time: 3.30s
[INFO]: TRAIN epoch: 70 loss: 94.9391, time: 3.19s
[INFO]: TRAIN epoch: 70 loss: 102.1134, time: 3.16s
[INFO]: TRAIN epoch: 70 loss: 61.1441, time: 3.16s
[INFO]: TRAIN epoch: 70 loss: 107.8220, time: 3.19s
[INFO]: TRAIN epoch: 70 loss: 122.8382, time: 3.35s
[INFO]: TRAIN epoch: 70 loss: 70.6555, time: 3.14s
[INFO]: TRAIN epoch: 70 loss: 89.3766, time: 3.16s
[INFO]: TRAIN epoch: 70 loss: 64.0179, time: 3.19s
[INFO]: VALIDATION epoch: 70 loss: 218.0718
[INFO]: VALIDATION epoch: 70 loss: 165.3928
[INFO]: VALIDATION epoch: 70 loss: 177.6898
[INFO]: VALIDATION epoch: 70 loss: 185.3125
[INFO]: VALIDATION epoch: 70 loss: 236.1897
[INFO]: TRAIN epoch: 71 loss: 68.8955, time: 2.93s
[INFO]: TRAIN epoch: 71 loss: 112.8622, time: 3.03s
[INFO]: TRAIN epoch: 71 loss: 60.1980, time: 3.21s
[INFO]: TRAIN epoch: 71 loss: 102.8008, time: 3.12s
[INFO]: TRAIN epoch: 71 loss: 121.4163, time: 3.11s
[INFO]: TRAIN epoch: 71 loss: 88.7130, time: 3.11s
[INFO]: TRAIN epoch: 71 loss: 88.6895, time: 3.13s
[INFO]: TRAIN epoch: 71 loss: 179.1510, time: 3.29s
[INFO]: TRAIN epoch: 71 loss: 126.9404, time: 3.12s
[INFO]: TRAIN epoch: 71 loss: 98.8076, time: 3.14s
[INFO]: TRAIN epoch: 71 loss: 108.9084, time: 3.15s
[INFO]: TRAIN epoch: 71 loss: 80.0072, time: 3.28s
[INFO]: TRAIN epoch: 71 loss: 102.5566, time: 3.15s
[INFO]: TRAIN epoch: 71 loss: 61.9236, time: 3.14s
[INFO]: TRAIN epoch: 71 loss: 101.2156, time: 3.15s
[INFO]: TRAIN epoch: 71 loss: 59.9260, time: 3.13s
[INFO]: TRAIN epoch: 71 loss: 80.0908, time: 3.31s
[INFO]: TRAIN epoch: 71 loss: 60.0596, time: 3.16s
[INFO]: TRAIN epoch: 71 loss: 131.8660, time: 3.16s
[INFO]: TRAIN epoch: 71 loss: 62.1311, time: 3.15s
[INFO]: TRAIN epoch: 71 loss: 111.4544, time: 3.14s
[INFO]: TRAIN epoch: 71 loss: 105.2078, time: 3.38s
[INFO]: TRAIN epoch: 71 loss: 135.5679, time: 3.24s
[INFO]: TRAIN epoch: 71 loss: 53.1454, time: 3.17s
[INFO]: TRAIN epoch: 71 loss: 130.8358, time: 3.14s
[INFO]: TRAIN epoch: 71 loss: 72.2751, time: 3.13s
[INFO]: TRAIN epoch: 71 loss: 106.6890, time: 3.31s
[INFO]: TRAIN epoch: 71 loss: 93.2576, time: 3.15s
[INFO]: TRAIN epoch: 71 loss: 75.1860, time: 3.16s
[INFO]: TRAIN epoch: 71 loss: 91.6700, time: 3.15s
[INFO]: TRAIN epoch: 71 loss: 111.4348, time: 3.17s
[INFO]: TRAIN epoch: 71 loss: 151.8556, time: 3.31s
[INFO]: TRAIN epoch: 71 loss: 90.3585, time: 3.12s
[INFO]: TRAIN epoch: 71 loss: 92.6190, time: 3.13s
[INFO]: TRAIN epoch: 71 loss: 78.6636, time: 3.13s
[INFO]: VALIDATION epoch: 71 loss: 215.5686
[INFO]: VALIDATION epoch: 71 loss: 159.8173
[INFO]: VALIDATION epoch: 71 loss: 173.0040
[INFO]: VALIDATION epoch: 71 loss: 184.5578
[INFO]: VALIDATION epoch: 71 loss: 245.9189
[INFO]: TRAIN epoch: 72 loss: 87.4151, time: 2.96s
[INFO]: TRAIN epoch: 72 loss: 95.2364, time: 3.05s
[INFO]: TRAIN epoch: 72 loss: 96.1666, time: 3.22s
[INFO]: TRAIN epoch: 72 loss: 61.9374, time: 3.09s
[INFO]: TRAIN epoch: 72 loss: 91.4233, time: 3.11s
[INFO]: TRAIN epoch: 72 loss: 128.7954, time: 3.14s
[INFO]: TRAIN epoch: 72 loss: 89.9803, time: 3.17s
[INFO]: TRAIN epoch: 72 loss: 47.3932, time: 3.28s
[INFO]: TRAIN epoch: 72 loss: 102.0390, time: 3.12s
[INFO]: TRAIN epoch: 72 loss: 59.8786, time: 3.18s
[INFO]: TRAIN epoch: 72 loss: 110.5903, time: 3.09s
[INFO]: TRAIN epoch: 72 loss: 68.7907, time: 3.28s
[INFO]: TRAIN epoch: 72 loss: 107.3087, time: 3.17s
[INFO]: TRAIN epoch: 72 loss: 99.8321, time: 3.16s
[INFO]: TRAIN epoch: 72 loss: 106.7989, time: 3.15s
[INFO]: TRAIN epoch: 72 loss: 57.5262, time: 3.13s
[INFO]: TRAIN epoch: 72 loss: 107.2242, time: 3.29s
[INFO]: TRAIN epoch: 72 loss: 143.7231, time: 3.16s
[INFO]: TRAIN epoch: 72 loss: 105.6311, time: 3.16s
[INFO]: TRAIN epoch: 72 loss: 99.6134, time: 3.14s
[INFO]: TRAIN epoch: 72 loss: 88.6669, time: 3.15s
[INFO]: TRAIN epoch: 72 loss: 61.2105, time: 3.32s
[INFO]: TRAIN epoch: 72 loss: 124.9880, time: 3.13s
[INFO]: TRAIN epoch: 72 loss: 108.2477, time: 3.15s
[INFO]: TRAIN epoch: 72 loss: 116.0129, time: 3.14s
[INFO]: TRAIN epoch: 72 loss: 144.9096, time: 3.13s
[INFO]: TRAIN epoch: 72 loss: 53.2637, time: 3.32s
[INFO]: TRAIN epoch: 72 loss: 88.1622, time: 3.16s
[INFO]: TRAIN epoch: 72 loss: 180.7383, time: 3.15s
[INFO]: TRAIN epoch: 72 loss: 104.8017, time: 3.14s
[INFO]: TRAIN epoch: 72 loss: 65.6367, time: 3.13s
[INFO]: TRAIN epoch: 72 loss: 77.8530, time: 3.28s
[INFO]: TRAIN epoch: 72 loss: 94.5427, time: 3.16s
[INFO]: TRAIN epoch: 72 loss: 64.1277, time: 3.14s
[INFO]: TRAIN epoch: 72 loss: 133.7861, time: 3.13s
[INFO]: VALIDATION epoch: 72 loss: 210.0269
[INFO]: VALIDATION epoch: 72 loss: 154.1724
[INFO]: VALIDATION epoch: 72 loss: 175.8615
[INFO]: VALIDATION epoch: 72 loss: 191.2105
[INFO]: VALIDATION epoch: 72 loss: 242.0532
[INFO]: TRAIN epoch: 73 loss: 102.4667, time: 2.95s
[INFO]: TRAIN epoch: 73 loss: 130.5939, time: 3.04s
[INFO]: TRAIN epoch: 73 loss: 118.0884, time: 3.23s
[INFO]: TRAIN epoch: 73 loss: 98.8302, time: 3.12s
[INFO]: TRAIN epoch: 73 loss: 67.8690, time: 3.10s
[INFO]: TRAIN epoch: 73 loss: 63.3335, time: 3.15s
[INFO]: TRAIN epoch: 73 loss: 117.4261, time: 3.09s
[INFO]: TRAIN epoch: 73 loss: 106.4072, time: 3.33s
[INFO]: TRAIN epoch: 73 loss: 99.5988, time: 3.17s
[INFO]: TRAIN epoch: 73 loss: 68.0711, time: 3.16s
[INFO]: TRAIN epoch: 73 loss: 145.6168, time: 3.14s
[INFO]: TRAIN epoch: 73 loss: 96.5835, time: 3.30s
[INFO]: TRAIN epoch: 73 loss: 98.3876, time: 3.14s
[INFO]: TRAIN epoch: 73 loss: 110.5242, time: 3.12s
[INFO]: TRAIN epoch: 73 loss: 101.6440, time: 3.15s
[INFO]: TRAIN epoch: 73 loss: 52.9813, time: 3.18s
[INFO]: TRAIN epoch: 73 loss: 65.6198, time: 3.35s
[INFO]: TRAIN epoch: 73 loss: 58.5083, time: 3.15s
[INFO]: TRAIN epoch: 73 loss: 85.2595, time: 3.14s
[INFO]: TRAIN epoch: 73 loss: 79.1953, time: 3.13s
[INFO]: TRAIN epoch: 73 loss: 172.3763, time: 3.17s
[INFO]: TRAIN epoch: 73 loss: 56.4219, time: 3.30s
[INFO]: TRAIN epoch: 73 loss: 95.9210, time: 3.16s
[INFO]: TRAIN epoch: 73 loss: 88.2632, time: 3.14s
[INFO]: TRAIN epoch: 73 loss: 59.9925, time: 3.15s
[INFO]: TRAIN epoch: 73 loss: 111.1955, time: 3.13s
[INFO]: TRAIN epoch: 73 loss: 113.2710, time: 3.33s
[INFO]: TRAIN epoch: 73 loss: 90.9077, time: 3.14s
[INFO]: TRAIN epoch: 73 loss: 93.4487, time: 3.17s
[INFO]: TRAIN epoch: 73 loss: 131.8206, time: 3.19s
[INFO]: TRAIN epoch: 73 loss: 119.8870, time: 3.14s
[INFO]: TRAIN epoch: 73 loss: 66.6724, time: 3.28s
[INFO]: TRAIN epoch: 73 loss: 138.1777, time: 3.14s
[INFO]: TRAIN epoch: 73 loss: 93.2877, time: 3.17s
[INFO]: TRAIN epoch: 73 loss: 73.6171, time: 3.16s
[INFO]: VALIDATION epoch: 73 loss: 227.3776
[INFO]: VALIDATION epoch: 73 loss: 159.3949
[INFO]: VALIDATION epoch: 73 loss: 163.9067
[INFO]: VALIDATION epoch: 73 loss: 197.1725
[INFO]: VALIDATION epoch: 73 loss: 246.7484
[INFO]: TRAIN epoch: 74 loss: 103.8957, time: 2.95s
[INFO]: TRAIN epoch: 74 loss: 105.3386, time: 3.10s
[INFO]: TRAIN epoch: 74 loss: 82.9779, time: 3.20s
[INFO]: TRAIN epoch: 74 loss: 114.6310, time: 3.08s
[INFO]: TRAIN epoch: 74 loss: 92.7982, time: 3.11s
[INFO]: TRAIN epoch: 74 loss: 58.3541, time: 3.11s
[INFO]: TRAIN epoch: 74 loss: 97.0227, time: 3.12s
[INFO]: TRAIN epoch: 74 loss: 117.2856, time: 3.33s
[INFO]: TRAIN epoch: 74 loss: 104.8225, time: 3.15s
[INFO]: TRAIN epoch: 74 loss: 75.8609, time: 3.14s
[INFO]: TRAIN epoch: 74 loss: 74.1412, time: 3.17s
[INFO]: TRAIN epoch: 74 loss: 55.4638, time: 3.32s
[INFO]: TRAIN epoch: 74 loss: 57.6951, time: 3.13s
[INFO]: TRAIN epoch: 74 loss: 78.4679, time: 3.11s
[INFO]: TRAIN epoch: 74 loss: 93.2577, time: 3.12s
[INFO]: TRAIN epoch: 74 loss: 96.9716, time: 3.13s
[INFO]: TRAIN epoch: 74 loss: 173.6053, time: 3.31s
[INFO]: TRAIN epoch: 74 loss: 100.4250, time: 3.16s
[INFO]: TRAIN epoch: 74 loss: 103.3864, time: 3.21s
[INFO]: TRAIN epoch: 74 loss: 61.0740, time: 3.11s
[INFO]: TRAIN epoch: 74 loss: 113.8839, time: 3.11s
[INFO]: TRAIN epoch: 74 loss: 97.7423, time: 3.32s
[INFO]: TRAIN epoch: 74 loss: 114.1341, time: 3.15s
[INFO]: TRAIN epoch: 74 loss: 110.2976, time: 3.14s
[INFO]: TRAIN epoch: 74 loss: 98.1716, time: 3.17s
[INFO]: TRAIN epoch: 74 loss: 115.3714, time: 3.18s
[INFO]: TRAIN epoch: 74 loss: 132.3674, time: 3.32s
[INFO]: TRAIN epoch: 74 loss: 56.4641, time: 3.19s
[INFO]: TRAIN epoch: 74 loss: 92.7338, time: 3.15s
[INFO]: TRAIN epoch: 74 loss: 49.4540, time: 3.14s
[INFO]: TRAIN epoch: 74 loss: 107.7940, time: 3.15s
[INFO]: TRAIN epoch: 74 loss: 145.6585, time: 3.31s
[INFO]: TRAIN epoch: 74 loss: 65.8769, time: 3.17s
[INFO]: TRAIN epoch: 74 loss: 91.1056, time: 3.15s
[INFO]: TRAIN epoch: 74 loss: 51.7064, time: 3.13s
[INFO]: VALIDATION epoch: 74 loss: 206.5099
[INFO]: VALIDATION epoch: 74 loss: 156.2389
[INFO]: VALIDATION epoch: 74 loss: 179.3292
[INFO]: VALIDATION epoch: 74 loss: 191.4169
[INFO]: VALIDATION epoch: 74 loss: 247.9408
[INFO]: TRAIN epoch: 75 loss: 94.3191, time: 2.99s
[INFO]: TRAIN epoch: 75 loss: 61.9122, time: 3.05s
[INFO]: TRAIN epoch: 75 loss: 60.3148, time: 3.21s
[INFO]: TRAIN epoch: 75 loss: 94.8965, time: 3.10s
[INFO]: TRAIN epoch: 75 loss: 94.0231, time: 3.13s
[INFO]: TRAIN epoch: 75 loss: 49.9025, time: 3.13s
[INFO]: TRAIN epoch: 75 loss: 114.2650, time: 3.13s
[INFO]: TRAIN epoch: 75 loss: 51.1469, time: 3.29s
[INFO]: TRAIN epoch: 75 loss: 88.2043, time: 3.19s
[INFO]: TRAIN epoch: 75 loss: 95.7954, time: 3.14s
[INFO]: TRAIN epoch: 75 loss: 162.2888, time: 3.15s
[INFO]: TRAIN epoch: 75 loss: 114.4430, time: 3.30s
[INFO]: TRAIN epoch: 75 loss: 59.4931, time: 3.13s
[INFO]: TRAIN epoch: 75 loss: 51.7113, time: 3.17s
[INFO]: TRAIN epoch: 75 loss: 91.3255, time: 3.14s
[INFO]: TRAIN epoch: 75 loss: 114.1742, time: 3.11s
[INFO]: TRAIN epoch: 75 loss: 122.9635, time: 3.31s
[INFO]: TRAIN epoch: 75 loss: 113.7672, time: 3.16s
[INFO]: TRAIN epoch: 75 loss: 75.9009, time: 3.13s
[INFO]: TRAIN epoch: 75 loss: 94.8425, time: 3.16s
[INFO]: TRAIN epoch: 75 loss: 96.5076, time: 3.15s
[INFO]: TRAIN epoch: 75 loss: 66.0010, time: 3.27s
[INFO]: TRAIN epoch: 75 loss: 89.3772, time: 3.18s
[INFO]: TRAIN epoch: 75 loss: 125.4140, time: 3.17s
[INFO]: TRAIN epoch: 75 loss: 87.7089, time: 3.16s
[INFO]: TRAIN epoch: 75 loss: 140.1472, time: 3.19s
[INFO]: TRAIN epoch: 75 loss: 67.3295, time: 3.28s
[INFO]: TRAIN epoch: 75 loss: 137.4686, time: 3.13s
[INFO]: TRAIN epoch: 75 loss: 102.3077, time: 3.15s
[INFO]: TRAIN epoch: 75 loss: 95.0287, time: 3.14s
[INFO]: TRAIN epoch: 75 loss: 98.3211, time: 3.20s
[INFO]: TRAIN epoch: 75 loss: 52.6253, time: 3.29s
[INFO]: TRAIN epoch: 75 loss: 68.8487, time: 3.17s
[INFO]: TRAIN epoch: 75 loss: 113.6635, time: 3.19s
[INFO]: TRAIN epoch: 75 loss: 110.4497, time: 3.12s
[INFO]: VALIDATION epoch: 75 loss: 207.4368
[INFO]: VALIDATION epoch: 75 loss: 163.7685
[INFO]: VALIDATION epoch: 75 loss: 167.7384
[INFO]: VALIDATION epoch: 75 loss: 196.3922
[INFO]: VALIDATION epoch: 75 loss: 262.1839
[INFO]: TRAIN epoch: 76 loss: 112.1310, time: 2.95s
[INFO]: TRAIN epoch: 76 loss: 102.1899, time: 3.06s
[INFO]: TRAIN epoch: 76 loss: 136.1789, time: 3.22s
[INFO]: TRAIN epoch: 76 loss: 47.9837, time: 3.12s
[INFO]: TRAIN epoch: 76 loss: 81.5247, time: 3.10s
[INFO]: TRAIN epoch: 76 loss: 96.2645, time: 3.13s
[INFO]: TRAIN epoch: 76 loss: 50.3088, time: 3.14s
[INFO]: TRAIN epoch: 76 loss: 87.3434, time: 3.28s
[INFO]: TRAIN epoch: 76 loss: 125.4303, time: 3.22s
[INFO]: TRAIN epoch: 76 loss: 180.1733, time: 3.15s
[INFO]: TRAIN epoch: 76 loss: 74.4561, time: 3.10s
[INFO]: TRAIN epoch: 76 loss: 60.7180, time: 3.34s
[INFO]: TRAIN epoch: 76 loss: 90.9368, time: 3.14s
[INFO]: TRAIN epoch: 76 loss: 47.3808, time: 3.16s
[INFO]: TRAIN epoch: 76 loss: 58.7569, time: 3.14s
[INFO]: TRAIN epoch: 76 loss: 95.8454, time: 3.13s
[INFO]: TRAIN epoch: 76 loss: 106.8891, time: 3.29s
[INFO]: TRAIN epoch: 76 loss: 82.6375, time: 3.15s
[INFO]: TRAIN epoch: 76 loss: 118.4937, time: 3.16s
[INFO]: TRAIN epoch: 76 loss: 110.7060, time: 3.16s
[INFO]: TRAIN epoch: 76 loss: 118.6119, time: 3.16s
[INFO]: TRAIN epoch: 76 loss: 109.2204, time: 3.34s
[INFO]: TRAIN epoch: 76 loss: 58.3744, time: 3.15s
[INFO]: TRAIN epoch: 76 loss: 97.7013, time: 3.16s
[INFO]: TRAIN epoch: 76 loss: 70.4871, time: 3.15s
[INFO]: TRAIN epoch: 76 loss: 54.8508, time: 3.15s
[INFO]: TRAIN epoch: 76 loss: 115.9458, time: 3.28s
[INFO]: TRAIN epoch: 76 loss: 58.8449, time: 3.15s
[INFO]: TRAIN epoch: 76 loss: 119.1007, time: 3.16s
[INFO]: TRAIN epoch: 76 loss: 95.0891, time: 3.14s
[INFO]: TRAIN epoch: 76 loss: 80.8176, time: 3.16s
[INFO]: TRAIN epoch: 76 loss: 89.7424, time: 3.32s
[INFO]: TRAIN epoch: 76 loss: 103.5879, time: 3.14s
[INFO]: TRAIN epoch: 76 loss: 122.1718, time: 3.14s
[INFO]: TRAIN epoch: 76 loss: 110.2311, time: 3.16s
[INFO]: VALIDATION epoch: 76 loss: 221.2453
[INFO]: VALIDATION epoch: 76 loss: 163.6766
[INFO]: VALIDATION epoch: 76 loss: 176.2741
[INFO]: VALIDATION epoch: 76 loss: 205.2290
[INFO]: VALIDATION epoch: 76 loss: 247.6548
[INFO]: TRAIN epoch: 77 loss: 137.2970, time: 2.96s
[INFO]: TRAIN epoch: 77 loss: 93.6699, time: 3.05s
[INFO]: TRAIN epoch: 77 loss: 65.5782, time: 3.22s
[INFO]: TRAIN epoch: 77 loss: 100.9336, time: 3.10s
[INFO]: TRAIN epoch: 77 loss: 112.2534, time: 3.11s
[INFO]: TRAIN epoch: 77 loss: 47.8218, time: 3.11s
[INFO]: TRAIN epoch: 77 loss: 101.6418, time: 3.12s
[INFO]: TRAIN epoch: 77 loss: 175.5843, time: 3.29s
[INFO]: TRAIN epoch: 77 loss: 55.1863, time: 3.15s
[INFO]: TRAIN epoch: 77 loss: 56.9793, time: 3.17s
[INFO]: TRAIN epoch: 77 loss: 51.5308, time: 3.15s
[INFO]: TRAIN epoch: 77 loss: 52.6946, time: 3.34s
[INFO]: TRAIN epoch: 77 loss: 92.7038, time: 3.13s
[INFO]: TRAIN epoch: 77 loss: 98.2301, time: 3.18s
[INFO]: TRAIN epoch: 77 loss: 69.6679, time: 3.16s
[INFO]: TRAIN epoch: 77 loss: 117.5758, time: 3.17s
[INFO]: TRAIN epoch: 77 loss: 96.3896, time: 3.33s
[INFO]: TRAIN epoch: 77 loss: 105.8629, time: 3.18s
[INFO]: TRAIN epoch: 77 loss: 100.7069, time: 3.17s
[INFO]: TRAIN epoch: 77 loss: 63.2240, time: 3.23s
[INFO]: TRAIN epoch: 77 loss: 105.6933, time: 3.18s
[INFO]: TRAIN epoch: 77 loss: 94.8151, time: 3.34s
[INFO]: TRAIN epoch: 77 loss: 113.5226, time: 3.15s
[INFO]: TRAIN epoch: 77 loss: 63.6077, time: 3.14s
[INFO]: TRAIN epoch: 77 loss: 110.7720, time: 3.15s
[INFO]: TRAIN epoch: 77 loss: 121.4141, time: 3.31s
[INFO]: TRAIN epoch: 77 loss: 84.0151, time: 3.31s
[INFO]: TRAIN epoch: 77 loss: 68.2578, time: 3.14s
[INFO]: TRAIN epoch: 77 loss: 87.1698, time: 3.18s
[INFO]: TRAIN epoch: 77 loss: 106.7705, time: 3.15s
[INFO]: TRAIN epoch: 77 loss: 117.9869, time: 3.12s
[INFO]: TRAIN epoch: 77 loss: 62.3481, time: 3.28s
[INFO]: TRAIN epoch: 77 loss: 100.9209, time: 3.15s
[INFO]: TRAIN epoch: 77 loss: 141.9236, time: 3.18s
[INFO]: TRAIN epoch: 77 loss: 95.6166, time: 3.13s
[INFO]: VALIDATION epoch: 77 loss: 217.8223
[INFO]: VALIDATION epoch: 77 loss: 164.2788
[INFO]: VALIDATION epoch: 77 loss: 155.8465
[INFO]: VALIDATION epoch: 77 loss: 206.0910
[INFO]: VALIDATION epoch: 77 loss: 263.3087
[INFO]: TRAIN epoch: 78 loss: 64.7152, time: 2.92s
[INFO]: TRAIN epoch: 78 loss: 92.9015, time: 3.04s
[INFO]: TRAIN epoch: 78 loss: 99.3034, time: 3.22s
[INFO]: TRAIN epoch: 78 loss: 96.2970, time: 3.07s
[INFO]: TRAIN epoch: 78 loss: 108.7258, time: 3.06s
[INFO]: TRAIN epoch: 78 loss: 44.2123, time: 3.11s
[INFO]: TRAIN epoch: 78 loss: 83.2083, time: 3.11s
[INFO]: TRAIN epoch: 78 loss: 62.1272, time: 3.28s
[INFO]: TRAIN epoch: 78 loss: 110.6583, time: 3.11s
[INFO]: TRAIN epoch: 78 loss: 59.3339, time: 3.10s
[INFO]: TRAIN epoch: 78 loss: 108.6367, time: 3.11s
[INFO]: TRAIN epoch: 78 loss: 77.1426, time: 3.32s
[INFO]: TRAIN epoch: 78 loss: 81.7271, time: 3.15s
[INFO]: TRAIN epoch: 78 loss: 117.5348, time: 3.17s
[INFO]: TRAIN epoch: 78 loss: 58.6228, time: 3.17s
[INFO]: TRAIN epoch: 78 loss: 100.8503, time: 3.19s
[INFO]: TRAIN epoch: 78 loss: 101.9233, time: 3.31s
[INFO]: TRAIN epoch: 78 loss: 77.9868, time: 3.32s
[INFO]: TRAIN epoch: 78 loss: 63.7643, time: 3.25s
[INFO]: TRAIN epoch: 78 loss: 58.2889, time: 3.22s
[INFO]: TRAIN epoch: 78 loss: 93.9190, time: 3.18s
[INFO]: TRAIN epoch: 78 loss: 113.8071, time: 3.34s
[INFO]: TRAIN epoch: 78 loss: 108.2767, time: 3.26s
[INFO]: TRAIN epoch: 78 loss: 138.5749, time: 3.17s
[INFO]: TRAIN epoch: 78 loss: 89.3803, time: 3.26s
[INFO]: TRAIN epoch: 78 loss: 140.4866, time: 3.30s
[INFO]: TRAIN epoch: 78 loss: 97.2720, time: 3.39s
[INFO]: TRAIN epoch: 78 loss: 102.4617, time: 3.15s
[INFO]: TRAIN epoch: 78 loss: 125.7388, time: 3.15s
[INFO]: TRAIN epoch: 78 loss: 103.2191, time: 3.13s
[INFO]: TRAIN epoch: 78 loss: 95.5601, time: 3.12s
[INFO]: TRAIN epoch: 78 loss: 48.3761, time: 3.28s
[INFO]: TRAIN epoch: 78 loss: 45.3417, time: 3.11s
[INFO]: TRAIN epoch: 78 loss: 93.0359, time: 3.12s
[INFO]: TRAIN epoch: 78 loss: 176.4786, time: 3.12s
[INFO]: VALIDATION epoch: 78 loss: 217.0594
[INFO]: VALIDATION epoch: 78 loss: 160.2793
[INFO]: VALIDATION epoch: 78 loss: 169.9265
[INFO]: VALIDATION epoch: 78 loss: 201.7799
[INFO]: VALIDATION epoch: 78 loss: 243.9588
[INFO]: TRAIN epoch: 79 loss: 103.1144, time: 2.91s
[INFO]: TRAIN epoch: 79 loss: 109.3467, time: 3.03s
[INFO]: TRAIN epoch: 79 loss: 50.7068, time: 3.17s
[INFO]: TRAIN epoch: 79 loss: 121.1965, time: 3.06s
[INFO]: TRAIN epoch: 79 loss: 99.4989, time: 3.07s
[INFO]: TRAIN epoch: 79 loss: 56.9822, time: 3.10s
[INFO]: TRAIN epoch: 79 loss: 43.0347, time: 3.12s
[INFO]: TRAIN epoch: 79 loss: 89.3864, time: 3.26s
[INFO]: TRAIN epoch: 79 loss: 164.6587, time: 3.11s
[INFO]: TRAIN epoch: 79 loss: 98.9705, time: 3.13s
[INFO]: TRAIN epoch: 79 loss: 101.2059, time: 3.13s
[INFO]: TRAIN epoch: 79 loss: 88.3498, time: 3.27s
[INFO]: TRAIN epoch: 79 loss: 76.3228, time: 3.10s
[INFO]: TRAIN epoch: 79 loss: 109.3401, time: 3.11s
[INFO]: TRAIN epoch: 79 loss: 106.3320, time: 3.12s
[INFO]: TRAIN epoch: 79 loss: 93.5844, time: 3.13s
[INFO]: TRAIN epoch: 79 loss: 66.7500, time: 3.27s
[INFO]: TRAIN epoch: 79 loss: 87.3498, time: 3.15s
[INFO]: TRAIN epoch: 79 loss: 51.9264, time: 3.16s
[INFO]: TRAIN epoch: 79 loss: 81.6069, time: 3.22s
[INFO]: TRAIN epoch: 79 loss: 92.4569, time: 3.18s
[INFO]: TRAIN epoch: 79 loss: 53.5996, time: 3.45s
[INFO]: TRAIN epoch: 79 loss: 41.9428, time: 3.21s
[INFO]: TRAIN epoch: 79 loss: 110.6406, time: 3.17s
[INFO]: TRAIN epoch: 79 loss: 65.2832, time: 3.19s
[INFO]: TRAIN epoch: 79 loss: 108.6068, time: 3.31s
[INFO]: TRAIN epoch: 79 loss: 100.4080, time: 3.32s
[INFO]: TRAIN epoch: 79 loss: 130.4102, time: 3.25s
[INFO]: TRAIN epoch: 79 loss: 125.6936, time: 3.28s
[INFO]: TRAIN epoch: 79 loss: 83.0742, time: 3.15s
[INFO]: TRAIN epoch: 79 loss: 60.4777, time: 3.12s
[INFO]: TRAIN epoch: 79 loss: 94.7263, time: 3.28s
[INFO]: TRAIN epoch: 79 loss: 140.9385, time: 3.15s
[INFO]: TRAIN epoch: 79 loss: 62.5232, time: 3.14s
[INFO]: TRAIN epoch: 79 loss: 99.4626, time: 3.13s
[INFO]: VALIDATION epoch: 79 loss: 220.2840
[INFO]: VALIDATION epoch: 79 loss: 158.4631
[INFO]: VALIDATION epoch: 79 loss: 174.7568
[INFO]: VALIDATION epoch: 79 loss: 201.0009
[INFO]: VALIDATION epoch: 79 loss: 258.3740
[INFO]: TRAIN epoch: 80 loss: 111.1905, time: 2.93s
[INFO]: TRAIN epoch: 80 loss: 71.1333, time: 3.04s
[INFO]: TRAIN epoch: 80 loss: 72.7826, time: 3.22s
[INFO]: TRAIN epoch: 80 loss: 65.3133, time: 3.13s
[INFO]: TRAIN epoch: 80 loss: 86.8217, time: 3.10s
[INFO]: TRAIN epoch: 80 loss: 48.4729, time: 3.12s
[INFO]: TRAIN epoch: 80 loss: 123.8044, time: 3.10s
[INFO]: TRAIN epoch: 80 loss: 92.0578, time: 3.27s
[INFO]: TRAIN epoch: 80 loss: 176.6627, time: 3.12s
[INFO]: TRAIN epoch: 80 loss: 100.9125, time: 3.11s
[INFO]: TRAIN epoch: 80 loss: 98.1295, time: 3.14s
[INFO]: TRAIN epoch: 80 loss: 81.0702, time: 3.26s
[INFO]: TRAIN epoch: 80 loss: 95.8906, time: 3.13s
[INFO]: TRAIN epoch: 80 loss: 108.0424, time: 3.12s
[INFO]: TRAIN epoch: 80 loss: 68.0483, time: 3.12s
[INFO]: TRAIN epoch: 80 loss: 97.8943, time: 3.13s
[INFO]: TRAIN epoch: 80 loss: 126.0952, time: 3.28s
[INFO]: TRAIN epoch: 80 loss: 47.7692, time: 3.12s
[INFO]: TRAIN epoch: 80 loss: 126.9744, time: 3.12s
[INFO]: TRAIN epoch: 80 loss: 92.5297, time: 3.16s
[INFO]: TRAIN epoch: 80 loss: 109.9041, time: 3.13s
[INFO]: TRAIN epoch: 80 loss: 129.7887, time: 3.29s
[INFO]: TRAIN epoch: 80 loss: 107.6538, time: 3.14s
[INFO]: TRAIN epoch: 80 loss: 55.8899, time: 3.13s
[INFO]: TRAIN epoch: 80 loss: 112.3220, time: 3.16s
[INFO]: TRAIN epoch: 80 loss: 86.6538, time: 3.14s
[INFO]: TRAIN epoch: 80 loss: 92.5865, time: 3.30s
[INFO]: TRAIN epoch: 80 loss: 69.7792, time: 3.18s
[INFO]: TRAIN epoch: 80 loss: 99.0598, time: 3.15s
[INFO]: TRAIN epoch: 80 loss: 68.9712, time: 3.17s
[INFO]: TRAIN epoch: 80 loss: 96.4750, time: 3.19s
[INFO]: TRAIN epoch: 80 loss: 111.0675, time: 3.30s
[INFO]: TRAIN epoch: 80 loss: 43.0260, time: 3.17s
[INFO]: TRAIN epoch: 80 loss: 57.6624, time: 3.15s
[INFO]: TRAIN epoch: 80 loss: 103.6943, time: 3.17s
[INFO]: VALIDATION epoch: 80 loss: 212.6448
[INFO]: VALIDATION epoch: 80 loss: 172.9862
[INFO]: VALIDATION epoch: 80 loss: 163.1845
[INFO]: VALIDATION epoch: 80 loss: 200.1661
[INFO]: VALIDATION epoch: 80 loss: 252.6188
[INFO]: TRAIN epoch: 81 loss: 115.5741, time: 2.92s
[INFO]: TRAIN epoch: 81 loss: 44.7626, time: 3.01s
[INFO]: TRAIN epoch: 81 loss: 100.4805, time: 3.29s
[INFO]: TRAIN epoch: 81 loss: 99.3075, time: 3.11s
[INFO]: TRAIN epoch: 81 loss: 58.9028, time: 3.10s
[INFO]: TRAIN epoch: 81 loss: 108.9159, time: 3.09s
[INFO]: TRAIN epoch: 81 loss: 119.5684, time: 3.10s
[INFO]: TRAIN epoch: 81 loss: 117.7422, time: 3.26s
[INFO]: TRAIN epoch: 81 loss: 94.5607, time: 3.10s
[INFO]: TRAIN epoch: 81 loss: 67.6339, time: 3.14s
[INFO]: TRAIN epoch: 81 loss: 124.8607, time: 3.12s
[INFO]: TRAIN epoch: 81 loss: 95.0394, time: 3.31s
[INFO]: TRAIN epoch: 81 loss: 92.2151, time: 3.19s
[INFO]: TRAIN epoch: 81 loss: 70.2573, time: 3.13s
[INFO]: TRAIN epoch: 81 loss: 97.3034, time: 3.15s
[INFO]: TRAIN epoch: 81 loss: 109.8012, time: 3.15s
[INFO]: TRAIN epoch: 81 loss: 101.5708, time: 3.29s
[INFO]: TRAIN epoch: 81 loss: 183.0254, time: 3.12s
[INFO]: TRAIN epoch: 81 loss: 106.8163, time: 3.10s
[INFO]: TRAIN epoch: 81 loss: 94.2114, time: 3.12s
[INFO]: TRAIN epoch: 81 loss: 90.5407, time: 3.13s
[INFO]: TRAIN epoch: 81 loss: 38.0264, time: 3.31s
[INFO]: TRAIN epoch: 81 loss: 132.7384, time: 3.15s
[INFO]: TRAIN epoch: 81 loss: 61.2820, time: 3.10s
[INFO]: TRAIN epoch: 81 loss: 76.7709, time: 3.14s
[INFO]: TRAIN epoch: 81 loss: 94.7977, time: 3.14s
[INFO]: TRAIN epoch: 81 loss: 116.9549, time: 3.29s
[INFO]: TRAIN epoch: 81 loss: 49.7383, time: 3.13s
[INFO]: TRAIN epoch: 81 loss: 61.8670, time: 3.14s
[INFO]: TRAIN epoch: 81 loss: 123.5683, time: 3.13s
[INFO]: TRAIN epoch: 81 loss: 95.5737, time: 3.15s
[INFO]: TRAIN epoch: 81 loss: 45.6284, time: 3.30s
[INFO]: TRAIN epoch: 81 loss: 55.5242, time: 3.14s
[INFO]: TRAIN epoch: 81 loss: 99.4412, time: 3.14s
[INFO]: TRAIN epoch: 81 loss: 68.7029, time: 3.13s
[INFO]: VALIDATION epoch: 81 loss: 218.4339
[INFO]: VALIDATION epoch: 81 loss: 156.7660
[INFO]: VALIDATION epoch: 81 loss: 176.1814
[INFO]: VALIDATION epoch: 81 loss: 175.7474
[INFO]: VALIDATION epoch: 81 loss: 255.2724
[INFO]: TRAIN epoch: 82 loss: 114.5985, time: 2.93s
[INFO]: TRAIN epoch: 82 loss: 115.8659, time: 3.02s
[INFO]: TRAIN epoch: 82 loss: 89.1566, time: 3.22s
[INFO]: TRAIN epoch: 82 loss: 102.6254, time: 3.11s
[INFO]: TRAIN epoch: 82 loss: 90.7005, time: 3.12s
[INFO]: TRAIN epoch: 82 loss: 52.1895, time: 3.13s
[INFO]: TRAIN epoch: 82 loss: 68.2931, time: 3.13s
[INFO]: TRAIN epoch: 82 loss: 96.6455, time: 3.29s
[INFO]: TRAIN epoch: 82 loss: 64.5844, time: 3.12s
[INFO]: TRAIN epoch: 82 loss: 68.8221, time: 3.19s
[INFO]: TRAIN epoch: 82 loss: 109.9270, time: 3.12s
[INFO]: TRAIN epoch: 82 loss: 133.6183, time: 3.33s
[INFO]: TRAIN epoch: 82 loss: 57.5279, time: 3.16s
[INFO]: TRAIN epoch: 82 loss: 83.4562, time: 3.17s
[INFO]: TRAIN epoch: 82 loss: 116.9132, time: 3.17s
[INFO]: TRAIN epoch: 82 loss: 89.8604, time: 3.16s
[INFO]: TRAIN epoch: 82 loss: 87.8878, time: 3.30s
[INFO]: TRAIN epoch: 82 loss: 49.4876, time: 3.16s
[INFO]: TRAIN epoch: 82 loss: 106.6326, time: 3.14s
[INFO]: TRAIN epoch: 82 loss: 66.1977, time: 3.11s
[INFO]: TRAIN epoch: 82 loss: 85.7685, time: 3.13s
[INFO]: TRAIN epoch: 82 loss: 118.6645, time: 3.27s
[INFO]: TRAIN epoch: 82 loss: 103.8925, time: 3.14s
[INFO]: TRAIN epoch: 82 loss: 46.6759, time: 3.17s
[INFO]: TRAIN epoch: 82 loss: 130.2969, time: 3.14s
[INFO]: TRAIN epoch: 82 loss: 61.7932, time: 3.13s
[INFO]: TRAIN epoch: 82 loss: 90.0370, time: 3.32s
[INFO]: TRAIN epoch: 82 loss: 62.4804, time: 3.16s
[INFO]: TRAIN epoch: 82 loss: 55.0155, time: 3.16s
[INFO]: TRAIN epoch: 82 loss: 85.7708, time: 3.16s
[INFO]: TRAIN epoch: 82 loss: 107.1993, time: 3.17s
[INFO]: TRAIN epoch: 82 loss: 77.1768, time: 3.31s
[INFO]: TRAIN epoch: 82 loss: 174.1429, time: 3.18s
[INFO]: TRAIN epoch: 82 loss: 112.7277, time: 3.17s
[INFO]: TRAIN epoch: 82 loss: 105.3029, time: 3.17s
[INFO]: VALIDATION epoch: 82 loss: 215.3525
[INFO]: VALIDATION epoch: 82 loss: 166.4218
[INFO]: VALIDATION epoch: 82 loss: 163.8271
[INFO]: VALIDATION epoch: 82 loss: 204.3798
[INFO]: VALIDATION epoch: 82 loss: 251.2163
[INFO]: TRAIN epoch: 83 loss: 67.7833, time: 2.94s
[INFO]: TRAIN epoch: 83 loss: 92.4430, time: 3.08s
[INFO]: TRAIN epoch: 83 loss: 53.4427, time: 3.21s
[INFO]: TRAIN epoch: 83 loss: 130.9087, time: 3.10s
[INFO]: TRAIN epoch: 83 loss: 86.0209, time: 3.14s
[INFO]: TRAIN epoch: 83 loss: 89.5935, time: 3.18s
[INFO]: TRAIN epoch: 83 loss: 85.6359, time: 3.15s
[INFO]: TRAIN epoch: 83 loss: 157.6086, time: 3.30s
[INFO]: TRAIN epoch: 83 loss: 88.4806, time: 3.21s
[INFO]: TRAIN epoch: 83 loss: 101.3056, time: 3.20s
[INFO]: TRAIN epoch: 83 loss: 71.6884, time: 3.16s
[INFO]: TRAIN epoch: 83 loss: 52.7219, time: 3.33s
[INFO]: TRAIN epoch: 83 loss: 104.5350, time: 3.13s
[INFO]: TRAIN epoch: 83 loss: 114.3940, time: 3.16s
[INFO]: TRAIN epoch: 83 loss: 48.9069, time: 3.18s
[INFO]: TRAIN epoch: 83 loss: 94.5421, time: 3.15s
[INFO]: TRAIN epoch: 83 loss: 120.4225, time: 3.32s
[INFO]: TRAIN epoch: 83 loss: 98.4205, time: 3.16s
[INFO]: TRAIN epoch: 83 loss: 95.2489, time: 3.17s
[INFO]: TRAIN epoch: 83 loss: 54.4244, time: 3.13s
[INFO]: TRAIN epoch: 83 loss: 97.2498, time: 3.20s
[INFO]: TRAIN epoch: 83 loss: 50.1572, time: 3.30s
[INFO]: TRAIN epoch: 83 loss: 56.3351, time: 3.18s
[INFO]: TRAIN epoch: 83 loss: 120.1079, time: 3.14s
[INFO]: TRAIN epoch: 83 loss: 87.0398, time: 3.22s
[INFO]: TRAIN epoch: 83 loss: 68.8688, time: 3.13s
[INFO]: TRAIN epoch: 83 loss: 124.6045, time: 3.33s
[INFO]: TRAIN epoch: 83 loss: 106.8523, time: 3.13s
[INFO]: TRAIN epoch: 83 loss: 65.9364, time: 3.13s
[INFO]: TRAIN epoch: 83 loss: 52.6827, time: 3.15s
[INFO]: TRAIN epoch: 83 loss: 131.5070, time: 3.16s
[INFO]: TRAIN epoch: 83 loss: 93.2837, time: 3.31s
[INFO]: TRAIN epoch: 83 loss: 45.7225, time: 3.17s
[INFO]: TRAIN epoch: 83 loss: 102.3439, time: 3.16s
[INFO]: TRAIN epoch: 83 loss: 114.9995, time: 3.14s
[INFO]: VALIDATION epoch: 83 loss: 221.1667
[INFO]: VALIDATION epoch: 83 loss: 154.7956
[INFO]: VALIDATION epoch: 83 loss: 172.1383
[INFO]: VALIDATION epoch: 83 loss: 201.9265
[INFO]: VALIDATION epoch: 83 loss: 253.6764
[INFO]: TRAIN epoch: 84 loss: 86.3011, time: 2.93s
[INFO]: TRAIN epoch: 84 loss: 113.7242, time: 3.01s
[INFO]: TRAIN epoch: 84 loss: 107.9129, time: 3.21s
[INFO]: TRAIN epoch: 84 loss: 116.3988, time: 3.10s
[INFO]: TRAIN epoch: 84 loss: 63.2613, time: 3.11s
[INFO]: TRAIN epoch: 84 loss: 105.8770, time: 3.13s
[INFO]: TRAIN epoch: 84 loss: 126.4806, time: 3.14s
[INFO]: TRAIN epoch: 84 loss: 95.9549, time: 3.28s
[INFO]: TRAIN epoch: 84 loss: 47.2698, time: 3.16s
[INFO]: TRAIN epoch: 84 loss: 130.7489, time: 3.12s
[INFO]: TRAIN epoch: 84 loss: 100.8255, time: 3.14s
[INFO]: TRAIN epoch: 84 loss: 90.7630, time: 3.31s
[INFO]: TRAIN epoch: 84 loss: 96.2239, time: 3.18s
[INFO]: TRAIN epoch: 84 loss: 84.3134, time: 3.15s
[INFO]: TRAIN epoch: 84 loss: 98.1631, time: 3.16s
[INFO]: TRAIN epoch: 84 loss: 106.6799, time: 3.16s
[INFO]: TRAIN epoch: 84 loss: 58.6051, time: 3.29s
[INFO]: TRAIN epoch: 84 loss: 100.7089, time: 3.16s
[INFO]: TRAIN epoch: 84 loss: 50.4468, time: 3.15s
[INFO]: TRAIN epoch: 84 loss: 167.3112, time: 3.14s
[INFO]: TRAIN epoch: 84 loss: 72.2288, time: 3.13s
[INFO]: TRAIN epoch: 84 loss: 95.1559, time: 3.29s
[INFO]: TRAIN epoch: 84 loss: 46.6979, time: 3.13s
[INFO]: TRAIN epoch: 84 loss: 118.4503, time: 3.14s
[INFO]: TRAIN epoch: 84 loss: 111.9166, time: 3.14s
[INFO]: TRAIN epoch: 84 loss: 81.6515, time: 3.14s
[INFO]: TRAIN epoch: 84 loss: 111.1655, time: 3.29s
[INFO]: TRAIN epoch: 84 loss: 96.9958, time: 3.13s
[INFO]: TRAIN epoch: 84 loss: 54.1030, time: 3.14s
[INFO]: TRAIN epoch: 84 loss: 121.6981, time: 3.13s
[INFO]: TRAIN epoch: 84 loss: 99.0953, time: 3.16s
[INFO]: TRAIN epoch: 84 loss: 57.1599, time: 3.31s
[INFO]: TRAIN epoch: 84 loss: 52.0475, time: 3.15s
[INFO]: TRAIN epoch: 84 loss: 92.2581, time: 3.14s
[INFO]: TRAIN epoch: 84 loss: 63.3887, time: 3.14s
[INFO]: VALIDATION epoch: 84 loss: 209.2565
[INFO]: VALIDATION epoch: 84 loss: 159.8073
[INFO]: VALIDATION epoch: 84 loss: 168.0814
[INFO]: VALIDATION epoch: 84 loss: 177.3984
[INFO]: VALIDATION epoch: 84 loss: 254.2279
[INFO]: TRAIN epoch: 85 loss: 45.4232, time: 2.95s
[INFO]: TRAIN epoch: 85 loss: 85.9112, time: 3.05s
[INFO]: TRAIN epoch: 85 loss: 89.8272, time: 3.25s
[INFO]: TRAIN epoch: 85 loss: 92.9087, time: 3.13s
[INFO]: TRAIN epoch: 85 loss: 110.5852, time: 3.12s
[INFO]: TRAIN epoch: 85 loss: 82.8392, time: 3.13s
[INFO]: TRAIN epoch: 85 loss: 78.2939, time: 3.16s
[INFO]: TRAIN epoch: 85 loss: 66.3192, time: 3.27s
[INFO]: TRAIN epoch: 85 loss: 164.3365, time: 3.17s
[INFO]: TRAIN epoch: 85 loss: 103.4493, time: 3.13s
[INFO]: TRAIN epoch: 85 loss: 100.6375, time: 3.16s
[INFO]: TRAIN epoch: 85 loss: 61.8025, time: 3.28s
[INFO]: TRAIN epoch: 85 loss: 100.4584, time: 3.17s
[INFO]: TRAIN epoch: 85 loss: 129.7843, time: 3.15s
[INFO]: TRAIN epoch: 85 loss: 114.5056, time: 3.15s
[INFO]: TRAIN epoch: 85 loss: 48.3450, time: 3.15s
[INFO]: TRAIN epoch: 85 loss: 106.6791, time: 3.34s
[INFO]: TRAIN epoch: 85 loss: 113.0179, time: 3.17s
[INFO]: TRAIN epoch: 85 loss: 69.7003, time: 3.12s
[INFO]: TRAIN epoch: 85 loss: 104.5558, time: 3.14s
[INFO]: TRAIN epoch: 85 loss: 97.3228, time: 3.14s
[INFO]: TRAIN epoch: 85 loss: 67.5573, time: 3.42s
[INFO]: TRAIN epoch: 85 loss: 96.5359, time: 3.53s
[INFO]: TRAIN epoch: 85 loss: 38.3843, time: 3.71s
[INFO]: TRAIN epoch: 85 loss: 53.5373, time: 3.42s
[INFO]: TRAIN epoch: 85 loss: 106.3891, time: 3.18s
[INFO]: TRAIN epoch: 85 loss: 56.3536, time: 3.37s
[INFO]: TRAIN epoch: 85 loss: 52.0162, time: 3.59s
[INFO]: TRAIN epoch: 85 loss: 92.4072, time: 3.43s
[INFO]: TRAIN epoch: 85 loss: 91.0964, time: 3.20s
[INFO]: TRAIN epoch: 85 loss: 51.6666, time: 3.20s
[INFO]: TRAIN epoch: 85 loss: 140.2891, time: 3.35s
[INFO]: TRAIN epoch: 85 loss: 113.6706, time: 3.23s
[INFO]: TRAIN epoch: 85 loss: 109.2824, time: 3.14s
[INFO]: TRAIN epoch: 85 loss: 119.3706, time: 3.12s
[INFO]: VALIDATION epoch: 85 loss: 217.1124
[INFO]: VALIDATION epoch: 85 loss: 162.8751
[INFO]: VALIDATION epoch: 85 loss: 163.4247
[INFO]: VALIDATION epoch: 85 loss: 204.2378
[INFO]: VALIDATION epoch: 85 loss: 261.9521
[INFO]: TRAIN epoch: 86 loss: 43.1494, time: 2.96s
[INFO]: TRAIN epoch: 86 loss: 109.9720, time: 3.04s
[INFO]: TRAIN epoch: 86 loss: 93.2974, time: 3.24s
[INFO]: TRAIN epoch: 86 loss: 56.3649, time: 3.10s
[INFO]: TRAIN epoch: 86 loss: 97.2715, time: 3.11s
[INFO]: TRAIN epoch: 86 loss: 87.5845, time: 3.11s
[INFO]: TRAIN epoch: 86 loss: 44.0594, time: 3.13s
[INFO]: TRAIN epoch: 86 loss: 62.6832, time: 3.27s
[INFO]: TRAIN epoch: 86 loss: 163.6740, time: 3.15s
[INFO]: TRAIN epoch: 86 loss: 88.1426, time: 3.12s
[INFO]: TRAIN epoch: 86 loss: 74.9152, time: 3.11s
[INFO]: TRAIN epoch: 86 loss: 96.2568, time: 3.30s
[INFO]: TRAIN epoch: 86 loss: 95.2139, time: 3.12s
[INFO]: TRAIN epoch: 86 loss: 139.3331, time: 3.13s
[INFO]: TRAIN epoch: 86 loss: 52.5561, time: 3.15s
[INFO]: TRAIN epoch: 86 loss: 60.9831, time: 3.13s
[INFO]: TRAIN epoch: 86 loss: 102.1928, time: 3.32s
[INFO]: TRAIN epoch: 86 loss: 92.4540, time: 3.16s
[INFO]: TRAIN epoch: 86 loss: 53.4676, time: 3.16s
[INFO]: TRAIN epoch: 86 loss: 112.9218, time: 3.12s
[INFO]: TRAIN epoch: 86 loss: 109.2017, time: 3.11s
[INFO]: TRAIN epoch: 86 loss: 99.6650, time: 3.33s
[INFO]: TRAIN epoch: 86 loss: 84.2386, time: 3.17s
[INFO]: TRAIN epoch: 86 loss: 51.7270, time: 3.13s
[INFO]: TRAIN epoch: 86 loss: 110.0758, time: 3.13s
[INFO]: TRAIN epoch: 86 loss: 124.1092, time: 3.14s
[INFO]: TRAIN epoch: 86 loss: 85.2543, time: 3.31s
[INFO]: TRAIN epoch: 86 loss: 54.1814, time: 3.13s
[INFO]: TRAIN epoch: 86 loss: 57.0920, time: 3.14s
[INFO]: TRAIN epoch: 86 loss: 132.5417, time: 3.16s
[INFO]: TRAIN epoch: 86 loss: 100.1227, time: 3.16s
[INFO]: TRAIN epoch: 86 loss: 116.8419, time: 3.33s
[INFO]: TRAIN epoch: 86 loss: 103.9286, time: 3.12s
[INFO]: TRAIN epoch: 86 loss: 98.6717, time: 3.12s
[INFO]: TRAIN epoch: 86 loss: 68.5351, time: 3.11s
[INFO]: VALIDATION epoch: 86 loss: 222.6342
[INFO]: VALIDATION epoch: 86 loss: 166.4106
[INFO]: VALIDATION epoch: 86 loss: 167.7043
[INFO]: VALIDATION epoch: 86 loss: 202.2836
[INFO]: VALIDATION epoch: 86 loss: 264.1580
[INFO]: TRAIN epoch: 87 loss: 126.1182, time: 2.94s
[INFO]: TRAIN epoch: 87 loss: 64.9824, time: 3.02s
[INFO]: TRAIN epoch: 87 loss: 108.0901, time: 3.25s
[INFO]: TRAIN epoch: 87 loss: 109.5373, time: 3.06s
[INFO]: TRAIN epoch: 87 loss: 43.4474, time: 3.09s
[INFO]: TRAIN epoch: 87 loss: 113.2522, time: 3.11s
[INFO]: TRAIN epoch: 87 loss: 89.2296, time: 3.10s
[INFO]: TRAIN epoch: 87 loss: 53.2148, time: 3.25s
[INFO]: TRAIN epoch: 87 loss: 51.1800, time: 3.14s
[INFO]: TRAIN epoch: 87 loss: 86.3810, time: 3.17s
[INFO]: TRAIN epoch: 87 loss: 98.6452, time: 3.16s
[INFO]: TRAIN epoch: 87 loss: 108.2139, time: 3.31s
[INFO]: TRAIN epoch: 87 loss: 104.3125, time: 3.18s
[INFO]: TRAIN epoch: 87 loss: 85.7183, time: 3.13s
[INFO]: TRAIN epoch: 87 loss: 88.2371, time: 3.14s
[INFO]: TRAIN epoch: 87 loss: 170.1695, time: 3.16s
[INFO]: TRAIN epoch: 87 loss: 47.6415, time: 3.30s
[INFO]: TRAIN epoch: 87 loss: 54.6956, time: 3.17s
[INFO]: TRAIN epoch: 87 loss: 55.2173, time: 3.15s
[INFO]: TRAIN epoch: 87 loss: 139.6636, time: 3.14s
[INFO]: TRAIN epoch: 87 loss: 83.6398, time: 3.14s
[INFO]: TRAIN epoch: 87 loss: 50.4975, time: 3.34s
[INFO]: TRAIN epoch: 87 loss: 123.0616, time: 3.11s
[INFO]: TRAIN epoch: 87 loss: 87.9261, time: 3.12s
[INFO]: TRAIN epoch: 87 loss: 62.6432, time: 3.16s
[INFO]: TRAIN epoch: 87 loss: 106.2876, time: 3.16s
[INFO]: TRAIN epoch: 87 loss: 89.9523, time: 3.33s
[INFO]: TRAIN epoch: 87 loss: 95.5903, time: 3.15s
[INFO]: TRAIN epoch: 87 loss: 114.5287, time: 3.10s
[INFO]: TRAIN epoch: 87 loss: 79.3150, time: 3.12s
[INFO]: TRAIN epoch: 87 loss: 103.5121, time: 3.14s
[INFO]: TRAIN epoch: 87 loss: 114.3767, time: 3.31s
[INFO]: TRAIN epoch: 87 loss: 107.9842, time: 3.16s
[INFO]: TRAIN epoch: 87 loss: 52.2809, time: 3.15s
[INFO]: TRAIN epoch: 87 loss: 46.7719, time: 3.19s
[INFO]: VALIDATION epoch: 87 loss: 213.2621
[INFO]: VALIDATION epoch: 87 loss: 161.3972
[INFO]: VALIDATION epoch: 87 loss: 169.1121
[INFO]: VALIDATION epoch: 87 loss: 187.1508
[INFO]: VALIDATION epoch: 87 loss: 259.1198
[INFO]: TRAIN epoch: 88 loss: 98.4458, time: 2.97s
[INFO]: TRAIN epoch: 88 loss: 105.1857, time: 3.03s
[INFO]: TRAIN epoch: 88 loss: 64.0057, time: 3.24s
[INFO]: TRAIN epoch: 88 loss: 87.4046, time: 3.12s
[INFO]: TRAIN epoch: 88 loss: 35.2982, time: 3.10s
[INFO]: TRAIN epoch: 88 loss: 66.6664, time: 3.09s
[INFO]: TRAIN epoch: 88 loss: 95.8437, time: 3.12s
[INFO]: TRAIN epoch: 88 loss: 65.8028, time: 3.26s
[INFO]: TRAIN epoch: 88 loss: 115.9562, time: 3.13s
[INFO]: TRAIN epoch: 88 loss: 101.0428, time: 3.13s
[INFO]: TRAIN epoch: 88 loss: 119.5676, time: 3.09s
[INFO]: TRAIN epoch: 88 loss: 102.4853, time: 3.25s
[INFO]: TRAIN epoch: 88 loss: 116.0677, time: 3.13s
[INFO]: TRAIN epoch: 88 loss: 76.2621, time: 3.14s
[INFO]: TRAIN epoch: 88 loss: 90.3150, time: 3.11s
[INFO]: TRAIN epoch: 88 loss: 51.4747, time: 3.14s
[INFO]: TRAIN epoch: 88 loss: 105.7762, time: 3.29s
[INFO]: TRAIN epoch: 88 loss: 91.6415, time: 3.17s
[INFO]: TRAIN epoch: 88 loss: 105.7706, time: 3.10s
[INFO]: TRAIN epoch: 88 loss: 87.5593, time: 3.16s
[INFO]: TRAIN epoch: 88 loss: 128.9541, time: 3.11s
[INFO]: TRAIN epoch: 88 loss: 44.0280, time: 3.29s
[INFO]: TRAIN epoch: 88 loss: 53.2413, time: 3.12s
[INFO]: TRAIN epoch: 88 loss: 131.6610, time: 3.15s
[INFO]: TRAIN epoch: 88 loss: 87.0223, time: 3.16s
[INFO]: TRAIN epoch: 88 loss: 52.3880, time: 3.12s
[INFO]: TRAIN epoch: 88 loss: 58.5281, time: 3.30s
[INFO]: TRAIN epoch: 88 loss: 87.9266, time: 3.13s
[INFO]: TRAIN epoch: 88 loss: 50.2329, time: 3.12s
[INFO]: TRAIN epoch: 88 loss: 107.3262, time: 3.17s
[INFO]: TRAIN epoch: 88 loss: 94.5291, time: 3.19s
[INFO]: TRAIN epoch: 88 loss: 92.0982, time: 3.35s
[INFO]: TRAIN epoch: 88 loss: 164.8212, time: 3.19s
[INFO]: TRAIN epoch: 88 loss: 120.1395, time: 3.13s
[INFO]: TRAIN epoch: 88 loss: 57.0592, time: 3.13s
[INFO]: VALIDATION epoch: 88 loss: 213.4581
[INFO]: VALIDATION epoch: 88 loss: 167.1219
[INFO]: VALIDATION epoch: 88 loss: 178.6060
[INFO]: VALIDATION epoch: 88 loss: 183.8604
[INFO]: VALIDATION epoch: 88 loss: 257.8649
[INFO]: TRAIN epoch: 89 loss: 99.0749, time: 2.90s
[INFO]: TRAIN epoch: 89 loss: 90.0162, time: 3.03s
[INFO]: TRAIN epoch: 89 loss: 59.3809, time: 3.21s
[INFO]: TRAIN epoch: 89 loss: 60.5366, time: 3.08s
[INFO]: TRAIN epoch: 89 loss: 43.3440, time: 3.11s
[INFO]: TRAIN epoch: 89 loss: 97.4739, time: 3.11s
[INFO]: TRAIN epoch: 89 loss: 86.5613, time: 3.13s
[INFO]: TRAIN epoch: 89 loss: 70.9926, time: 3.27s
[INFO]: TRAIN epoch: 89 loss: 158.7034, time: 3.11s
[INFO]: TRAIN epoch: 89 loss: 138.7666, time: 3.11s
[INFO]: TRAIN epoch: 89 loss: 42.5795, time: 3.13s
[INFO]: TRAIN epoch: 89 loss: 102.9570, time: 3.26s
[INFO]: TRAIN epoch: 89 loss: 103.9613, time: 3.19s
[INFO]: TRAIN epoch: 89 loss: 123.9694, time: 3.17s
[INFO]: TRAIN epoch: 89 loss: 117.3525, time: 3.18s
[INFO]: TRAIN epoch: 89 loss: 86.9906, time: 3.17s
[INFO]: TRAIN epoch: 89 loss: 112.0943, time: 3.36s
[INFO]: TRAIN epoch: 89 loss: 99.3784, time: 3.18s
[INFO]: TRAIN epoch: 89 loss: 51.7746, time: 3.18s
[INFO]: TRAIN epoch: 89 loss: 94.6567, time: 3.17s
[INFO]: TRAIN epoch: 89 loss: 99.0769, time: 3.17s
[INFO]: TRAIN epoch: 89 loss: 49.6674, time: 3.34s
[INFO]: TRAIN epoch: 89 loss: 90.8904, time: 3.15s
[INFO]: TRAIN epoch: 89 loss: 107.3642, time: 3.12s
[INFO]: TRAIN epoch: 89 loss: 63.3933, time: 3.13s
[INFO]: TRAIN epoch: 89 loss: 50.4386, time: 3.15s
[INFO]: TRAIN epoch: 89 loss: 98.2985, time: 3.31s
[INFO]: TRAIN epoch: 89 loss: 51.7870, time: 3.18s
[INFO]: TRAIN epoch: 89 loss: 101.9053, time: 3.16s
[INFO]: TRAIN epoch: 89 loss: 118.5580, time: 3.18s
[INFO]: TRAIN epoch: 89 loss: 86.4720, time: 3.18s
[INFO]: TRAIN epoch: 89 loss: 107.6867, time: 3.31s
[INFO]: TRAIN epoch: 89 loss: 59.9416, time: 3.14s
[INFO]: TRAIN epoch: 89 loss: 66.7812, time: 3.14s
[INFO]: TRAIN epoch: 89 loss: 87.5231, time: 3.15s
[INFO]: VALIDATION epoch: 89 loss: 215.0412
[INFO]: VALIDATION epoch: 89 loss: 168.5498
[INFO]: VALIDATION epoch: 89 loss: 185.2915
[INFO]: VALIDATION epoch: 89 loss: 207.1046
[INFO]: VALIDATION epoch: 89 loss: 267.7304
[INFO]: TRAIN epoch: 90 loss: 93.2669, time: 2.94s
[INFO]: TRAIN epoch: 90 loss: 64.1977, time: 3.02s
[INFO]: TRAIN epoch: 90 loss: 84.4063, time: 3.23s
[INFO]: TRAIN epoch: 90 loss: 75.7228, time: 3.09s
[INFO]: TRAIN epoch: 90 loss: 95.8017, time: 3.12s
[INFO]: TRAIN epoch: 90 loss: 35.9530, time: 3.12s
[INFO]: TRAIN epoch: 90 loss: 50.3421, time: 3.13s
[INFO]: TRAIN epoch: 90 loss: 58.3278, time: 3.28s
[INFO]: TRAIN epoch: 90 loss: 98.9535, time: 3.15s
[INFO]: TRAIN epoch: 90 loss: 49.2699, time: 3.16s
[INFO]: TRAIN epoch: 90 loss: 105.3026, time: 3.16s
[INFO]: TRAIN epoch: 90 loss: 63.5276, time: 3.35s
[INFO]: TRAIN epoch: 90 loss: 127.5749, time: 3.20s
[INFO]: TRAIN epoch: 90 loss: 110.1972, time: 3.20s
[INFO]: TRAIN epoch: 90 loss: 88.1448, time: 3.23s
[INFO]: TRAIN epoch: 90 loss: 48.9096, time: 3.18s
[INFO]: TRAIN epoch: 90 loss: 116.2249, time: 3.32s
[INFO]: TRAIN epoch: 90 loss: 89.6622, time: 3.20s
[INFO]: TRAIN epoch: 90 loss: 163.0076, time: 3.24s
[INFO]: TRAIN epoch: 90 loss: 86.8636, time: 3.20s
[INFO]: TRAIN epoch: 90 loss: 93.9225, time: 3.20s
[INFO]: TRAIN epoch: 90 loss: 90.7103, time: 3.36s
[INFO]: TRAIN epoch: 90 loss: 98.1175, time: 3.18s
[INFO]: TRAIN epoch: 90 loss: 95.8482, time: 3.20s
[INFO]: TRAIN epoch: 90 loss: 41.2269, time: 3.16s
[INFO]: TRAIN epoch: 90 loss: 110.1402, time: 3.16s
[INFO]: TRAIN epoch: 90 loss: 110.6671, time: 3.32s
[INFO]: TRAIN epoch: 90 loss: 134.7742, time: 3.17s
[INFO]: TRAIN epoch: 90 loss: 113.0594, time: 3.18s
[INFO]: TRAIN epoch: 90 loss: 109.7262, time: 3.16s
[INFO]: TRAIN epoch: 90 loss: 94.3809, time: 3.14s
[INFO]: TRAIN epoch: 90 loss: 97.4213, time: 3.28s
[INFO]: TRAIN epoch: 90 loss: 51.3905, time: 3.15s
[INFO]: TRAIN epoch: 90 loss: 52.3610, time: 3.13s
[INFO]: TRAIN epoch: 90 loss: 58.9447, time: 3.12s
[INFO]: VALIDATION epoch: 90 loss: 216.9954
[INFO]: VALIDATION epoch: 90 loss: 159.7610
[INFO]: VALIDATION epoch: 90 loss: 163.6108
[INFO]: VALIDATION epoch: 90 loss: 209.5105
[INFO]: VALIDATION epoch: 90 loss: 256.1307
[INFO]: TRAIN epoch: 91 loss: 55.2920, time: 2.94s
[INFO]: TRAIN epoch: 91 loss: 63.1953, time: 3.09s
[INFO]: TRAIN epoch: 91 loss: 113.5317, time: 3.25s
[INFO]: TRAIN epoch: 91 loss: 104.8893, time: 3.11s
[INFO]: TRAIN epoch: 91 loss: 42.0495, time: 3.12s
[INFO]: TRAIN epoch: 91 loss: 50.3517, time: 3.13s
[INFO]: TRAIN epoch: 91 loss: 109.4835, time: 3.13s
[INFO]: TRAIN epoch: 91 loss: 108.8701, time: 3.31s
[INFO]: TRAIN epoch: 91 loss: 90.9927, time: 3.15s
[INFO]: TRAIN epoch: 91 loss: 92.5460, time: 3.14s
[INFO]: TRAIN epoch: 91 loss: 82.1195, time: 3.17s
[INFO]: TRAIN epoch: 91 loss: 55.5376, time: 3.33s
[INFO]: TRAIN epoch: 91 loss: 91.3420, time: 3.18s
[INFO]: TRAIN epoch: 91 loss: 132.3287, time: 3.18s
[INFO]: TRAIN epoch: 91 loss: 86.1179, time: 3.19s
[INFO]: TRAIN epoch: 91 loss: 95.6572, time: 3.19s
[INFO]: TRAIN epoch: 91 loss: 56.9091, time: 3.32s
[INFO]: TRAIN epoch: 91 loss: 71.6800, time: 3.17s
[INFO]: TRAIN epoch: 91 loss: 81.1025, time: 3.17s
[INFO]: TRAIN epoch: 91 loss: 114.9552, time: 3.17s
[INFO]: TRAIN epoch: 91 loss: 69.6579, time: 3.13s
[INFO]: TRAIN epoch: 91 loss: 51.2346, time: 3.32s
[INFO]: TRAIN epoch: 91 loss: 53.0199, time: 3.18s
[INFO]: TRAIN epoch: 91 loss: 125.1673, time: 3.17s
[INFO]: TRAIN epoch: 91 loss: 114.0358, time: 3.13s
[INFO]: TRAIN epoch: 91 loss: 104.6873, time: 3.16s
[INFO]: TRAIN epoch: 91 loss: 41.9250, time: 3.32s
[INFO]: TRAIN epoch: 91 loss: 91.4127, time: 3.16s
[INFO]: TRAIN epoch: 91 loss: 104.5514, time: 3.16s
[INFO]: TRAIN epoch: 91 loss: 51.2190, time: 3.15s
[INFO]: TRAIN epoch: 91 loss: 107.9608, time: 3.16s
[INFO]: TRAIN epoch: 91 loss: 91.3745, time: 3.31s
[INFO]: TRAIN epoch: 91 loss: 84.1721, time: 3.28s
[INFO]: TRAIN epoch: 91 loss: 165.8671, time: 3.24s
[INFO]: TRAIN epoch: 91 loss: 105.0634, time: 3.15s
[INFO]: VALIDATION epoch: 91 loss: 218.1056
[INFO]: VALIDATION epoch: 91 loss: 161.8922
[INFO]: VALIDATION epoch: 91 loss: 183.0869
[INFO]: VALIDATION epoch: 91 loss: 211.0885
[INFO]: VALIDATION epoch: 91 loss: 264.8514
[INFO]: TRAIN epoch: 92 loss: 87.6906, time: 2.97s
[INFO]: TRAIN epoch: 92 loss: 113.9750, time: 3.05s
[INFO]: TRAIN epoch: 92 loss: 133.0253, time: 3.24s
[INFO]: TRAIN epoch: 92 loss: 88.1469, time: 3.11s
[INFO]: TRAIN epoch: 92 loss: 98.7965, time: 3.12s
[INFO]: TRAIN epoch: 92 loss: 93.1018, time: 3.11s
[INFO]: TRAIN epoch: 92 loss: 56.0659, time: 3.14s
[INFO]: TRAIN epoch: 92 loss: 65.2829, time: 3.32s
[INFO]: TRAIN epoch: 92 loss: 50.6101, time: 3.15s
[INFO]: TRAIN epoch: 92 loss: 166.4210, time: 3.14s
[INFO]: TRAIN epoch: 92 loss: 99.4977, time: 3.11s
[INFO]: TRAIN epoch: 92 loss: 49.2117, time: 3.29s
[INFO]: TRAIN epoch: 92 loss: 44.6949, time: 3.13s
[INFO]: TRAIN epoch: 92 loss: 122.5938, time: 3.14s
[INFO]: TRAIN epoch: 92 loss: 49.6176, time: 3.15s
[INFO]: TRAIN epoch: 92 loss: 90.3387, time: 3.13s
[INFO]: TRAIN epoch: 92 loss: 89.3357, time: 3.30s
[INFO]: TRAIN epoch: 92 loss: 53.4003, time: 3.13s
[INFO]: TRAIN epoch: 92 loss: 96.0782, time: 3.14s
[INFO]: TRAIN epoch: 92 loss: 109.5029, time: 3.13s
[INFO]: TRAIN epoch: 92 loss: 100.6777, time: 3.18s
[INFO]: TRAIN epoch: 92 loss: 88.0143, time: 3.32s
[INFO]: TRAIN epoch: 92 loss: 82.2929, time: 3.19s
[INFO]: TRAIN epoch: 92 loss: 87.3922, time: 3.18s
[INFO]: TRAIN epoch: 92 loss: 92.6882, time: 3.16s
[INFO]: TRAIN epoch: 92 loss: 64.2112, time: 3.14s
[INFO]: TRAIN epoch: 92 loss: 68.5878, time: 3.31s
[INFO]: TRAIN epoch: 92 loss: 62.5400, time: 3.14s
[INFO]: TRAIN epoch: 92 loss: 109.0219, time: 3.12s
[INFO]: TRAIN epoch: 92 loss: 111.1512, time: 3.18s
[INFO]: TRAIN epoch: 92 loss: 55.6301, time: 3.19s
[INFO]: TRAIN epoch: 92 loss: 98.7342, time: 3.31s
[INFO]: TRAIN epoch: 92 loss: 97.2250, time: 3.18s
[INFO]: TRAIN epoch: 92 loss: 124.1568, time: 3.12s
[INFO]: TRAIN epoch: 92 loss: 42.1966, time: 3.14s
[INFO]: VALIDATION epoch: 92 loss: 215.1654
[INFO]: VALIDATION epoch: 92 loss: 164.0210
[INFO]: VALIDATION epoch: 92 loss: 169.2966
[INFO]: VALIDATION epoch: 92 loss: 184.4115
[INFO]: VALIDATION epoch: 92 loss: 254.1917
[INFO]: TRAIN epoch: 93 loss: 94.6489, time: 2.96s
[INFO]: TRAIN epoch: 93 loss: 115.7135, time: 3.03s
[INFO]: TRAIN epoch: 93 loss: 107.0783, time: 3.23s
[INFO]: TRAIN epoch: 93 loss: 92.1173, time: 3.13s
[INFO]: TRAIN epoch: 93 loss: 50.5743, time: 3.12s
[INFO]: TRAIN epoch: 93 loss: 86.8266, time: 3.12s
[INFO]: TRAIN epoch: 93 loss: 57.1678, time: 3.15s
[INFO]: TRAIN epoch: 93 loss: 64.6766, time: 3.31s
[INFO]: TRAIN epoch: 93 loss: 88.7992, time: 3.15s
[INFO]: TRAIN epoch: 93 loss: 58.6647, time: 3.12s
[INFO]: TRAIN epoch: 93 loss: 40.2635, time: 3.17s
[INFO]: TRAIN epoch: 93 loss: 63.1216, time: 3.29s
[INFO]: TRAIN epoch: 93 loss: 85.7202, time: 3.14s
[INFO]: TRAIN epoch: 93 loss: 108.0792, time: 3.13s
[INFO]: TRAIN epoch: 93 loss: 69.4573, time: 3.12s
[INFO]: TRAIN epoch: 93 loss: 43.6795, time: 3.16s
[INFO]: TRAIN epoch: 93 loss: 46.5646, time: 3.33s
[INFO]: TRAIN epoch: 93 loss: 84.2591, time: 3.21s
[INFO]: TRAIN epoch: 93 loss: 105.4480, time: 3.13s
[INFO]: TRAIN epoch: 93 loss: 127.6054, time: 3.18s
[INFO]: TRAIN epoch: 93 loss: 104.1163, time: 3.14s
[INFO]: TRAIN epoch: 93 loss: 55.2664, time: 3.34s
[INFO]: TRAIN epoch: 93 loss: 54.7989, time: 3.18s
[INFO]: TRAIN epoch: 93 loss: 103.3177, time: 3.16s
[INFO]: TRAIN epoch: 93 loss: 124.0144, time: 3.20s
[INFO]: TRAIN epoch: 93 loss: 93.8674, time: 3.18s
[INFO]: TRAIN epoch: 93 loss: 116.9898, time: 3.33s
[INFO]: TRAIN epoch: 93 loss: 173.8476, time: 3.14s
[INFO]: TRAIN epoch: 93 loss: 106.9216, time: 3.19s
[INFO]: TRAIN epoch: 93 loss: 94.2818, time: 3.22s
[INFO]: TRAIN epoch: 93 loss: 89.3101, time: 3.21s
[INFO]: TRAIN epoch: 93 loss: 98.1863, time: 3.32s
[INFO]: TRAIN epoch: 93 loss: 92.3619, time: 3.15s
[INFO]: TRAIN epoch: 93 loss: 80.7949, time: 3.16s
[INFO]: TRAIN epoch: 93 loss: 49.1274, time: 3.19s
[INFO]: VALIDATION epoch: 93 loss: 214.6977
[INFO]: VALIDATION epoch: 93 loss: 170.5062
[INFO]: VALIDATION epoch: 93 loss: 175.3080
[INFO]: VALIDATION epoch: 93 loss: 204.7526
[INFO]: VALIDATION epoch: 93 loss: 257.1133
[INFO]: TRAIN epoch: 94 loss: 70.5327, time: 2.96s
[INFO]: TRAIN epoch: 94 loss: 50.3650, time: 3.06s
[INFO]: TRAIN epoch: 94 loss: 51.7764, time: 3.25s
[INFO]: TRAIN epoch: 94 loss: 165.0191, time: 3.12s
[INFO]: TRAIN epoch: 94 loss: 98.9077, time: 3.14s
[INFO]: TRAIN epoch: 94 loss: 85.9987, time: 3.14s
[INFO]: TRAIN epoch: 94 loss: 86.9270, time: 3.16s
[INFO]: TRAIN epoch: 94 loss: 60.1347, time: 3.29s
[INFO]: TRAIN epoch: 94 loss: 47.7252, time: 3.12s
[INFO]: TRAIN epoch: 94 loss: 98.5280, time: 3.12s
[INFO]: TRAIN epoch: 94 loss: 104.1037, time: 3.10s
[INFO]: TRAIN epoch: 94 loss: 103.6870, time: 3.28s
[INFO]: TRAIN epoch: 94 loss: 88.5330, time: 3.12s
[INFO]: TRAIN epoch: 94 loss: 82.7208, time: 3.14s
[INFO]: TRAIN epoch: 94 loss: 41.8360, time: 3.16s
[INFO]: TRAIN epoch: 94 loss: 49.9782, time: 3.13s
[INFO]: TRAIN epoch: 94 loss: 104.2093, time: 3.30s
[INFO]: TRAIN epoch: 94 loss: 96.6200, time: 3.14s
[INFO]: TRAIN epoch: 94 loss: 107.5341, time: 3.16s
[INFO]: TRAIN epoch: 94 loss: 127.9303, time: 3.16s
[INFO]: TRAIN epoch: 94 loss: 136.7726, time: 3.15s
[INFO]: TRAIN epoch: 94 loss: 101.8470, time: 3.26s
[INFO]: TRAIN epoch: 94 loss: 110.6257, time: 3.11s
[INFO]: TRAIN epoch: 94 loss: 93.5553, time: 3.12s
[INFO]: TRAIN epoch: 94 loss: 111.0685, time: 3.19s
[INFO]: TRAIN epoch: 94 loss: 52.9253, time: 3.11s
[INFO]: TRAIN epoch: 94 loss: 57.5957, time: 3.29s
[INFO]: TRAIN epoch: 94 loss: 64.9508, time: 3.11s
[INFO]: TRAIN epoch: 94 loss: 113.9855, time: 3.13s
[INFO]: TRAIN epoch: 94 loss: 45.4071, time: 3.14s
[INFO]: TRAIN epoch: 94 loss: 47.8892, time: 3.12s
[INFO]: TRAIN epoch: 94 loss: 90.4195, time: 3.29s
[INFO]: TRAIN epoch: 94 loss: 90.0938, time: 3.12s
[INFO]: TRAIN epoch: 94 loss: 94.2048, time: 3.17s
[INFO]: TRAIN epoch: 94 loss: 88.7918, time: 3.18s
[INFO]: VALIDATION epoch: 94 loss: 220.4319
[INFO]: VALIDATION epoch: 94 loss: 164.3737
[INFO]: VALIDATION epoch: 94 loss: 164.2276
[INFO]: VALIDATION epoch: 94 loss: 210.2184
[INFO]: VALIDATION epoch: 94 loss: 259.3373
[INFO]: TRAIN epoch: 95 loss: 134.2523, time: 2.98s
[INFO]: TRAIN epoch: 95 loss: 91.2281, time: 3.06s
[INFO]: TRAIN epoch: 95 loss: 90.3261, time: 3.25s
[INFO]: TRAIN epoch: 95 loss: 88.2877, time: 3.13s
[INFO]: TRAIN epoch: 95 loss: 122.8669, time: 3.13s
[INFO]: TRAIN epoch: 95 loss: 101.8525, time: 3.13s
[INFO]: TRAIN epoch: 95 loss: 76.1340, time: 3.15s
[INFO]: TRAIN epoch: 95 loss: 91.8258, time: 3.36s
[INFO]: TRAIN epoch: 95 loss: 62.5999, time: 3.13s
[INFO]: TRAIN epoch: 95 loss: 100.6386, time: 3.14s
[INFO]: TRAIN epoch: 95 loss: 90.1391, time: 3.15s
[INFO]: TRAIN epoch: 95 loss: 103.3980, time: 3.27s
[INFO]: TRAIN epoch: 95 loss: 106.1243, time: 3.16s
[INFO]: TRAIN epoch: 95 loss: 107.5572, time: 3.16s
[INFO]: TRAIN epoch: 95 loss: 57.6285, time: 3.14s
[INFO]: TRAIN epoch: 95 loss: 51.3952, time: 3.19s
[INFO]: TRAIN epoch: 95 loss: 48.0427, time: 3.32s
[INFO]: TRAIN epoch: 95 loss: 91.6155, time: 3.21s
[INFO]: TRAIN epoch: 95 loss: 46.9004, time: 3.16s
[INFO]: TRAIN epoch: 95 loss: 99.4671, time: 3.17s
[INFO]: TRAIN epoch: 95 loss: 52.7965, time: 3.15s
[INFO]: TRAIN epoch: 95 loss: 97.2405, time: 3.30s
[INFO]: TRAIN epoch: 95 loss: 94.2672, time: 3.17s
[INFO]: TRAIN epoch: 95 loss: 87.8845, time: 3.11s
[INFO]: TRAIN epoch: 95 loss: 62.2812, time: 3.14s
[INFO]: TRAIN epoch: 95 loss: 60.9857, time: 3.15s
[INFO]: TRAIN epoch: 95 loss: 164.3928, time: 3.33s
[INFO]: TRAIN epoch: 95 loss: 105.6916, time: 3.16s
[INFO]: TRAIN epoch: 95 loss: 117.6550, time: 3.14s
[INFO]: TRAIN epoch: 95 loss: 39.5333, time: 3.15s
[INFO]: TRAIN epoch: 95 loss: 113.3993, time: 3.16s
[INFO]: TRAIN epoch: 95 loss: 84.7380, time: 3.32s
[INFO]: TRAIN epoch: 95 loss: 46.2832, time: 3.25s
[INFO]: TRAIN epoch: 95 loss: 48.4411, time: 3.13s
[INFO]: TRAIN epoch: 95 loss: 109.0456, time: 3.16s
[INFO]: VALIDATION epoch: 95 loss: 214.2505
[INFO]: VALIDATION epoch: 95 loss: 170.3821
[INFO]: VALIDATION epoch: 95 loss: 186.7617
[INFO]: VALIDATION epoch: 95 loss: 210.6607
[INFO]: VALIDATION epoch: 95 loss: 262.8400
[INFO]: TRAIN epoch: 96 loss: 47.5546, time: 2.97s
[INFO]: TRAIN epoch: 96 loss: 95.6002, time: 3.07s
[INFO]: TRAIN epoch: 96 loss: 87.0481, time: 3.26s
[INFO]: TRAIN epoch: 96 loss: 94.2398, time: 3.14s
[INFO]: TRAIN epoch: 96 loss: 131.7077, time: 3.12s
[INFO]: TRAIN epoch: 96 loss: 78.8478, time: 3.15s
[INFO]: TRAIN epoch: 96 loss: 53.0612, time: 3.15s
[INFO]: TRAIN epoch: 96 loss: 103.7103, time: 3.32s
[INFO]: TRAIN epoch: 96 loss: 48.1742, time: 3.15s
[INFO]: TRAIN epoch: 96 loss: 102.1948, time: 3.11s
[INFO]: TRAIN epoch: 96 loss: 87.8171, time: 3.17s
[INFO]: TRAIN epoch: 96 loss: 60.2069, time: 3.28s
[INFO]: TRAIN epoch: 96 loss: 50.9854, time: 3.12s
[INFO]: TRAIN epoch: 96 loss: 107.0802, time: 3.15s
[INFO]: TRAIN epoch: 96 loss: 97.6342, time: 3.14s
[INFO]: TRAIN epoch: 96 loss: 65.1668, time: 3.13s
[INFO]: TRAIN epoch: 96 loss: 82.6356, time: 3.30s
[INFO]: TRAIN epoch: 96 loss: 44.8391, time: 3.14s
[INFO]: TRAIN epoch: 96 loss: 105.1239, time: 3.14s
[INFO]: TRAIN epoch: 96 loss: 88.7679, time: 3.15s
[INFO]: TRAIN epoch: 96 loss: 125.6586, time: 3.13s
[INFO]: TRAIN epoch: 96 loss: 166.9690, time: 3.30s
[INFO]: TRAIN epoch: 96 loss: 103.6601, time: 3.16s
[INFO]: TRAIN epoch: 96 loss: 96.6656, time: 3.15s
[INFO]: TRAIN epoch: 96 loss: 46.2973, time: 3.18s
[INFO]: TRAIN epoch: 96 loss: 117.8077, time: 3.17s
[INFO]: TRAIN epoch: 96 loss: 96.8990, time: 3.28s
[INFO]: TRAIN epoch: 96 loss: 105.8864, time: 3.10s
[INFO]: TRAIN epoch: 96 loss: 50.4070, time: 3.16s
[INFO]: TRAIN epoch: 96 loss: 54.9932, time: 3.15s
[INFO]: TRAIN epoch: 96 loss: 57.4313, time: 3.13s
[INFO]: TRAIN epoch: 96 loss: 94.4335, time: 3.31s
[INFO]: TRAIN epoch: 96 loss: 91.7755, time: 3.16s
[INFO]: TRAIN epoch: 96 loss: 89.5460, time: 3.15s
[INFO]: TRAIN epoch: 96 loss: 104.2422, time: 3.14s
[INFO]: VALIDATION epoch: 96 loss: 227.2590
[INFO]: VALIDATION epoch: 96 loss: 165.3590
[INFO]: VALIDATION epoch: 96 loss: 180.5983
[INFO]: VALIDATION epoch: 96 loss: 209.3568
[INFO]: VALIDATION epoch: 96 loss: 259.0666
[INFO]: TRAIN epoch: 97 loss: 82.8272, time: 2.97s
[INFO]: TRAIN epoch: 97 loss: 106.2001, time: 3.07s
[INFO]: TRAIN epoch: 97 loss: 81.3985, time: 3.25s
[INFO]: TRAIN epoch: 97 loss: 90.8108, time: 3.14s
[INFO]: TRAIN epoch: 97 loss: 51.4419, time: 3.12s
[INFO]: TRAIN epoch: 97 loss: 86.9127, time: 3.16s
[INFO]: TRAIN epoch: 97 loss: 97.5638, time: 3.14s
[INFO]: TRAIN epoch: 97 loss: 62.0740, time: 3.27s
[INFO]: TRAIN epoch: 97 loss: 137.5051, time: 3.17s
[INFO]: TRAIN epoch: 97 loss: 74.0432, time: 3.14s
[INFO]: TRAIN epoch: 97 loss: 50.7032, time: 3.16s
[INFO]: TRAIN epoch: 97 loss: 96.9994, time: 3.32s
[INFO]: TRAIN epoch: 97 loss: 50.9570, time: 3.16s
[INFO]: TRAIN epoch: 97 loss: 59.5196, time: 3.17s
[INFO]: TRAIN epoch: 97 loss: 97.2150, time: 3.21s
[INFO]: TRAIN epoch: 97 loss: 104.6267, time: 3.20s
[INFO]: TRAIN epoch: 97 loss: 90.2894, time: 3.34s
[INFO]: TRAIN epoch: 97 loss: 55.3486, time: 3.15s
[INFO]: TRAIN epoch: 97 loss: 90.6824, time: 3.16s
[INFO]: TRAIN epoch: 97 loss: 102.0269, time: 3.22s
[INFO]: TRAIN epoch: 97 loss: 40.1604, time: 3.19s
[INFO]: TRAIN epoch: 97 loss: 41.0665, time: 3.34s
[INFO]: TRAIN epoch: 97 loss: 125.6180, time: 3.17s
[INFO]: TRAIN epoch: 97 loss: 87.8351, time: 3.15s
[INFO]: TRAIN epoch: 97 loss: 55.5653, time: 3.16s
[INFO]: TRAIN epoch: 97 loss: 88.9480, time: 3.15s
[INFO]: TRAIN epoch: 97 loss: 114.0509, time: 3.30s
[INFO]: TRAIN epoch: 97 loss: 104.6419, time: 3.13s
[INFO]: TRAIN epoch: 97 loss: 98.3433, time: 3.14s
[INFO]: TRAIN epoch: 97 loss: 102.6074, time: 3.14s
[INFO]: TRAIN epoch: 97 loss: 113.4077, time: 3.15s
[INFO]: TRAIN epoch: 97 loss: 160.5250, time: 3.31s
[INFO]: TRAIN epoch: 97 loss: 90.2573, time: 3.17s
[INFO]: TRAIN epoch: 97 loss: 53.1709, time: 3.17s
[INFO]: TRAIN epoch: 97 loss: 49.2791, time: 3.19s
[INFO]: VALIDATION epoch: 97 loss: 220.0911
[INFO]: VALIDATION epoch: 97 loss: 168.0707
[INFO]: VALIDATION epoch: 97 loss: 163.7857
[INFO]: VALIDATION epoch: 97 loss: 188.8706
[INFO]: VALIDATION epoch: 97 loss: 264.4375
[INFO]: TRAIN epoch: 98 loss: 90.5657, time: 2.98s
[INFO]: TRAIN epoch: 98 loss: 106.1402, time: 3.04s
[INFO]: TRAIN epoch: 98 loss: 93.0587, time: 3.23s
[INFO]: TRAIN epoch: 98 loss: 105.7998, time: 3.11s
[INFO]: TRAIN epoch: 98 loss: 84.0656, time: 3.10s
[INFO]: TRAIN epoch: 98 loss: 50.8168, time: 3.14s
[INFO]: TRAIN epoch: 98 loss: 96.5713, time: 3.12s
[INFO]: TRAIN epoch: 98 loss: 57.1796, time: 3.27s
[INFO]: TRAIN epoch: 98 loss: 89.7714, time: 3.13s
[INFO]: TRAIN epoch: 98 loss: 42.8496, time: 3.12s
[INFO]: TRAIN epoch: 98 loss: 93.2200, time: 3.13s
[INFO]: TRAIN epoch: 98 loss: 133.5811, time: 3.29s
[INFO]: TRAIN epoch: 98 loss: 91.6181, time: 3.15s
[INFO]: TRAIN epoch: 98 loss: 86.0983, time: 3.14s
[INFO]: TRAIN epoch: 98 loss: 56.4505, time: 3.14s
[INFO]: TRAIN epoch: 98 loss: 52.2113, time: 3.16s
[INFO]: TRAIN epoch: 98 loss: 56.4562, time: 3.30s
[INFO]: TRAIN epoch: 98 loss: 68.7597, time: 3.14s
[INFO]: TRAIN epoch: 98 loss: 107.5343, time: 3.16s
[INFO]: TRAIN epoch: 98 loss: 107.0223, time: 3.12s
[INFO]: TRAIN epoch: 98 loss: 87.0203, time: 3.15s
[INFO]: TRAIN epoch: 98 loss: 114.8835, time: 3.30s
[INFO]: TRAIN epoch: 98 loss: 50.6425, time: 3.15s
[INFO]: TRAIN epoch: 98 loss: 52.8366, time: 3.17s
[INFO]: TRAIN epoch: 98 loss: 77.9066, time: 3.15s
[INFO]: TRAIN epoch: 98 loss: 105.1913, time: 3.15s
[INFO]: TRAIN epoch: 98 loss: 111.7821, time: 3.31s
[INFO]: TRAIN epoch: 98 loss: 82.0074, time: 3.15s
[INFO]: TRAIN epoch: 98 loss: 86.7661, time: 3.15s
[INFO]: TRAIN epoch: 98 loss: 104.1524, time: 3.16s
[INFO]: TRAIN epoch: 98 loss: 161.5787, time: 3.15s
[INFO]: TRAIN epoch: 98 loss: 124.6073, time: 3.32s
[INFO]: TRAIN epoch: 98 loss: 43.2734, time: 3.16s
[INFO]: TRAIN epoch: 98 loss: 51.7495, time: 3.15s
[INFO]: TRAIN epoch: 98 loss: 93.8904, time: 3.17s
[INFO]: VALIDATION epoch: 98 loss: 220.7763
[INFO]: VALIDATION epoch: 98 loss: 158.3696
[INFO]: VALIDATION epoch: 98 loss: 157.9283
[INFO]: VALIDATION epoch: 98 loss: 201.2709
[INFO]: VALIDATION epoch: 98 loss: 261.0689
[INFO]: TRAIN epoch: 99 loss: 83.4663, time: 2.98s
[INFO]: TRAIN epoch: 99 loss: 51.2313, time: 3.03s
[INFO]: TRAIN epoch: 99 loss: 107.9793, time: 3.24s
[INFO]: TRAIN epoch: 99 loss: 37.5114, time: 3.13s
[INFO]: TRAIN epoch: 99 loss: 130.1597, time: 3.13s
[INFO]: TRAIN epoch: 99 loss: 88.4245, time: 3.16s
[INFO]: TRAIN epoch: 99 loss: 94.3215, time: 3.13s
[INFO]: TRAIN epoch: 99 loss: 106.0161, time: 3.32s
[INFO]: TRAIN epoch: 99 loss: 48.8749, time: 3.14s
[INFO]: TRAIN epoch: 99 loss: 101.9803, time: 3.15s
[INFO]: TRAIN epoch: 99 loss: 86.8259, time: 3.15s
[INFO]: TRAIN epoch: 99 loss: 48.5092, time: 3.32s
[INFO]: TRAIN epoch: 99 loss: 98.6013, time: 3.13s
[INFO]: TRAIN epoch: 99 loss: 64.6014, time: 3.13s
[INFO]: TRAIN epoch: 99 loss: 88.7729, time: 3.14s
[INFO]: TRAIN epoch: 99 loss: 119.0274, time: 3.15s
[INFO]: TRAIN epoch: 99 loss: 80.3540, time: 3.31s
[INFO]: TRAIN epoch: 99 loss: 97.0106, time: 3.16s
[INFO]: TRAIN epoch: 99 loss: 60.5609, time: 3.14s
[INFO]: TRAIN epoch: 99 loss: 71.9574, time: 3.15s
[INFO]: TRAIN epoch: 99 loss: 94.3135, time: 3.13s
[INFO]: TRAIN epoch: 99 loss: 65.9433, time: 3.30s
[INFO]: TRAIN epoch: 99 loss: 50.9945, time: 3.16s
[INFO]: TRAIN epoch: 99 loss: 112.6757, time: 3.14s
[INFO]: TRAIN epoch: 99 loss: 93.8338, time: 3.15s
[INFO]: TRAIN epoch: 99 loss: 98.8904, time: 3.13s
[INFO]: TRAIN epoch: 99 loss: 49.7512, time: 3.32s
[INFO]: TRAIN epoch: 99 loss: 104.2423, time: 3.13s
[INFO]: TRAIN epoch: 99 loss: 93.1896, time: 3.14s
[INFO]: TRAIN epoch: 99 loss: 106.8670, time: 3.12s
[INFO]: TRAIN epoch: 99 loss: 94.1512, time: 3.20s
[INFO]: TRAIN epoch: 99 loss: 162.7413, time: 3.32s
[INFO]: TRAIN epoch: 99 loss: 47.4954, time: 3.18s
[INFO]: TRAIN epoch: 99 loss: 44.4907, time: 3.15s
[INFO]: TRAIN epoch: 99 loss: 98.4059, time: 3.14s
[INFO]: VALIDATION epoch: 99 loss: 208.7352
[INFO]: VALIDATION epoch: 99 loss: 167.3989
[INFO]: VALIDATION epoch: 99 loss: 178.8715
[INFO]: VALIDATION epoch: 99 loss: 208.3847
[INFO]: VALIDATION epoch: 99 loss: 265.8087
[INFO]: training finished
[DEBUG]: close.started
[DEBUG]: close.complete
